Year,SeriesCode,GeoAreaName,Value
2000,GC_BAL_CASH_GD_ZS,Poland,-5.25343
2001,GC_BAL_CASH_GD_ZS,Poland,-6.33282
2002,GC_BAL_CASH_GD_ZS,Poland,-6.14382
2003,GC_BAL_CASH_GD_ZS,Poland,-7.3007
2004,GC_BAL_CASH_GD_ZS,Poland,-6.73225
2005,GC_BAL_CASH_GD_ZS,Poland,-5.3603
2006,GC_BAL_CASH_GD_ZS,Poland,-4.77114
2007,GC_BAL_CASH_GD_ZS,Poland,-3.31307
2008,GC_BAL_CASH_GD_ZS,Poland,-4.79336
2009,GC_BAL_CASH_GD_ZS,Poland,-7.55504
2010,GC_BAL_CASH_GD_ZS,Poland,-7.56375
2011,GC_BAL_CASH_GD_ZS,Poland,-5.48331
2012,GC_BAL_CASH_GD_ZS,Poland,-4.82843
2013,GC_BAL_CASH_GD_ZS,Poland,-5.43854
2014,GC_BAL_CASH_GD_ZS,Poland,-4.83036
2015,GC_BAL_CASH_GD_ZS,Poland,-3.92754
2016,GC_BAL_CASH_GD_ZS,Poland,-4.05686
2017,GC_BAL_CASH_GD_ZS,Poland,-2.92754
2018,GC_BAL_CASH_GD_ZS,Poland,-1.26061
2019,GC_BAL_CASH_GD_ZS,Poland,-1.90108
2020,GC_BAL_CASH_GD_ZS,Poland,-8.64698
2000,GC_BAL_CASH_GD_ZS,Portugal,-4.18421
2016,GC_BAL_CASH_GD_ZS,Canada,-0.06532
2017,GC_BAL_CASH_GD_ZS,Canada,-0.01149
2018,GC_BAL_CASH_GD_ZS,Canada,0.43692
2019,GC_BAL_CASH_GD_ZS,Canada,-0.19764
2020,GC_BAL_CASH_GD_ZS,Canada,-10.80048
2000,GC_BAL_CASH_GD_ZS,Chile,-1.4686
2001,GC_BAL_CASH_GD_ZS,Chile,-1.34253
2002,GC_BAL_CASH_GD_ZS,Chile,-2.00211
2003,GC_BAL_CASH_GD_ZS,Chile,-1.21719
2004,GC_BAL_CASH_GD_ZS,Chile,1.33356
2005,GC_BAL_CASH_GD_ZS,Chile,3.72583
2001,GC_BAL_CASH_GD_ZS,Portugal,-5.75593
2002,GC_BAL_CASH_GD_ZS,Portugal,-4.25382
2003,GC_BAL_CASH_GD_ZS,Portugal,-6.59372
2004,GC_BAL_CASH_GD_ZS,Portugal,-7.27358
2005,GC_BAL_CASH_GD_ZS,Portugal,-7.2414
2006,GC_BAL_CASH_GD_ZS,Portugal,-5.54457
2007,GC_BAL_CASH_GD_ZS,Portugal,-4.11331
2008,GC_BAL_CASH_GD_ZS,Portugal,-4.67078
2009,GC_BAL_CASH_GD_ZS,Portugal,-10.71995
2010,GC_BAL_CASH_GD_ZS,Portugal,-12.1342
2011,GC_BAL_CASH_GD_ZS,Portugal,-9.22279
2006,GC_BAL_CASH_GD_ZS,Chile,6.71263
2007,GC_BAL_CASH_GD_ZS,Chile,7.71758
2008,GC_BAL_CASH_GD_ZS,Chile,3.82049
2009,GC_BAL_CASH_GD_ZS,Chile,-4.93718
2010,GC_BAL_CASH_GD_ZS,Chile,-1.17452
2011,GC_BAL_CASH_GD_ZS,Chile,0.54398
2012,GC_BAL_CASH_GD_ZS,Chile,-0.18306
2013,GC_BAL_CASH_GD_ZS,Chile,-1.39176
2014,GC_BAL_CASH_GD_ZS,Chile,-2.32366
2015,GC_BAL_CASH_GD_ZS,Chile,-2.9078
2016,GC_BAL_CASH_GD_ZS,Chile,-3.49666
2012,GC_BAL_CASH_GD_ZS,Portugal,-8.44111
2013,GC_BAL_CASH_GD_ZS,Portugal,-6.95305
2014,GC_BAL_CASH_GD_ZS,Portugal,-9.37176
2015,GC_BAL_CASH_GD_ZS,Portugal,-6.47967
2016,GC_BAL_CASH_GD_ZS,Portugal,-3.92147
2017,GC_BAL_CASH_GD_ZS,Portugal,-4.58812
2018,GC_BAL_CASH_GD_ZS,Portugal,-2.03711
2019,GC_BAL_CASH_GD_ZS,Portugal,-1.57847
2020,GC_BAL_CASH_GD_ZS,Portugal,-7.25288
2000,GC_BAL_CASH_GD_ZS,Romania,-5.6486
2001,GC_BAL_CASH_GD_ZS,Romania,-4.85087
2017,GC_BAL_CASH_GD_ZS,Chile,-3.30561
2018,GC_BAL_CASH_GD_ZS,Chile,-2.47985
2019,GC_BAL_CASH_GD_ZS,Chile,-3.49053
2020,GC_BAL_CASH_GD_ZS,Chile,-8.07744
2000,GC_BAL_CASH_GD_ZS,Colombia,-3.1223
2003,GC_BAL_CASH_GD_ZS,Colombia,-5.13725
2008,GC_BAL_CASH_GD_ZS,Colombia,-5.84843
2009,GC_BAL_CASH_GD_ZS,Colombia,-7.30955
2010,GC_BAL_CASH_GD_ZS,Colombia,-4.68932
2011,GC_BAL_CASH_GD_ZS,Colombia,-1.33247
2012,GC_BAL_CASH_GD_ZS,Colombia,2.50769
2002,GC_BAL_CASH_GD_ZS,Albania,-6.81204
2003,GC_BAL_CASH_GD_ZS,Albania,-2.90444
2004,GC_BAL_CASH_GD_ZS,Albania,-3.09972
2011,GC_BAL_CASH_GD_ZS,Albania,-3.90093
2012,GC_BAL_CASH_GD_ZS,Albania,-3.90691
2013,GC_BAL_CASH_GD_ZS,Albania,-5.3258
2014,GC_BAL_CASH_GD_ZS,Albania,-3.14403
2015,GC_BAL_CASH_GD_ZS,Albania,-3.02836
2016,GC_BAL_CASH_GD_ZS,Albania,-2.53086
2017,GC_BAL_CASH_GD_ZS,Albania,-1.46665
2018,GC_BAL_CASH_GD_ZS,Albania,-1.2697
2019,GC_BAL_CASH_GD_ZS,Albania,-1.43589
2020,GC_BAL_CASH_GD_ZS,Albania,-6.08566
2008,GC_BAL_CASH_GD_ZS,Azerbaijan,19.56639
2009,GC_BAL_CASH_GD_ZS,Azerbaijan,7.57047
2010,GC_BAL_CASH_GD_ZS,Azerbaijan,15.44637
2011,GC_BAL_CASH_GD_ZS,Azerbaijan,12.85627
2012,GC_BAL_CASH_GD_ZS,Azerbaijan,5.97274
2013,GC_BAL_CASH_GD_ZS,Azerbaijan,4.87745
2014,GC_BAL_CASH_GD_ZS,Azerbaijan,4.62279
2015,GC_BAL_CASH_GD_ZS,Azerbaijan,-2.72361
2016,GC_BAL_CASH_GD_ZS,Azerbaijan,2.47594
2002,GC_BAL_CASH_GD_ZS,Romania,-3.0749
2003,GC_BAL_CASH_GD_ZS,Romania,-3.1947
2004,GC_BAL_CASH_GD_ZS,Romania,-2.23705
2005,GC_BAL_CASH_GD_ZS,Romania,-2.20988
2006,GC_BAL_CASH_GD_ZS,Romania,-3.38132
2007,GC_BAL_CASH_GD_ZS,Romania,-3.57671
2008,GC_BAL_CASH_GD_ZS,Romania,-5.413
2009,GC_BAL_CASH_GD_ZS,Romania,-9.54629
2010,GC_BAL_CASH_GD_ZS,Romania,-8.00107
2011,GC_BAL_CASH_GD_ZS,Romania,-5.9356
2012,GC_BAL_CASH_GD_ZS,Romania,-4.24254
2017,GC_BAL_CASH_GD_ZS,Azerbaijan,1.86549
2018,GC_BAL_CASH_GD_ZS,Azerbaijan,9.50777
2019,GC_BAL_CASH_GD_ZS,Azerbaijan,6.10462
2000,GC_BAL_CASH_GD_ZS,Australia,1.69461
2001,GC_BAL_CASH_GD_ZS,Australia,0.33569
2002,GC_BAL_CASH_GD_ZS,Australia,-1.00829
2003,GC_BAL_CASH_GD_ZS,Australia,0.2585
2004,GC_BAL_CASH_GD_ZS,Australia,0.3446
2005,GC_BAL_CASH_GD_ZS,Australia,0.77066
2006,GC_BAL_CASH_GD_ZS,Australia,1.25908
2007,GC_BAL_CASH_GD_ZS,Australia,1.18149
2008,GC_BAL_CASH_GD_ZS,Australia,1.48005
2009,GC_BAL_CASH_GD_ZS,Australia,-2.89353
2010,GC_BAL_CASH_GD_ZS,Australia,-4.48614
2011,GC_BAL_CASH_GD_ZS,Australia,-4.22391
2012,GC_BAL_CASH_GD_ZS,Australia,-3.57231
2013,GC_BAL_CASH_GD_ZS,Australia,-1.9547
2014,GC_BAL_CASH_GD_ZS,Australia,-2.69249
2015,GC_BAL_CASH_GD_ZS,Australia,-3.12782
2016,GC_BAL_CASH_GD_ZS,Australia,-2.90111
2017,GC_BAL_CASH_GD_ZS,Australia,-2.33485
2018,GC_BAL_CASH_GD_ZS,Australia,-1.08193
2013,GC_BAL_CASH_GD_ZS,Romania,-3.29994
2014,GC_BAL_CASH_GD_ZS,Romania,-2.84191
2015,GC_BAL_CASH_GD_ZS,Romania,-2.5554
2016,GC_BAL_CASH_GD_ZS,Romania,-4.11072
2017,GC_BAL_CASH_GD_ZS,Romania,-4.04895
2018,GC_BAL_CASH_GD_ZS,Romania,-4.0613
2019,GC_BAL_CASH_GD_ZS,Romania,-5.36865
2020,GC_BAL_CASH_GD_ZS,Romania,-10.06845
2007,GC_BAL_CASH_GD_ZS,Serbia,-0.8406
2008,GC_BAL_CASH_GD_ZS,Serbia,-1.58189
2009,GC_BAL_CASH_GD_ZS,Serbia,-2.47902
2013,GC_BAL_CASH_GD_ZS,Colombia,-5.85528
2014,GC_BAL_CASH_GD_ZS,Colombia,-4.572
2015,GC_BAL_CASH_GD_ZS,Colombia,-1.78663
2016,GC_BAL_CASH_GD_ZS,Colombia,-3.4802
2017,GC_BAL_CASH_GD_ZS,Colombia,-2.37811
2018,GC_BAL_CASH_GD_ZS,Colombia,-2.97609
2019,GC_BAL_CASH_GD_ZS,Colombia,-2.61267
2020,GC_BAL_CASH_GD_ZS,Colombia,-8.55808
2000,GC_BAL_CASH_GD_ZS,Costa Rica,-1.39657
2001,GC_BAL_CASH_GD_ZS,Costa Rica,-1.24456
2002,GC_BAL_CASH_GD_ZS,Costa Rica,-3.46068
2003,GC_BAL_CASH_GD_ZS,Costa Rica,-1.62078
2004,GC_BAL_CASH_GD_ZS,Costa Rica,-1.3255
2005,GC_BAL_CASH_GD_ZS,Costa Rica,-0.79175
2006,GC_BAL_CASH_GD_ZS,Costa Rica,1.13643
2007,GC_BAL_CASH_GD_ZS,Costa Rica,1.69924
2008,GC_BAL_CASH_GD_ZS,Costa Rica,-0.75993
2009,GC_BAL_CASH_GD_ZS,Costa Rica,-3.2109
2010,GC_BAL_CASH_GD_ZS,Costa Rica,-4.17393
2011,GC_BAL_CASH_GD_ZS,Costa Rica,-3.35298
2012,GC_BAL_CASH_GD_ZS,Costa Rica,-3.87398
2013,GC_BAL_CASH_GD_ZS,Costa Rica,-4.34932
2014,GC_BAL_CASH_GD_ZS,Costa Rica,-5.67142
2015,GC_BAL_CASH_GD_ZS,Costa Rica,-4.28412
2016,GC_BAL_CASH_GD_ZS,Costa Rica,-2.1555
2017,GC_BAL_CASH_GD_ZS,Costa Rica,-2.07312
2018,GC_BAL_CASH_GD_ZS,Costa Rica,-3.3351
2019,GC_BAL_CASH_GD_ZS,Costa Rica,-4.03473
2020,GC_BAL_CASH_GD_ZS,Costa Rica,-7.68989
2001,GC_BAL_CASH_GD_ZS,Croatia,-4.95579
2002,GC_BAL_CASH_GD_ZS,Croatia,-5.58985
2003,GC_BAL_CASH_GD_ZS,Croatia,-6.55629
2004,GC_BAL_CASH_GD_ZS,Croatia,-7.07392
2005,GC_BAL_CASH_GD_ZS,Croatia,-5.63347
2006,GC_BAL_CASH_GD_ZS,Croatia,-5.26155
2007,GC_BAL_CASH_GD_ZS,Croatia,-4.51153
2008,GC_BAL_CASH_GD_ZS,Croatia,-5.11716
2009,GC_BAL_CASH_GD_ZS,Croatia,-8.08596
2010,GC_BAL_CASH_GD_ZS,Croatia,-8.93795
2011,GC_BAL_CASH_GD_ZS,Croatia,-10.21914
2012,GC_BAL_CASH_GD_ZS,Croatia,-7.96707
2013,GC_BAL_CASH_GD_ZS,Croatia,-7.98138
2014,GC_BAL_CASH_GD_ZS,Croatia,-7.9868
2015,GC_BAL_CASH_GD_ZS,Croatia,-6.10437
2016,GC_BAL_CASH_GD_ZS,Croatia,-3.38444
2017,GC_BAL_CASH_GD_ZS,Croatia,-1.62818
2018,GC_BAL_CASH_GD_ZS,Croatia,-1.99734
2019,GC_BAL_CASH_GD_ZS,Croatia,-1.55915
2020,GC_BAL_CASH_GD_ZS,Croatia,-8.90504
2000,GC_BAL_CASH_GD_ZS,Cyprus,-5.78458
2001,GC_BAL_CASH_GD_ZS,Cyprus,-5.29481
2002,GC_BAL_CASH_GD_ZS,Cyprus,-8.87745
2003,GC_BAL_CASH_GD_ZS,Cyprus,-12.07766
2004,GC_BAL_CASH_GD_ZS,Cyprus,-8.77702
2005,GC_BAL_CASH_GD_ZS,Cyprus,-6.24776
2006,GC_BAL_CASH_GD_ZS,Cyprus,-4.40071
2007,GC_BAL_CASH_GD_ZS,Cyprus,2.8022
2008,GC_BAL_CASH_GD_ZS,Cyprus,-1.52079
2009,GC_BAL_CASH_GD_ZS,Cyprus,-6.88228
2010,GC_BAL_CASH_GD_ZS,Cyprus,-6.63682
2011,GC_BAL_CASH_GD_ZS,Cyprus,-7.81042
2012,GC_BAL_CASH_GD_ZS,Cyprus,-8.07987
2013,GC_BAL_CASH_GD_ZS,Cyprus,-8.05084
2014,GC_BAL_CASH_GD_ZS,Cyprus,-11.14982
2015,GC_BAL_CASH_GD_ZS,Cyprus,-3.15332
2016,GC_BAL_CASH_GD_ZS,Cyprus,-1.88333
2017,GC_BAL_CASH_GD_ZS,Cyprus,-0.27447
2018,GC_BAL_CASH_GD_ZS,Cyprus,-6.52453
2019,GC_BAL_CASH_GD_ZS,Cyprus,-0.69074
2020,GC_BAL_CASH_GD_ZS,Cyprus,-7.68992
2000,GC_BAL_CASH_GD_ZS,Czechia,-5.38376
2001,GC_BAL_CASH_GD_ZS,Czechia,-7.64751
2002,GC_BAL_CASH_GD_ZS,Czechia,-7.92369
2003,GC_BAL_CASH_GD_ZS,Czechia,-8.64272
2004,GC_BAL_CASH_GD_ZS,Czechia,-4.45608
2005,GC_BAL_CASH_GD_ZS,Czechia,-5.0273
2006,GC_BAL_CASH_GD_ZS,Czechia,-3.86167
2019,GC_BAL_CASH_GD_ZS,Australia,-0.65036
2020,GC_BAL_CASH_GD_ZS,Australia,-5.53491
2000,GC_BAL_CASH_GD_ZS,Austria,-3.42757
2001,GC_BAL_CASH_GD_ZS,Austria,-2.03599
2002,GC_BAL_CASH_GD_ZS,Austria,-2.35293
2003,GC_BAL_CASH_GD_ZS,Austria,-2.79153
2004,GC_BAL_CASH_GD_ZS,Austria,-5.6698
2005,GC_BAL_CASH_GD_ZS,Austria,-3.76144
2006,GC_BAL_CASH_GD_ZS,Austria,-3.4796
2007,GC_BAL_CASH_GD_ZS,Austria,-2.50377
2008,GC_BAL_CASH_GD_ZS,Austria,-2.62027
2010,GC_BAL_CASH_GD_ZS,Serbia,-3.55061
2011,GC_BAL_CASH_GD_ZS,Serbia,-3.93193
2012,GC_BAL_CASH_GD_ZS,Serbia,-5.72861
2013,GC_BAL_CASH_GD_ZS,Serbia,-4.3722
2014,GC_BAL_CASH_GD_ZS,Serbia,-4.65246
2015,GC_BAL_CASH_GD_ZS,Serbia,-2.89876
2016,GC_BAL_CASH_GD_ZS,Serbia,-0.91555
2017,GC_BAL_CASH_GD_ZS,Serbia,0.79595
2018,GC_BAL_CASH_GD_ZS,Serbia,0.63994
2019,GC_BAL_CASH_GD_ZS,Serbia,0.20425
2020,GC_BAL_CASH_GD_ZS,Serbia,-7.35762
2007,GC_BAL_CASH_GD_ZS,Czechia,-2.90926
2008,GC_BAL_CASH_GD_ZS,Czechia,-3.79328
2009,GC_BAL_CASH_GD_ZS,Czechia,-6.95917
2010,GC_BAL_CASH_GD_ZS,Czechia,-5.95614
2011,GC_BAL_CASH_GD_ZS,Czechia,-4.57472
2012,GC_BAL_CASH_GD_ZS,Czechia,-6.01556
2013,GC_BAL_CASH_GD_ZS,Czechia,-3.73536
2014,GC_BAL_CASH_GD_ZS,Czechia,-4.35208
2015,GC_BAL_CASH_GD_ZS,Czechia,-3.25193
2016,GC_BAL_CASH_GD_ZS,Czechia,-2.32341
2017,GC_BAL_CASH_GD_ZS,Czechia,-1.22634
2018,GC_BAL_CASH_GD_ZS,Czechia,-1.39091
2019,GC_BAL_CASH_GD_ZS,Czechia,-2.19087
2020,GC_BAL_CASH_GD_ZS,Czechia,-8.01355
2000,GC_BAL_CASH_GD_ZS,Denmark,0.14093
2001,GC_BAL_CASH_GD_ZS,Denmark,-0.45008
2002,GC_BAL_CASH_GD_ZS,Denmark,-1.20388
2003,GC_BAL_CASH_GD_ZS,Denmark,-1.6973
2004,GC_BAL_CASH_GD_ZS,Denmark,0.27264
2005,GC_BAL_CASH_GD_ZS,Denmark,3.9013
2006,GC_BAL_CASH_GD_ZS,Denmark,4.10929
2007,GC_BAL_CASH_GD_ZS,Denmark,3.36361
2008,GC_BAL_CASH_GD_ZS,Denmark,1.70516
2009,GC_BAL_CASH_GD_ZS,Denmark,-3.93539
2010,GC_BAL_CASH_GD_ZS,Denmark,-4.19454
2011,GC_BAL_CASH_GD_ZS,Denmark,-3.59222
2012,GC_BAL_CASH_GD_ZS,Denmark,-4.9468
2013,GC_BAL_CASH_GD_ZS,Denmark,-2.84571
2014,GC_BAL_CASH_GD_ZS,Denmark,-0.43803
2015,GC_BAL_CASH_GD_ZS,Denmark,-2.97168
2016,GC_BAL_CASH_GD_ZS,Denmark,-1.88888
2017,GC_BAL_CASH_GD_ZS,Denmark,0.19107
2018,GC_BAL_CASH_GD_ZS,Denmark,-0.61119
2019,GC_BAL_CASH_GD_ZS,Denmark,2.50386
2020,GC_BAL_CASH_GD_ZS,Denmark,-1.76835
2000,GC_BAL_CASH_GD_ZS,Estonia,-1.50598
2001,GC_BAL_CASH_GD_ZS,Estonia,-0.98077
2002,GC_BAL_CASH_GD_ZS,Estonia,-0.62536
2003,GC_BAL_CASH_GD_ZS,Estonia,0.56508
2004,GC_BAL_CASH_GD_ZS,Estonia,1.50318
2005,GC_BAL_CASH_GD_ZS,Estonia,-0.06736
2006,GC_BAL_CASH_GD_ZS,Estonia,1.5554
2007,GC_BAL_CASH_GD_ZS,Estonia,1.66295
2008,GC_BAL_CASH_GD_ZS,Estonia,-3.75241
2009,GC_BAL_CASH_GD_ZS,Estonia,-3.88465
2010,GC_BAL_CASH_GD_ZS,Estonia,-2.23126
2011,GC_BAL_CASH_GD_ZS,Estonia,-1.2057
2012,GC_BAL_CASH_GD_ZS,Estonia,-2.27757
2013,GC_BAL_CASH_GD_ZS,Estonia,-1.51471
2014,GC_BAL_CASH_GD_ZS,Estonia,-1.51056
2015,GC_BAL_CASH_GD_ZS,Estonia,-2.51338
2016,GC_BAL_CASH_GD_ZS,Estonia,-2.84974
2017,GC_BAL_CASH_GD_ZS,Estonia,-2.48397
2018,GC_BAL_CASH_GD_ZS,Estonia,-2.9955
2019,GC_BAL_CASH_GD_ZS,Estonia,-1.98484
2000,GC_BAL_CASH_GD_ZS,Slovakia,-17.44189
2001,GC_BAL_CASH_GD_ZS,Slovakia,-11.3224
2002,GC_BAL_CASH_GD_ZS,Slovakia,-12.4274
2003,GC_BAL_CASH_GD_ZS,Slovakia,-7.06327
2004,GC_BAL_CASH_GD_ZS,Slovakia,-5.97664
2005,GC_BAL_CASH_GD_ZS,Slovakia,-5.96587
2006,GC_BAL_CASH_GD_ZS,Slovakia,-6.05214
2007,GC_BAL_CASH_GD_ZS,Slovakia,-4.42048
2008,GC_BAL_CASH_GD_ZS,Slovakia,-4.78491
2009,GC_BAL_CASH_GD_ZS,Slovakia,-9.99215
2010,GC_BAL_CASH_GD_ZS,Slovakia,-8.90633
2020,GC_BAL_CASH_GD_ZS,Estonia,-7.7414
2000,GC_BAL_CASH_GD_ZS,Finland,4.93446
2001,GC_BAL_CASH_GD_ZS,Finland,3.71919
2002,GC_BAL_CASH_GD_ZS,Finland,2.77127
2003,GC_BAL_CASH_GD_ZS,Finland,1.45932
2004,GC_BAL_CASH_GD_ZS,Finland,1.38004
2005,GC_BAL_CASH_GD_ZS,Finland,1.74079
2006,GC_BAL_CASH_GD_ZS,Finland,2.67134
2007,GC_BAL_CASH_GD_ZS,Finland,3.71686
2008,GC_BAL_CASH_GD_ZS,Finland,2.954
2009,GC_BAL_CASH_GD_ZS,Finland,-3.61346
2010,GC_BAL_CASH_GD_ZS,Finland,-4.04925
2011,GC_BAL_CASH_GD_ZS,Finland,-2.2662
2012,GC_BAL_CASH_GD_ZS,Finland,-2.91217
2013,GC_BAL_CASH_GD_ZS,Finland,-3.68659
2014,GC_BAL_CASH_GD_ZS,Finland,-4.11833
2015,GC_BAL_CASH_GD_ZS,Finland,-3.65158
2016,GC_BAL_CASH_GD_ZS,Finland,-3.06112
2017,GC_BAL_CASH_GD_ZS,Finland,-2.16293
2018,GC_BAL_CASH_GD_ZS,Finland,-1.66478
2019,GC_BAL_CASH_GD_ZS,Finland,-1.36164
2020,GC_BAL_CASH_GD_ZS,Finland,-7.17674
2000,GC_BAL_CASH_GD_ZS,France,-2.95098
2001,GC_BAL_CASH_GD_ZS,France,-2.96729
2002,GC_BAL_CASH_GD_ZS,France,-4.74263
2003,GC_BAL_CASH_GD_ZS,France,-5.53183
2004,GC_BAL_CASH_GD_ZS,France,-4.90357
2005,GC_BAL_CASH_GD_ZS,France,-4.6436
2006,GC_BAL_CASH_GD_ZS,France,-3.69361
2007,GC_BAL_CASH_GD_ZS,France,-3.65975
2008,GC_BAL_CASH_GD_ZS,France,-4.20728
2009,GC_BAL_CASH_GD_ZS,France,-8.35869
2010,GC_BAL_CASH_GD_ZS,France,-8.30174
2011,GC_BAL_CASH_GD_ZS,France,-6.63782
2012,GC_BAL_CASH_GD_ZS,France,-6.3483
2013,GC_BAL_CASH_GD_ZS,France,-5.21868
2014,GC_BAL_CASH_GD_ZS,France,-5.20625
2015,GC_BAL_CASH_GD_ZS,France,-5.125
2016,GC_BAL_CASH_GD_ZS,France,-5.2716
2017,GC_BAL_CASH_GD_ZS,France,-4.51415
2018,GC_BAL_CASH_GD_ZS,France,-3.87507
2019,GC_BAL_CASH_GD_ZS,France,-4.4726
2020,GC_BAL_CASH_GD_ZS,France,-10.42547
2000,GC_BAL_CASH_GD_ZS,Georgia,-0.59572
2001,GC_BAL_CASH_GD_ZS,Georgia,-0.53725
2002,GC_BAL_CASH_GD_ZS,Georgia,-0.86186
2003,GC_BAL_CASH_GD_ZS,Georgia,-0.89326
2004,GC_BAL_CASH_GD_ZS,Georgia,0.53541
2005,GC_BAL_CASH_GD_ZS,Georgia,1.52484
2006,GC_BAL_CASH_GD_ZS,Georgia,1.55549
2007,GC_BAL_CASH_GD_ZS,Georgia,0.76263
2008,GC_BAL_CASH_GD_ZS,Georgia,-1.89621
2009,GC_BAL_CASH_GD_ZS,Georgia,-7.75659
2010,GC_BAL_CASH_GD_ZS,Georgia,-4.20959
2011,GC_BAL_CASH_GD_ZS,Georgia,-1.15351
2012,GC_BAL_CASH_GD_ZS,Georgia,-0.44441
2013,GC_BAL_CASH_GD_ZS,Georgia,-0.86944
2014,GC_BAL_CASH_GD_ZS,Georgia,-2.25614
2015,GC_BAL_CASH_GD_ZS,Georgia,-1.15043
2016,GC_BAL_CASH_GD_ZS,Georgia,-1.52361
2017,GC_BAL_CASH_GD_ZS,Georgia,-0.56352
2018,GC_BAL_CASH_GD_ZS,Georgia,-1.81213
2019,GC_BAL_CASH_GD_ZS,Georgia,-1.96152
2020,GC_BAL_CASH_GD_ZS,Georgia,-8.36122
2000,GC_BAL_CASH_GD_ZS,Germany,-1.72275
2001,GC_BAL_CASH_GD_ZS,Germany,-1.95214
2002,GC_BAL_CASH_GD_ZS,Germany,-2.51212
2003,GC_BAL_CASH_GD_ZS,Germany,-2.19548
2004,GC_BAL_CASH_GD_ZS,Germany,-2.38217
2005,GC_BAL_CASH_GD_ZS,Germany,-2.75386
2006,GC_BAL_CASH_GD_ZS,Germany,-1.71786
2007,GC_BAL_CASH_GD_ZS,Germany,-0.71097
2008,GC_BAL_CASH_GD_ZS,Germany,-0.84982
2009,GC_BAL_CASH_GD_ZS,Germany,-2.77298
2010,GC_BAL_CASH_GD_ZS,Germany,-3.8424
2011,GC_BAL_CASH_GD_ZS,Germany,-1.02604
2012,GC_BAL_CASH_GD_ZS,Germany,-0.41921
2013,GC_BAL_CASH_GD_ZS,Germany,-0.43927
2014,GC_BAL_CASH_GD_ZS,Germany,0.05729
2015,GC_BAL_CASH_GD_ZS,Germany,0.10335
2016,GC_BAL_CASH_GD_ZS,Germany,0.13788
2017,GC_BAL_CASH_GD_ZS,Germany,0.00247
2018,GC_BAL_CASH_GD_ZS,Germany,0.50643
2019,GC_BAL_CASH_GD_ZS,Germany,0.28345
2020,GC_BAL_CASH_GD_ZS,Germany,-4.21689
2000,GC_BAL_CASH_GD_ZS,Greece,-6.48893
2001,GC_BAL_CASH_GD_ZS,Greece,-8.00249
2002,GC_BAL_CASH_GD_ZS,Greece,-8.4268
2003,GC_BAL_CASH_GD_ZS,Greece,-10.34845
2004,GC_BAL_CASH_GD_ZS,Greece,-11.18513
2005,GC_BAL_CASH_GD_ZS,Greece,-8.80928
2006,GC_BAL_CASH_GD_ZS,Greece,-8.35947
2007,GC_BAL_CASH_GD_ZS,Greece,-9.11665
2008,GC_BAL_CASH_GD_ZS,Greece,-12.65277
2009,GC_BAL_CASH_GD_ZS,Greece,-17.91335
2010,GC_BAL_CASH_GD_ZS,Greece,-13.70601
2011,GC_BAL_CASH_GD_ZS,Greece,-13.7443
2012,GC_BAL_CASH_GD_ZS,Greece,-12.441
2013,GC_BAL_CASH_GD_ZS,Greece,-17.0117
2014,GC_BAL_CASH_GD_ZS,Greece,-7.12856
2015,GC_BAL_CASH_GD_ZS,Greece,-9.14067
2016,GC_BAL_CASH_GD_ZS,Greece,-3.20972
2017,GC_BAL_CASH_GD_ZS,Greece,-2.92499
2018,GC_BAL_CASH_GD_ZS,Greece,-2.50423
2019,GC_BAL_CASH_GD_ZS,Greece,-1.83541
2020,GC_BAL_CASH_GD_ZS,Greece,-13.26682
2000,GC_BAL_CASH_GD_ZS,Hungary,-4.84615
2001,GC_BAL_CASH_GD_ZS,Hungary,-6.0467
2002,GC_BAL_CASH_GD_ZS,Hungary,-9.7212
2003,GC_BAL_CASH_GD_ZS,Hungary,-8.81507
2004,GC_BAL_CASH_GD_ZS,Hungary,-8.02149
2005,GC_BAL_CASH_GD_ZS,Hungary,-8.92709
2006,GC_BAL_CASH_GD_ZS,Hungary,-10.17995
2007,GC_BAL_CASH_GD_ZS,Hungary,-6.75563
2008,GC_BAL_CASH_GD_ZS,Hungary,-5.68002
2009,GC_BAL_CASH_GD_ZS,Hungary,-6.30287
2010,GC_BAL_CASH_GD_ZS,Hungary,-5.55038
2011,GC_BAL_CASH_GD_ZS,Hungary,-7.73351
2012,GC_BAL_CASH_GD_ZS,Hungary,-4.82641
2013,GC_BAL_CASH_GD_ZS,Hungary,-7.05081
2014,GC_BAL_CASH_GD_ZS,Hungary,-6.08487
2015,GC_BAL_CASH_GD_ZS,Hungary,-4.13437
2016,GC_BAL_CASH_GD_ZS,Hungary,-4.12877
2017,GC_BAL_CASH_GD_ZS,Hungary,-4.52488
2018,GC_BAL_CASH_GD_ZS,Hungary,-4.18585
2019,GC_BAL_CASH_GD_ZS,Hungary,-4.08593
2020,GC_BAL_CASH_GD_ZS,Hungary,-10.29292
2000,GC_BAL_CASH_GD_ZS,Iceland,1.23352
2001,GC_BAL_CASH_GD_ZS,Iceland,-1.35225
2002,GC_BAL_CASH_GD_ZS,Iceland,-2.49331
2003,GC_BAL_CASH_GD_ZS,Iceland,-3.31985
2004,GC_BAL_CASH_GD_ZS,Iceland,-0.5297
2005,GC_BAL_CASH_GD_ZS,Iceland,3.39761
2006,GC_BAL_CASH_GD_ZS,Iceland,4.62972
2007,GC_BAL_CASH_GD_ZS,Iceland,3.51881
2008,GC_BAL_CASH_GD_ZS,Iceland,-13.05388
2009,GC_BAL_CASH_GD_ZS,Iceland,-9.70731
2010,GC_BAL_CASH_GD_ZS,Iceland,-7.95292
2011,GC_BAL_CASH_GD_ZS,Iceland,-8.28228
2012,GC_BAL_CASH_GD_ZS,Iceland,-4.19221
2013,GC_BAL_CASH_GD_ZS,Iceland,-2.75079
2014,GC_BAL_CASH_GD_ZS,Iceland,-0.68997
2015,GC_BAL_CASH_GD_ZS,Iceland,-1.49495
2016,GC_BAL_CASH_GD_ZS,Iceland,11.00641
2017,GC_BAL_CASH_GD_ZS,Iceland,0.77099
2018,GC_BAL_CASH_GD_ZS,Iceland,0.0051
2019,GC_BAL_CASH_GD_ZS,Iceland,-2.47667
2020,GC_BAL_CASH_GD_ZS,Iceland,-9.7777
2000,GC_BAL_CASH_GD_ZS,India,-3.8103
2001,GC_BAL_CASH_GD_ZS,India,-4.34805
2002,GC_BAL_CASH_GD_ZS,India,-4.66165
2003,GC_BAL_CASH_GD_ZS,India,-3.43004
2004,GC_BAL_CASH_GD_ZS,India,-3.25616
2005,GC_BAL_CASH_GD_ZS,India,-3.23147
2006,GC_BAL_CASH_GD_ZS,India,-2.26403
2007,GC_BAL_CASH_GD_ZS,India,-0.47911
2008,GC_BAL_CASH_GD_ZS,India,-4.97259
2009,GC_BAL_CASH_GD_ZS,India,-5.51353
2010,GC_BAL_CASH_GD_ZS,India,-3.48058
2011,GC_BAL_CASH_GD_ZS,India,-3.2065
2012,GC_BAL_CASH_GD_ZS,India,-3.76448
2013,GC_BAL_CASH_GD_ZS,India,-4.06573
2014,GC_BAL_CASH_GD_ZS,India,-3.24744
2015,GC_BAL_CASH_GD_ZS,India,-2.77581
2016,GC_BAL_CASH_GD_ZS,India,-2.41852
2017,GC_BAL_CASH_GD_ZS,India,-2.55427
2018,GC_BAL_CASH_GD_ZS,India,-2.30329
2000,GC_BAL_CASH_GD_ZS,Ireland,4.30679
2001,GC_BAL_CASH_GD_ZS,Ireland,0.73061
2002,GC_BAL_CASH_GD_ZS,Ireland,-0.86207
2003,GC_BAL_CASH_GD_ZS,Ireland,-0.5992
2004,GC_BAL_CASH_GD_ZS,Ireland,0.55668
2005,GC_BAL_CASH_GD_ZS,Ireland,0.70852
2006,GC_BAL_CASH_GD_ZS,Ireland,1.93522
2007,GC_BAL_CASH_GD_ZS,Ireland,-0.21147
2008,GC_BAL_CASH_GD_ZS,Ireland,-7.38659
2009,GC_BAL_CASH_GD_ZS,Ireland,-14.58067
2010,GC_BAL_CASH_GD_ZS,Ireland,-32.85891
2011,GC_BAL_CASH_GD_ZS,Ireland,-14.23592
2012,GC_BAL_CASH_GD_ZS,Ireland,-9.12539
2013,GC_BAL_CASH_GD_ZS,Ireland,-7.04721
2014,GC_BAL_CASH_GD_ZS,Ireland,-4.59362
2015,GC_BAL_CASH_GD_ZS,Ireland,-2.87248
2016,GC_BAL_CASH_GD_ZS,Ireland,-1.56243
2017,GC_BAL_CASH_GD_ZS,Ireland,-1.04175
2018,GC_BAL_CASH_GD_ZS,Ireland,-0.58904
2019,GC_BAL_CASH_GD_ZS,Ireland,-0.08747
2020,GC_BAL_CASH_GD_ZS,Ireland,-5.64335
2000,GC_BAL_CASH_GD_ZS,Israel,-2.18213
2001,GC_BAL_CASH_GD_ZS,Israel,-5.17964
2002,GC_BAL_CASH_GD_ZS,Israel,-9.16237
2003,GC_BAL_CASH_GD_ZS,Israel,-5.96947
2004,GC_BAL_CASH_GD_ZS,Israel,-4.95082
2005,GC_BAL_CASH_GD_ZS,Israel,-4.19374
2006,GC_BAL_CASH_GD_ZS,Israel,-2.3037
2007,GC_BAL_CASH_GD_ZS,Israel,-1.54012
2008,GC_BAL_CASH_GD_ZS,Israel,-4.65662
2009,GC_BAL_CASH_GD_ZS,Israel,-7.68639
2010,GC_BAL_CASH_GD_ZS,Israel,-4.99839
2011,GC_BAL_CASH_GD_ZS,Israel,-4.64962
2012,GC_BAL_CASH_GD_ZS,Israel,-5.39821
2013,GC_BAL_CASH_GD_ZS,Israel,-4.97198
2014,GC_BAL_CASH_GD_ZS,Israel,-3.35733
2015,GC_BAL_CASH_GD_ZS,Israel,-2.3099
2016,GC_BAL_CASH_GD_ZS,Israel,-2.84735
2017,GC_BAL_CASH_GD_ZS,Israel,-2.1868
2018,GC_BAL_CASH_GD_ZS,Israel,-4.51217
2019,GC_BAL_CASH_GD_ZS,Israel,-4.80652
2020,GC_BAL_CASH_GD_ZS,Israel,-11.81128
2000,GC_BAL_CASH_GD_ZS,Italy,-3.10988
2001,GC_BAL_CASH_GD_ZS,Italy,-3.78831
2002,GC_BAL_CASH_GD_ZS,Italy,-3.06219
2003,GC_BAL_CASH_GD_ZS,Italy,-3.88929
2004,GC_BAL_CASH_GD_ZS,Italy,-3.58148
2005,GC_BAL_CASH_GD_ZS,Italy,-4.31566
2006,GC_BAL_CASH_GD_ZS,Italy,-3.72924
2007,GC_BAL_CASH_GD_ZS,Italy,-2.32705
2008,GC_BAL_CASH_GD_ZS,Italy,-3.49432
2009,GC_BAL_CASH_GD_ZS,Italy,-6.04643
2010,GC_BAL_CASH_GD_ZS,Italy,-4.95443
2011,GC_BAL_CASH_GD_ZS,Italy,-4.48841
2012,GC_BAL_CASH_GD_ZS,Italy,-4.46491
2013,GC_BAL_CASH_GD_ZS,Italy,-4.10495
2014,GC_BAL_CASH_GD_ZS,Italy,-4.36597
2015,GC_BAL_CASH_GD_ZS,Italy,-4.11945
2016,GC_BAL_CASH_GD_ZS,Italy,-3.77022
2017,GC_BAL_CASH_GD_ZS,Italy,-3.75132
2018,GC_BAL_CASH_GD_ZS,Italy,-3.48925
2019,GC_BAL_CASH_GD_ZS,Italy,-2.6343
2020,GC_BAL_CASH_GD_ZS,Italy,-10.58023
2000,GC_BAL_CASH_GD_ZS,Kazakhstan,0.09005
2001,GC_BAL_CASH_GD_ZS,Kazakhstan,0.06469
2002,GC_BAL_CASH_GD_ZS,Kazakhstan,0.34805
2003,GC_BAL_CASH_GD_ZS,Kazakhstan,-0.611
2004,GC_BAL_CASH_GD_ZS,Kazakhstan,0.22095
2010,GC_BAL_CASH_GD_ZS,Kazakhstan,4.64951
2011,GC_BAL_CASH_GD_ZS,Kazakhstan,7.90312
2012,GC_BAL_CASH_GD_ZS,Kazakhstan,5.85523
2013,GC_BAL_CASH_GD_ZS,Kazakhstan,4.90853
2014,GC_BAL_CASH_GD_ZS,Kazakhstan,3.25887
2015,GC_BAL_CASH_GD_ZS,Kazakhstan,-2.41809
2016,GC_BAL_CASH_GD_ZS,Kazakhstan,-2.89172
2017,GC_BAL_CASH_GD_ZS,Kazakhstan,-3.11217
2018,GC_BAL_CASH_GD_ZS,Kazakhstan,1.31985
2019,GC_BAL_CASH_GD_ZS,Kazakhstan,-0.88354
2020,GC_BAL_CASH_GD_ZS,Kazakhstan,-6.67059
2000,GC_BAL_CASH_GD_ZS,Republic of Korea,4.0496
2001,GC_BAL_CASH_GD_ZS,Republic of Korea,2.50787
2002,GC_BAL_CASH_GD_ZS,Republic of Korea,3.346
2003,GC_BAL_CASH_GD_ZS,Republic of Korea,1.56393
2004,GC_BAL_CASH_GD_ZS,Republic of Korea,0.08954
2005,GC_BAL_CASH_GD_ZS,Republic of Korea,0.82307
2011,GC_BAL_CASH_GD_ZS,Slovakia,-6.55348
2012,GC_BAL_CASH_GD_ZS,Slovakia,-6.93349
2013,GC_BAL_CASH_GD_ZS,Slovakia,-5.59005
2014,GC_BAL_CASH_GD_ZS,Slovakia,-5.40819
2015,GC_BAL_CASH_GD_ZS,Slovakia,-5.19435
2016,GC_BAL_CASH_GD_ZS,Slovakia,-5.53645
2017,GC_BAL_CASH_GD_ZS,Slovakia,-3.21064
2018,GC_BAL_CASH_GD_ZS,Slovakia,-3.32443
2019,GC_BAL_CASH_GD_ZS,Slovakia,-3.62421
2020,GC_BAL_CASH_GD_ZS,Slovakia,-7.78774
2002,GC_BAL_CASH_GD_ZS,Slovenia,-16.58276
2003,GC_BAL_CASH_GD_ZS,Slovenia,-16.73649
2004,GC_BAL_CASH_GD_ZS,Slovenia,-16.06958
2005,GC_BAL_CASH_GD_ZS,Slovenia,-15.75068
2006,GC_BAL_CASH_GD_ZS,Slovenia,-15.32734
2007,GC_BAL_CASH_GD_ZS,Slovenia,-13.56252
2008,GC_BAL_CASH_GD_ZS,Slovenia,-14.35543
2009,GC_BAL_CASH_GD_ZS,Slovenia,-19.76256
2010,GC_BAL_CASH_GD_ZS,Slovenia,-20.245
2011,GC_BAL_CASH_GD_ZS,Slovenia,-21.46355
2012,GC_BAL_CASH_GD_ZS,Slovenia,-19.10238
2013,GC_BAL_CASH_GD_ZS,Slovenia,-29.4193
2014,GC_BAL_CASH_GD_ZS,Slovenia,-19.92599
2015,GC_BAL_CASH_GD_ZS,Slovenia,-17.79911
2016,GC_BAL_CASH_GD_ZS,Slovenia,-16.58105
2017,GC_BAL_CASH_GD_ZS,Slovenia,-14.55935
2018,GC_BAL_CASH_GD_ZS,Slovenia,-13.47144
2019,GC_BAL_CASH_GD_ZS,Slovenia,-13.88491
2020,GC_BAL_CASH_GD_ZS,Slovenia,-23.17901
2017,GC_BAL_CASH_GD_ZS,Spain,-4.12493
2018,GC_BAL_CASH_GD_ZS,Spain,-3.60482
2019,GC_BAL_CASH_GD_ZS,Spain,-3.40165
2020,GC_BAL_CASH_GD_ZS,Spain,-11.95155
2000,GC_BAL_CASH_GD_ZS,Sweden,1.11467
2001,GC_BAL_CASH_GD_ZS,Sweden,-0.37883
2002,GC_BAL_CASH_GD_ZS,Sweden,-2.89131
2003,GC_BAL_CASH_GD_ZS,Sweden,-2.9013
2004,GC_BAL_CASH_GD_ZS,Sweden,-1.78716
2005,GC_BAL_CASH_GD_ZS,Sweden,-0.54106
2006,GC_BAL_CASH_GD_ZS,Sweden,0.10049
2007,GC_BAL_CASH_GD_ZS,Sweden,1.36338
2008,GC_BAL_CASH_GD_ZS,Sweden,0.09064
2009,GC_BAL_CASH_GD_ZS,Sweden,-2.66515
2010,GC_BAL_CASH_GD_ZS,Sweden,-2.19738
2006,GC_BAL_CASH_GD_ZS,Republic of Korea,1.03256
2007,GC_BAL_CASH_GD_ZS,Republic of Korea,2.07497
2008,GC_BAL_CASH_GD_ZS,Republic of Korea,1.45718
2009,GC_BAL_CASH_GD_ZS,Republic of Korea,0.01688
2010,GC_BAL_CASH_GD_ZS,Republic of Korea,1.46679
2011,GC_BAL_CASH_GD_ZS,Republic of Korea,1.62233
2012,GC_BAL_CASH_GD_ZS,Republic of Korea,0.39835
2013,GC_BAL_CASH_GD_ZS,Republic of Korea,0.40768
2014,GC_BAL_CASH_GD_ZS,Republic of Korea,0.15702
2015,GC_BAL_CASH_GD_ZS,Republic of Korea,-0.08041
2011,GC_BAL_CASH_GD_ZS,Sweden,-1.90893
2012,GC_BAL_CASH_GD_ZS,Sweden,-2.90127
2013,GC_BAL_CASH_GD_ZS,Sweden,-3.34742
2014,GC_BAL_CASH_GD_ZS,Sweden,-3.07414
2015,GC_BAL_CASH_GD_ZS,Sweden,-1.50084
2016,GC_BAL_CASH_GD_ZS,Sweden,-0.23225
2017,GC_BAL_CASH_GD_ZS,Sweden,-0.17262
2018,GC_BAL_CASH_GD_ZS,Sweden,-0.34302
2019,GC_BAL_CASH_GD_ZS,Sweden,-0.35852
2020,GC_BAL_CASH_GD_ZS,Sweden,-4.90994
2000,GC_BAL_CASH_GD_ZS,Switzerland,-0.76459
2001,GC_BAL_CASH_GD_ZS,Switzerland,-0.64534
2002,GC_BAL_CASH_GD_ZS,Switzerland,-2.51219
2003,GC_BAL_CASH_GD_ZS,Switzerland,-1.52852
2004,GC_BAL_CASH_GD_ZS,Switzerland,-1.66176
2005,GC_BAL_CASH_GD_ZS,Switzerland,-1.18293
2006,GC_BAL_CASH_GD_ZS,Switzerland,-0.36258
2007,GC_BAL_CASH_GD_ZS,Switzerland,-0.09703
2008,GC_BAL_CASH_GD_ZS,Switzerland,0.4887
2009,GC_BAL_CASH_GD_ZS,Switzerland,-0.59548
2010,GC_BAL_CASH_GD_ZS,Switzerland,-0.5134
2011,GC_BAL_CASH_GD_ZS,Switzerland,-0.27313
2012,GC_BAL_CASH_GD_ZS,Switzerland,-0.24774
2013,GC_BAL_CASH_GD_ZS,Switzerland,-0.31593
2014,GC_BAL_CASH_GD_ZS,Switzerland,-0.46028
2015,GC_BAL_CASH_GD_ZS,Switzerland,-0.20314
2016,GC_BAL_CASH_GD_ZS,Switzerland,-0.60361
2017,GC_BAL_CASH_GD_ZS,Switzerland,0.13242
2018,GC_BAL_CASH_GD_ZS,Switzerland,0.1253
2019,GC_BAL_CASH_GD_ZS,Switzerland,0.17768
2020,GC_BAL_CASH_GD_ZS,Switzerland,-3.14885
2000,GC_BAL_CASH_GD_ZS,Tajikistan,-0.80707
2001,GC_BAL_CASH_GD_ZS,Tajikistan,-0.15126
2003,GC_BAL_CASH_GD_ZS,Tajikistan,-4.57239
2004,GC_BAL_CASH_GD_ZS,Tajikistan,-6.6134
2011,GC_BAL_CASH_GD_ZS,United Arab Emirates,0.04326
2012,GC_BAL_CASH_GD_ZS,United Arab Emirates,-0.2119
2013,GC_BAL_CASH_GD_ZS,United Arab Emirates,0.19738
2014,GC_BAL_CASH_GD_ZS,United Arab Emirates,-0.11134
2015,GC_BAL_CASH_GD_ZS,United Arab Emirates,-0.05871
2016,GC_BAL_CASH_GD_ZS,United Arab Emirates,0.06061
2017,GC_BAL_CASH_GD_ZS,United Arab Emirates,0.12944
2018,GC_BAL_CASH_GD_ZS,United Arab Emirates,0.26679
2019,GC_BAL_CASH_GD_ZS,United Arab Emirates,0.99104
2020,GC_BAL_CASH_GD_ZS,United Arab Emirates,1.48931
2008,GC_BAL_CASH_GD_ZS,Türkiye,-1.83218
2009,GC_BAL_CASH_GD_ZS,Türkiye,-6.36449
2010,GC_BAL_CASH_GD_ZS,Türkiye,-3.69468
2011,GC_BAL_CASH_GD_ZS,Türkiye,-1.79317
2012,GC_BAL_CASH_GD_ZS,Türkiye,-0.73235
2013,GC_BAL_CASH_GD_ZS,Türkiye,-0.20878
2014,GC_BAL_CASH_GD_ZS,Türkiye,-0.93809
2015,GC_BAL_CASH_GD_ZS,Türkiye,-0.5565
2016,GC_BAL_CASH_GD_ZS,Türkiye,-2.35017
2016,GC_BAL_CASH_GD_ZS,Republic of Korea,1.02788
2017,GC_BAL_CASH_GD_ZS,Republic of Korea,1.0132
2018,GC_BAL_CASH_GD_ZS,Republic of Korea,1.50147
2019,GC_BAL_CASH_GD_ZS,Republic of Korea,-0.90242
2020,GC_BAL_CASH_GD_ZS,Republic of Korea,-3.03797
2014,GC_BAL_CASH_GD_ZS,Kyrgyzstan,-0.03766
2015,GC_BAL_CASH_GD_ZS,Kyrgyzstan,-1.04686
2016,GC_BAL_CASH_GD_ZS,Kyrgyzstan,-3.74504
2017,GC_BAL_CASH_GD_ZS,Kyrgyzstan,-2.70278
2018,GC_BAL_CASH_GD_ZS,Kyrgyzstan,-0.28737
2019,GC_BAL_CASH_GD_ZS,Kyrgyzstan,0.43249
2020,GC_BAL_CASH_GD_ZS,Kyrgyzstan,-2.76094
2000,GC_BAL_CASH_GD_ZS,Latvia,-8.30502
2001,GC_BAL_CASH_GD_ZS,Latvia,-5.86601
2002,GC_BAL_CASH_GD_ZS,Latvia,-5.22674
2003,GC_BAL_CASH_GD_ZS,Latvia,-5.69831
2004,GC_BAL_CASH_GD_ZS,Latvia,-4.81332
2005,GC_BAL_CASH_GD_ZS,Latvia,-4.08083
2006,GC_BAL_CASH_GD_ZS,Latvia,-3.18495
2007,GC_BAL_CASH_GD_ZS,Latvia,-3.07315
2008,GC_BAL_CASH_GD_ZS,Latvia,-7.59333
2017,GC_BAL_CASH_GD_ZS,Türkiye,-4.48467
2018,GC_BAL_CASH_GD_ZS,Türkiye,-5.76687
2019,GC_BAL_CASH_GD_ZS,Türkiye,-7.39115
2020,GC_BAL_CASH_GD_ZS,Türkiye,-6.64117
2000,GC_BAL_CASH_GD_ZS,Ukraine,-0.57481
2001,GC_BAL_CASH_GD_ZS,Ukraine,-0.76699
2002,GC_BAL_CASH_GD_ZS,Ukraine,0.31048
2003,GC_BAL_CASH_GD_ZS,Ukraine,-0.18213
2004,GC_BAL_CASH_GD_ZS,Ukraine,-3.08113
2005,GC_BAL_CASH_GD_ZS,Ukraine,-1.3162
2006,GC_BAL_CASH_GD_ZS,Ukraine,-0.99528
2007,GC_BAL_CASH_GD_ZS,Ukraine,-0.85409
2008,GC_BAL_CASH_GD_ZS,Ukraine,-1.40363
2009,GC_BAL_CASH_GD_ZS,Ukraine,-5.40594
2010,GC_BAL_CASH_GD_ZS,Ukraine,-6.30114
2011,GC_BAL_CASH_GD_ZS,Ukraine,-2.23727
2012,GC_BAL_CASH_GD_ZS,Ukraine,-3.91497
2013,GC_BAL_CASH_GD_ZS,Ukraine,-4.1676
2014,GC_BAL_CASH_GD_ZS,Ukraine,-4.83362
2015,GC_BAL_CASH_GD_ZS,Ukraine,-1.49336
2016,GC_BAL_CASH_GD_ZS,Ukraine,-2.57648
2017,GC_BAL_CASH_GD_ZS,Ukraine,-1.39252
2018,GC_BAL_CASH_GD_ZS,Ukraine,-1.7086
2019,GC_BAL_CASH_GD_ZS,Ukraine,-1.71932
2020,GC_BAL_CASH_GD_ZS,Ukraine,-5.22661
2005,GC_BAL_CASH_GD_ZS,North Macedonia,2.32238
2006,GC_BAL_CASH_GD_ZS,North Macedonia,-0.14414
2007,GC_BAL_CASH_GD_ZS,North Macedonia,0.25233
2008,GC_BAL_CASH_GD_ZS,North Macedonia,-0.96459
2009,GC_BAL_CASH_GD_ZS,North Macedonia,-2.68486
2010,GC_BAL_CASH_GD_ZS,North Macedonia,-2.53101
2011,GC_BAL_CASH_GD_ZS,North Macedonia,-2.64161
2012,GC_BAL_CASH_GD_ZS,North Macedonia,-3.93269
2013,GC_BAL_CASH_GD_ZS,North Macedonia,-3.95434
2014,GC_BAL_CASH_GD_ZS,North Macedonia,-4.33408
2015,GC_BAL_CASH_GD_ZS,North Macedonia,-3.56638
2016,GC_BAL_CASH_GD_ZS,North Macedonia,-2.77298
2017,GC_BAL_CASH_GD_ZS,North Macedonia,-2.77263
2018,GC_BAL_CASH_GD_ZS,North Macedonia,-1.75504
2019,GC_BAL_CASH_GD_ZS,North Macedonia,-1.96625
2020,GC_BAL_CASH_GD_ZS,North Macedonia,-8.01695
2000,GC_BAL_CASH_GD_ZS,United Kingdom of Great Britain and Northern Ireland,-2.05559
2001,GC_BAL_CASH_GD_ZS,United Kingdom of Great Britain and Northern Ireland,-3.25681
2002,GC_BAL_CASH_GD_ZS,United Kingdom of Great Britain and Northern Ireland,-5.59305
2003,GC_BAL_CASH_GD_ZS,United Kingdom of Great Britain and Northern Ireland,-7.00855
2004,GC_BAL_CASH_GD_ZS,United Kingdom of Great Britain and Northern Ireland,-6.75991
2005,GC_BAL_CASH_GD_ZS,United Kingdom of Great Britain and Northern Ireland,-6.66756
2006,GC_BAL_CASH_GD_ZS,United Kingdom of Great Britain and Northern Ireland,-6.62945
2007,GC_BAL_CASH_GD_ZS,United Kingdom of Great Britain and Northern Ireland,-6.49751
2008,GC_BAL_CASH_GD_ZS,United Kingdom of Great Britain and Northern Ireland,-9.05892
2009,GC_BAL_CASH_GD_ZS,United Kingdom of Great Britain and Northern Ireland,-14.01447
2010,GC_BAL_CASH_GD_ZS,United Kingdom of Great Britain and Northern Ireland,-8.09275
2011,GC_BAL_CASH_GD_ZS,United Kingdom of Great Britain and Northern Ireland,-11.13687
2012,GC_BAL_CASH_GD_ZS,United Kingdom of Great Britain and Northern Ireland,-11.45857
2013,GC_BAL_CASH_GD_ZS,United Kingdom of Great Britain and Northern Ireland,-8.08474
2014,GC_BAL_CASH_GD_ZS,United Kingdom of Great Britain and Northern Ireland,-8.31097
2015,GC_BAL_CASH_GD_ZS,United Kingdom of Great Britain and Northern Ireland,-7.04113
2016,GC_BAL_CASH_GD_ZS,United Kingdom of Great Britain and Northern Ireland,-5.22791
2017,GC_BAL_CASH_GD_ZS,United Kingdom of Great Britain and Northern Ireland,-4.8443
2018,GC_BAL_CASH_GD_ZS,United Kingdom of Great Britain and Northern Ireland,-5.25204
2019,GC_BAL_CASH_GD_ZS,United Kingdom of Great Britain and Northern Ireland,-4.8442
2020,GC_BAL_CASH_GD_ZS,United Kingdom of Great Britain and Northern Ireland,-15.99303
2011,GC_BAL_CASH_GD_ZS,Uzbekistan,7.05065
2009,GC_BAL_CASH_GD_ZS,Latvia,-14.03456
2010,GC_BAL_CASH_GD_ZS,Latvia,-15.13321
2011,GC_BAL_CASH_GD_ZS,Latvia,-8.93858
2012,GC_BAL_CASH_GD_ZS,Latvia,-5.16093
2013,GC_BAL_CASH_GD_ZS,Latvia,-4.52043
2014,GC_BAL_CASH_GD_ZS,Latvia,-5.46824
2015,GC_BAL_CASH_GD_ZS,Latvia,-6.08543
2016,GC_BAL_CASH_GD_ZS,Latvia,-3.58515
2017,GC_BAL_CASH_GD_ZS,Latvia,-4.04133
2018,GC_BAL_CASH_GD_ZS,Latvia,-3.36765
2019,GC_BAL_CASH_GD_ZS,Latvia,-4.89397
2020,GC_BAL_CASH_GD_ZS,Latvia,-9.70535
2000,GC_BAL_CASH_GD_ZS,Lithuania,-4.61197
2001,GC_BAL_CASH_GD_ZS,Lithuania,-4.58742
2002,GC_BAL_CASH_GD_ZS,Lithuania,-3.28106
2003,GC_BAL_CASH_GD_ZS,Lithuania,-2.55747
2004,GC_BAL_CASH_GD_ZS,Lithuania,-2.77473
2005,GC_BAL_CASH_GD_ZS,Lithuania,-1.53695
2006,GC_BAL_CASH_GD_ZS,Lithuania,-1.23479
2007,GC_BAL_CASH_GD_ZS,Lithuania,-1.78443
2008,GC_BAL_CASH_GD_ZS,Lithuania,-4.22976
2009,GC_BAL_CASH_GD_ZS,Lithuania,-10.28131
2010,GC_BAL_CASH_GD_ZS,Lithuania,-8.41968
2011,GC_BAL_CASH_GD_ZS,Lithuania,-9.86405
2012,GC_BAL_CASH_GD_ZS,Lithuania,-4.2003
2013,GC_BAL_CASH_GD_ZS,Lithuania,-3.61333
2014,GC_BAL_CASH_GD_ZS,Lithuania,-2.04222
2015,GC_BAL_CASH_GD_ZS,Lithuania,-2.02295
2016,GC_BAL_CASH_GD_ZS,Lithuania,-1.71478
2017,GC_BAL_CASH_GD_ZS,Lithuania,-1.12003
2018,GC_BAL_CASH_GD_ZS,Lithuania,-0.9599
2019,GC_BAL_CASH_GD_ZS,Lithuania,-0.91626
2020,GC_BAL_CASH_GD_ZS,Lithuania,-8.36309
2000,GC_BAL_CASH_GD_ZS,Luxembourg,3.98282
2001,GC_BAL_CASH_GD_ZS,Luxembourg,4.3618
2002,GC_BAL_CASH_GD_ZS,Luxembourg,0.69392
2003,GC_BAL_CASH_GD_ZS,Luxembourg,-0.98548
2004,GC_BAL_CASH_GD_ZS,Luxembourg,-2.56909
2005,GC_BAL_CASH_GD_ZS,Luxembourg,-1.20966
2006,GC_BAL_CASH_GD_ZS,Luxembourg,0.43921
2007,GC_BAL_CASH_GD_ZS,Luxembourg,2.77516
2008,GC_BAL_CASH_GD_ZS,Luxembourg,1.71069
2009,GC_BAL_CASH_GD_ZS,Luxembourg,-1.43452
2010,GC_BAL_CASH_GD_ZS,Luxembourg,-1.80493
2011,GC_BAL_CASH_GD_ZS,Luxembourg,-1.05861
2012,GC_BAL_CASH_GD_ZS,Luxembourg,-1.43633
2013,GC_BAL_CASH_GD_ZS,Luxembourg,-0.93862
2014,GC_BAL_CASH_GD_ZS,Luxembourg,-0.39116
2015,GC_BAL_CASH_GD_ZS,Luxembourg,-0.42149
2016,GC_BAL_CASH_GD_ZS,Luxembourg,0.16853
2017,GC_BAL_CASH_GD_ZS,Luxembourg,-0.29215
2018,GC_BAL_CASH_GD_ZS,Luxembourg,1.01385
2019,GC_BAL_CASH_GD_ZS,Luxembourg,0.15363
2020,GC_BAL_CASH_GD_ZS,Luxembourg,-5.13287
2000,GC_BAL_CASH_GD_ZS,Malta,-16.7531
2001,GC_BAL_CASH_GD_ZS,Malta,-18.24058
2002,GC_BAL_CASH_GD_ZS,Malta,-16.85426
2003,GC_BAL_CASH_GD_ZS,Malta,-25.81119
2004,GC_BAL_CASH_GD_ZS,Malta,-15.24029
2005,GC_BAL_CASH_GD_ZS,Malta,-11.92266
2006,GC_BAL_CASH_GD_ZS,Malta,-10.96788
2007,GC_BAL_CASH_GD_ZS,Malta,-10.1518
2008,GC_BAL_CASH_GD_ZS,Malta,-6.35947
2009,GC_BAL_CASH_GD_ZS,Malta,-5.50581
2010,GC_BAL_CASH_GD_ZS,Malta,-4.49564
2011,GC_BAL_CASH_GD_ZS,Malta,-5.27391
2012,GC_BAL_CASH_GD_ZS,Malta,-5.545
2013,GC_BAL_CASH_GD_ZS,Malta,-4.32726
2014,GC_BAL_CASH_GD_ZS,Malta,-3.57059
2015,GC_BAL_CASH_GD_ZS,Malta,-2.7491
2016,GC_BAL_CASH_GD_ZS,Malta,-0.84653
2017,GC_BAL_CASH_GD_ZS,Malta,1.40478
2018,GC_BAL_CASH_GD_ZS,Malta,0.22903
2019,GC_BAL_CASH_GD_ZS,Malta,-1.34696
2020,GC_BAL_CASH_GD_ZS,Malta,-11.63526
2000,GC_BAL_CASH_GD_ZS,Mexico,-0.96126
2008,GC_BAL_CASH_GD_ZS,Mexico,-1.96483
2009,GC_BAL_CASH_GD_ZS,Mexico,-4.51158
2010,GC_BAL_CASH_GD_ZS,Mexico,-3.97704
2011,GC_BAL_CASH_GD_ZS,Mexico,-3.55884
2012,GC_BAL_CASH_GD_ZS,Mexico,-3.82087
2013,GC_BAL_CASH_GD_ZS,Mexico,-3.33675
2014,GC_BAL_CASH_GD_ZS,Mexico,-4.16244
2015,GC_BAL_CASH_GD_ZS,Mexico,-3.2291
2016,GC_BAL_CASH_GD_ZS,Mexico,-1.6719
2017,GC_BAL_CASH_GD_ZS,Mexico,-0.86847
2018,GC_BAL_CASH_GD_ZS,Mexico,-2.17178
2019,GC_BAL_CASH_GD_ZS,Mexico,-1.6578
2020,GC_BAL_CASH_GD_ZS,Mexico,-3.74094
2000,GC_BAL_CASH_GD_ZS,Republic of Moldova,-1.4913
2001,GC_BAL_CASH_GD_ZS,Republic of Moldova,0.9595
2003,GC_BAL_CASH_GD_ZS,Republic of Moldova,1.98523
2004,GC_BAL_CASH_GD_ZS,Republic of Moldova,0.26879
2005,GC_BAL_CASH_GD_ZS,Republic of Moldova,1.80362
2006,GC_BAL_CASH_GD_ZS,Republic of Moldova,0.19551
2007,GC_BAL_CASH_GD_ZS,Republic of Moldova,-0.33689
2008,GC_BAL_CASH_GD_ZS,Republic of Moldova,-0.4059
2009,GC_BAL_CASH_GD_ZS,Republic of Moldova,-5.91893
2010,GC_BAL_CASH_GD_ZS,Republic of Moldova,-2.13386
2011,GC_BAL_CASH_GD_ZS,Republic of Moldova,-1.49677
2012,GC_BAL_CASH_GD_ZS,Republic of Moldova,-1.71122
2013,GC_BAL_CASH_GD_ZS,Republic of Moldova,-1.46253
2014,GC_BAL_CASH_GD_ZS,Republic of Moldova,-1.35187
2015,GC_BAL_CASH_GD_ZS,Republic of Moldova,-1.63159
2016,GC_BAL_CASH_GD_ZS,Republic of Moldova,-2.0191
2017,GC_BAL_CASH_GD_ZS,Republic of Moldova,-0.74446
2018,GC_BAL_CASH_GD_ZS,Republic of Moldova,-0.90827
2019,GC_BAL_CASH_GD_ZS,Republic of Moldova,-1.33724
2020,GC_BAL_CASH_GD_ZS,Republic of Moldova,-5.33348
2000,GC_BAL_CASH_GD_ZS,Netherlands (Kingdom of the),-0.09369
2001,GC_BAL_CASH_GD_ZS,Netherlands (Kingdom of the),-1.52692
2002,GC_BAL_CASH_GD_ZS,Netherlands (Kingdom of the),-2.83216
2003,GC_BAL_CASH_GD_ZS,Netherlands (Kingdom of the),-3.94932
2004,GC_BAL_CASH_GD_ZS,Netherlands (Kingdom of the),-2.75071
2005,GC_BAL_CASH_GD_ZS,Netherlands (Kingdom of the),-1.46211
2006,GC_BAL_CASH_GD_ZS,Netherlands (Kingdom of the),-1.00408
2007,GC_BAL_CASH_GD_ZS,Netherlands (Kingdom of the),-1.12268
2008,GC_BAL_CASH_GD_ZS,Netherlands (Kingdom of the),-0.44812
2009,GC_BAL_CASH_GD_ZS,Netherlands (Kingdom of the),-5.56362
2010,GC_BAL_CASH_GD_ZS,Netherlands (Kingdom of the),-5.5325
2011,GC_BAL_CASH_GD_ZS,Netherlands (Kingdom of the),-5.12072
2012,GC_BAL_CASH_GD_ZS,Netherlands (Kingdom of the),-4.92426
2013,GC_BAL_CASH_GD_ZS,Netherlands (Kingdom of the),-4.0032
2014,GC_BAL_CASH_GD_ZS,Netherlands (Kingdom of the),-3.3972
2015,GC_BAL_CASH_GD_ZS,Netherlands (Kingdom of the),-3.25533
2016,GC_BAL_CASH_GD_ZS,Netherlands (Kingdom of the),-1.39077
2017,GC_BAL_CASH_GD_ZS,Netherlands (Kingdom of the),0.06561
2018,GC_BAL_CASH_GD_ZS,Netherlands (Kingdom of the),0.30487
2019,GC_BAL_CASH_GD_ZS,Netherlands (Kingdom of the),0.69541
2020,GC_BAL_CASH_GD_ZS,Netherlands (Kingdom of the),-5.28955
2001,GC_BAL_CASH_GD_ZS,New Zealand,1.64685
2002,GC_BAL_CASH_GD_ZS,New Zealand,0.51691
2003,GC_BAL_CASH_GD_ZS,New Zealand,1.61168
2004,GC_BAL_CASH_GD_ZS,New Zealand,2.33301
2005,GC_BAL_CASH_GD_ZS,New Zealand,3.11168
2006,GC_BAL_CASH_GD_ZS,New Zealand,3.55108
2007,GC_BAL_CASH_GD_ZS,New Zealand,1.93493
2008,GC_BAL_CASH_GD_ZS,New Zealand,1.68949
2009,GC_BAL_CASH_GD_ZS,New Zealand,-1.29385
2010,GC_BAL_CASH_GD_ZS,New Zealand,-4.41554
2011,GC_BAL_CASH_GD_ZS,New Zealand,-8.43282
2012,GC_BAL_CASH_GD_ZS,New Zealand,-4.07845
2013,GC_BAL_CASH_GD_ZS,New Zealand,-2.65864
2014,GC_BAL_CASH_GD_ZS,New Zealand,-2.03494
2015,GC_BAL_CASH_GD_ZS,New Zealand,-1.31052
2016,GC_BAL_CASH_GD_ZS,New Zealand,-0.74765
2017,GC_BAL_CASH_GD_ZS,New Zealand,-0.02152
2018,GC_BAL_CASH_GD_ZS,New Zealand,-0.22527
2019,GC_BAL_CASH_GD_ZS,New Zealand,0.03708
2020,GC_BAL_CASH_GD_ZS,New Zealand,-6.96095
2000,GC_BAL_CASH_GD_ZS,Norway,13.79582
2001,GC_BAL_CASH_GD_ZS,Norway,12.34567
2002,GC_BAL_CASH_GD_ZS,Norway,7.21692
2003,GC_BAL_CASH_GD_ZS,Norway,6.45552
2004,GC_BAL_CASH_GD_ZS,Norway,9.74756
2005,GC_BAL_CASH_GD_ZS,Norway,13.22139
2006,GC_BAL_CASH_GD_ZS,Norway,16.48699
2007,GC_BAL_CASH_GD_ZS,Norway,15.97678
2008,GC_BAL_CASH_GD_ZS,Norway,18.13551
2009,GC_BAL_CASH_GD_ZS,Norway,9.41317
2010,GC_BAL_CASH_GD_ZS,Norway,10.10898
2011,GC_BAL_CASH_GD_ZS,Norway,12.38633
2012,GC_BAL_CASH_GD_ZS,Norway,12.6437
2013,GC_BAL_CASH_GD_ZS,Norway,9.80238
2014,GC_BAL_CASH_GD_ZS,Norway,7.66664
2015,GC_BAL_CASH_GD_ZS,Norway,4.45238
2016,GC_BAL_CASH_GD_ZS,Norway,2.47948
2017,GC_BAL_CASH_GD_ZS,Norway,3.40947
2018,GC_BAL_CASH_GD_ZS,Norway,6.48783
2019,GC_BAL_CASH_GD_ZS,Norway,5.48895
2020,GC_BAL_CASH_GD_ZS,Norway,-4.50548
2009,GC_BAL_CASH_GD_ZS,Austria,-5.64269
2010,GC_BAL_CASH_GD_ZS,Austria,-4.57284
2011,GC_BAL_CASH_GD_ZS,Austria,-3.5067
2012,GC_BAL_CASH_GD_ZS,Austria,-3.40604
2013,GC_BAL_CASH_GD_ZS,Austria,-3.31319
2014,GC_BAL_CASH_GD_ZS,Austria,-4.14892
2015,GC_BAL_CASH_GD_ZS,Austria,-2.52151
2016,GC_BAL_CASH_GD_ZS,Austria,-2.49556
2017,GC_BAL_CASH_GD_ZS,Austria,-2.20093
2018,GC_BAL_CASH_GD_ZS,Austria,-1.40631
2019,GC_BAL_CASH_GD_ZS,Austria,-0.91995
2020,GC_BAL_CASH_GD_ZS,Austria,-9.03139
2004,GC_BAL_CASH_GD_ZS,Armenia,-0.84844
2005,GC_BAL_CASH_GD_ZS,Armenia,-1.00432
2006,GC_BAL_CASH_GD_ZS,Armenia,-0.30042
2007,GC_BAL_CASH_GD_ZS,Armenia,-0.56688
2008,GC_BAL_CASH_GD_ZS,Armenia,-0.54275
2009,GC_BAL_CASH_GD_ZS,Armenia,-7.60082
2010,GC_BAL_CASH_GD_ZS,Armenia,-4.96766
2011,GC_BAL_CASH_GD_ZS,Armenia,-2.76441
2012,GC_BAL_CASH_GD_ZS,Armenia,-1.30436
2013,GC_BAL_CASH_GD_ZS,Armenia,-1.56793
2014,GC_BAL_CASH_GD_ZS,Armenia,-1.77056
2015,GC_BAL_CASH_GD_ZS,Armenia,-4.70037
2016,GC_BAL_CASH_GD_ZS,Armenia,-5.48154
2017,GC_BAL_CASH_GD_ZS,Armenia,-4.05882
2018,GC_BAL_CASH_GD_ZS,Armenia,-1.8477
2019,GC_BAL_CASH_GD_ZS,Armenia,-0.53337
2020,GC_BAL_CASH_GD_ZS,Armenia,-5.20256
2000,GC_BAL_CASH_GD_ZS,Belgium,-0.41462
2001,GC_BAL_CASH_GD_ZS,Belgium,-0.76596
2002,GC_BAL_CASH_GD_ZS,Belgium,-0.1638
2003,GC_BAL_CASH_GD_ZS,Belgium,-2.16241
2004,GC_BAL_CASH_GD_ZS,Belgium,-0.5313
2005,GC_BAL_CASH_GD_ZS,Belgium,-3.20745
2006,GC_BAL_CASH_GD_ZS,Belgium,-0.22054
2007,GC_BAL_CASH_GD_ZS,Belgium,-0.77889
2008,GC_BAL_CASH_GD_ZS,Belgium,-1.5509
2009,GC_BAL_CASH_GD_ZS,Belgium,-4.89294
2010,GC_BAL_CASH_GD_ZS,Belgium,-3.50099
2011,GC_BAL_CASH_GD_ZS,Belgium,-3.96983
2012,GC_BAL_CASH_GD_ZS,Belgium,-3.92931
2013,GC_BAL_CASH_GD_ZS,Belgium,-2.94293
2014,GC_BAL_CASH_GD_ZS,Belgium,-2.98417
2015,GC_BAL_CASH_GD_ZS,Belgium,-1.50669
2016,GC_BAL_CASH_GD_ZS,Belgium,-3.02954
2017,GC_BAL_CASH_GD_ZS,Belgium,-1.48808
2018,GC_BAL_CASH_GD_ZS,Belgium,-0.6799
2019,GC_BAL_CASH_GD_ZS,Belgium,-2.07172
2020,GC_BAL_CASH_GD_ZS,Belgium,-7.33296
2005,GC_BAL_CASH_GD_ZS,Bosnia and Herzegovina,2.00802
2006,GC_BAL_CASH_GD_ZS,Bosnia and Herzegovina,2.74572
2007,GC_BAL_CASH_GD_ZS,Bosnia and Herzegovina,0.91656
2008,GC_BAL_CASH_GD_ZS,Bosnia and Herzegovina,-1.60508
2009,GC_BAL_CASH_GD_ZS,Bosnia and Herzegovina,-4.18193
2010,GC_BAL_CASH_GD_ZS,Bosnia and Herzegovina,-2.18914
2011,GC_BAL_CASH_GD_ZS,Bosnia and Herzegovina,-1.14359
2012,GC_BAL_CASH_GD_ZS,Bosnia and Herzegovina,-1.61232
2013,GC_BAL_CASH_GD_ZS,Bosnia and Herzegovina,-2.07742
2014,GC_BAL_CASH_GD_ZS,Bosnia and Herzegovina,-4.02826
2015,GC_BAL_CASH_GD_ZS,Bosnia and Herzegovina,0.36477
2016,GC_BAL_CASH_GD_ZS,Bosnia and Herzegovina,1.07578
2017,GC_BAL_CASH_GD_ZS,Bosnia and Herzegovina,2.60142
2018,GC_BAL_CASH_GD_ZS,Bosnia and Herzegovina,2.04599
2019,GC_BAL_CASH_GD_ZS,Bosnia and Herzegovina,1.77603
2020,GC_BAL_CASH_GD_ZS,Bosnia and Herzegovina,-4.84436
2005,GC_BAL_CASH_GD_ZS,Bulgaria,1.06424
2006,GC_BAL_CASH_GD_ZS,Bulgaria,1.49682
2007,GC_BAL_CASH_GD_ZS,Bulgaria,-0.96515
2008,GC_BAL_CASH_GD_ZS,Bulgaria,0.71685
2009,GC_BAL_CASH_GD_ZS,Bulgaria,-4.79562
2010,GC_BAL_CASH_GD_ZS,Bulgaria,-4.9446
2011,GC_BAL_CASH_GD_ZS,Bulgaria,-3.06181
2012,GC_BAL_CASH_GD_ZS,Bulgaria,-2.39864
2013,GC_BAL_CASH_GD_ZS,Bulgaria,-2.46288
2014,GC_BAL_CASH_GD_ZS,Bulgaria,-6.77696
2015,GC_BAL_CASH_GD_ZS,Bulgaria,-2.86138
2016,GC_BAL_CASH_GD_ZS,Bulgaria,-1.59837
2017,GC_BAL_CASH_GD_ZS,Bulgaria,-0.33613
2018,GC_BAL_CASH_GD_ZS,Bulgaria,0.00495
2019,GC_BAL_CASH_GD_ZS,Bulgaria,0.79062
2020,GC_BAL_CASH_GD_ZS,Bulgaria,-5.80166
2000,GC_BAL_CASH_GD_ZS,Belarus,0.06908
2001,GC_BAL_CASH_GD_ZS,Belarus,-0.82693
2002,GC_BAL_CASH_GD_ZS,Belarus,1.13152
2003,GC_BAL_CASH_GD_ZS,Belarus,-1.05605
2004,GC_BAL_CASH_GD_ZS,Belarus,-0.13539
2005,GC_BAL_CASH_GD_ZS,Belarus,0.22482
2006,GC_BAL_CASH_GD_ZS,Belarus,1.46858
2007,GC_BAL_CASH_GD_ZS,Belarus,0.43151
2008,GC_BAL_CASH_GD_ZS,Belarus,2.37262
2009,GC_BAL_CASH_GD_ZS,Belarus,0.21277
2010,GC_BAL_CASH_GD_ZS,Belarus,-1.44792
2011,GC_BAL_CASH_GD_ZS,Belarus,1.66977
2012,GC_BAL_CASH_GD_ZS,Belarus,0.08557
2013,GC_BAL_CASH_GD_ZS,Belarus,-0.82926
2014,GC_BAL_CASH_GD_ZS,Belarus,0.42289
2015,GC_BAL_CASH_GD_ZS,Belarus,2.25366
2016,GC_BAL_CASH_GD_ZS,Belarus,1.53978
2017,GC_BAL_CASH_GD_ZS,Belarus,2.30887
2018,GC_BAL_CASH_GD_ZS,Belarus,4.13509
2019,GC_BAL_CASH_GD_ZS,Belarus,2.4406
2020,GC_BAL_CASH_GD_ZS,Belarus,-1.30716
2000,GC_BAL_CASH_GD_ZS,Canada,1.62016
2001,GC_BAL_CASH_GD_ZS,Canada,1.0724
2002,GC_BAL_CASH_GD_ZS,Canada,0.93609
2003,GC_BAL_CASH_GD_ZS,Canada,0.61455
2004,GC_BAL_CASH_GD_ZS,Canada,1.02364
2005,GC_BAL_CASH_GD_ZS,Canada,0.29495
2006,GC_BAL_CASH_GD_ZS,Canada,1.08695
2007,GC_BAL_CASH_GD_ZS,Canada,1.34218
2008,GC_BAL_CASH_GD_ZS,Canada,0.31798
2009,GC_BAL_CASH_GD_ZS,Canada,-1.72236
2010,GC_BAL_CASH_GD_ZS,Canada,-2.71787
2011,GC_BAL_CASH_GD_ZS,Canada,-1.39634
2012,GC_BAL_CASH_GD_ZS,Canada,-1.00257
2013,GC_BAL_CASH_GD_ZS,Canada,-0.54846
2014,GC_BAL_CASH_GD_ZS,Canada,0.50083
2015,GC_BAL_CASH_GD_ZS,Canada,0.51848
2012,GC_BAL_CASH_GD_ZS,Uzbekistan,8.78817
2013,GC_BAL_CASH_GD_ZS,Uzbekistan,4.40798
2014,GC_BAL_CASH_GD_ZS,Uzbekistan,3.86869
2015,GC_BAL_CASH_GD_ZS,Uzbekistan,2.62471
2016,GC_BAL_CASH_GD_ZS,Uzbekistan,3.48159
2017,GC_BAL_CASH_GD_ZS,Uzbekistan,1.38805
2018,GC_BAL_CASH_GD_ZS,Uzbekistan,2.72082
2019,GC_BAL_CASH_GD_ZS,Uzbekistan,0.50239
2020,GC_BAL_CASH_GD_ZS,Uzbekistan,-1.90225
2020,GC_BAL_CASH_GD_ZS,Uzbekistan,-1.90225
