Year,SeriesCode,Country,Sex,Value
2010,IC_GEN_MGTN_19ICLS,Australia,Female,33.53
2011,IC_GEN_MGTN_19ICLS,Australia,Female,27.61
2012,IC_GEN_MGTN_19ICLS,Australia,Female,29.89
2013,IC_GEN_MGTN_19ICLS,Australia,Female,32.87
2014,IC_GEN_MGTN_19ICLS,Australia,Female,34.99
2015,IC_GEN_MGTN_19ICLS,Australia,Female,35.3
2016,IC_GEN_MGTN_19ICLS,Australia,Female,36.23
2017,IC_GEN_MGTN_19ICLS,Australia,Female,35.11
2018,IC_GEN_MGTN_19ICLS,Australia,Female,33.85
2019,IC_GEN_MGTN_19ICLS,Australia,Female,34.65
2020,IC_GEN_MGTN_19ICLS,Australia,Female,34.16
2000,IC_GEN_MGTN_19ICLS,Austria,Female,28.13
2001,IC_GEN_MGTN_19ICLS,Austria,Female,29.38
2002,IC_GEN_MGTN_19ICLS,Austria,Female,30.78
2003,IC_GEN_MGTN_19ICLS,Austria,Female,28.5
2004,IC_GEN_MGTN_19ICLS,Austria,Female,23.02
2005,IC_GEN_MGTN_19ICLS,Austria,Female,21.5
2006,IC_GEN_MGTN_19ICLS,Austria,Female,20.96
2007,IC_GEN_MGTN_19ICLS,Austria,Female,21.0
2008,IC_GEN_MGTN_19ICLS,Austria,Female,25.19
2009,IC_GEN_MGTN_19ICLS,Austria,Female,23.25
2010,IC_GEN_MGTN_19ICLS,Austria,Female,25.42
2011,IC_GEN_MGTN_19ICLS,Austria,Female,26.07
2012,IC_GEN_MGTN_19ICLS,Austria,Female,27.13
2013,IC_GEN_MGTN_19ICLS,Austria,Female,26.33
2014,IC_GEN_MGTN_19ICLS,Austria,Female,27.85
2015,IC_GEN_MGTN_19ICLS,Austria,Female,27.88
2016,IC_GEN_MGTN_19ICLS,Austria,Female,29.52
2017,IC_GEN_MGTN_19ICLS,Austria,Female,29.19
2018,IC_GEN_MGTN_19ICLS,Austria,Female,28.86
2019,IC_GEN_MGTN_19ICLS,Austria,Female,32.01
2020,IC_GEN_MGTN_19ICLS,Austria,Female,31.47
2021,IC_GEN_MGTN_19ICLS,Austria,Female,34.31
2000,IC_GEN_MGTN_19ICLS,Belgium,Female,24.53
2001,IC_GEN_MGTN_19ICLS,Belgium,Female,28.38
2002,IC_GEN_MGTN_19ICLS,Belgium,Female,27.97
2003,IC_GEN_MGTN_19ICLS,Belgium,Female,27.33
2004,IC_GEN_MGTN_19ICLS,Belgium,Female,26.91
2005,IC_GEN_MGTN_19ICLS,Belgium,Female,30.24
2006,IC_GEN_MGTN_19ICLS,Belgium,Female,31.13
2007,IC_GEN_MGTN_19ICLS,Belgium,Female,33.54
2008,IC_GEN_MGTN_19ICLS,Belgium,Female,31.9
2009,IC_GEN_MGTN_19ICLS,Belgium,Female,34.57
2010,IC_GEN_MGTN_19ICLS,Belgium,Female,34.77
2011,IC_GEN_MGTN_19ICLS,Belgium,Female,30.45
2012,IC_GEN_MGTN_19ICLS,Belgium,Female,31.67
2013,IC_GEN_MGTN_19ICLS,Belgium,Female,30.75
2014,IC_GEN_MGTN_19ICLS,Belgium,Female,31.3
2015,IC_GEN_MGTN_19ICLS,Belgium,Female,31.04
2016,IC_GEN_MGTN_19ICLS,Belgium,Female,31.98
2017,IC_GEN_MGTN_19ICLS,Belgium,Female,32.94
2018,IC_GEN_MGTN_19ICLS,Belgium,Female,32.87
2019,IC_GEN_MGTN_19ICLS,Belgium,Female,35.07
2020,IC_GEN_MGTN_19ICLS,Belgium,Female,36.45
2021,IC_GEN_MGTN_19ICLS,Belgium,Female,34.45
2021,IC_GEN_MGTN_19ICLS,Bosnia and Herzegovina,Female,20.17
2000,IC_GEN_MGTN_19ICLS,Bulgaria,Female,37.46
2001,IC_GEN_MGTN_19ICLS,Bulgaria,Female,40.52
2002,IC_GEN_MGTN_19ICLS,Bulgaria,Female,42.31
2003,IC_GEN_MGTN_19ICLS,Bulgaria,Female,37.8
2004,IC_GEN_MGTN_19ICLS,Bulgaria,Female,41.43
2005,IC_GEN_MGTN_19ICLS,Bulgaria,Female,40.61
2006,IC_GEN_MGTN_19ICLS,Bulgaria,Female,37.56
2007,IC_GEN_MGTN_19ICLS,Bulgaria,Female,36.41
2008,IC_GEN_MGTN_19ICLS,Bulgaria,Female,36.23
2009,IC_GEN_MGTN_19ICLS,Bulgaria,Female,36.42
2010,IC_GEN_MGTN_19ICLS,Bulgaria,Female,38.59
2011,IC_GEN_MGTN_19ICLS,Bulgaria,Female,38.04
2012,IC_GEN_MGTN_19ICLS,Bulgaria,Female,36.8
2013,IC_GEN_MGTN_19ICLS,Bulgaria,Female,37.46
2014,IC_GEN_MGTN_19ICLS,Bulgaria,Female,34.27
2015,IC_GEN_MGTN_19ICLS,Bulgaria,Female,37.35
2016,IC_GEN_MGTN_19ICLS,Bulgaria,Female,38.58
2017,IC_GEN_MGTN_19ICLS,Bulgaria,Female,41.78
2018,IC_GEN_MGTN_19ICLS,Bulgaria,Female,39.62
2019,IC_GEN_MGTN_19ICLS,Bulgaria,Female,39.35
2020,IC_GEN_MGTN_19ICLS,Bulgaria,Female,42.12
2021,IC_GEN_MGTN_19ICLS,Bulgaria,Female,38.02
2000,IC_GEN_MGTN_19ICLS,Chile,Female,35.52
2003,IC_GEN_MGTN_19ICLS,Chile,Female,42.6
2006,IC_GEN_MGTN_19ICLS,Chile,Female,28.75
2009,IC_GEN_MGTN_19ICLS,Chile,Female,28.29
2011,IC_GEN_MGTN_19ICLS,Chile,Female,48.55
2013,IC_GEN_MGTN_19ICLS,Chile,Female,44.65
2015,IC_GEN_MGTN_19ICLS,Chile,Female,46.41
2017,IC_GEN_MGTN_19ICLS,Chile,Female,43.07
2020,IC_GEN_MGTN_19ICLS,Chile,Female,37.47
2017,IC_GEN_MGTN_19ICLS,Costa Rica,Female,41.43
2018,IC_GEN_MGTN_19ICLS,Costa Rica,Female,37.52
2019,IC_GEN_MGTN_19ICLS,Costa Rica,Female,42.77
2021,IC_GEN_MGTN_19ICLS,Costa Rica,Female,41.63
2002,IC_GEN_MGTN_19ICLS,Croatia,Female,26.75
2003,IC_GEN_MGTN_19ICLS,Croatia,Female,28.26
2004,IC_GEN_MGTN_19ICLS,Croatia,Female,17.51
2005,IC_GEN_MGTN_19ICLS,Croatia,Female,28.21
2006,IC_GEN_MGTN_19ICLS,Croatia,Female,27.47
2007,IC_GEN_MGTN_19ICLS,Croatia,Female,22.72
2008,IC_GEN_MGTN_19ICLS,Croatia,Female,32.1
2009,IC_GEN_MGTN_19ICLS,Croatia,Female,37.2
2010,IC_GEN_MGTN_19ICLS,Croatia,Female,27.43
2011,IC_GEN_MGTN_19ICLS,Croatia,Female,23.57
2012,IC_GEN_MGTN_19ICLS,Croatia,Female,25.77
2013,IC_GEN_MGTN_19ICLS,Croatia,Female,23.87
2014,IC_GEN_MGTN_19ICLS,Croatia,Female,24.37
2015,IC_GEN_MGTN_19ICLS,Croatia,Female,26.12
2016,IC_GEN_MGTN_19ICLS,Croatia,Female,29.5
2017,IC_GEN_MGTN_19ICLS,Croatia,Female,27.88
2018,IC_GEN_MGTN_19ICLS,Croatia,Female,26.09
2019,IC_GEN_MGTN_19ICLS,Croatia,Female,24.27
2020,IC_GEN_MGTN_19ICLS,Croatia,Female,29.13
2021,IC_GEN_MGTN_19ICLS,Croatia,Female,29.61
2000,IC_GEN_MGTN_19ICLS,Cyprus,Female,18.49
2001,IC_GEN_MGTN_19ICLS,Cyprus,Female,18.55
2002,IC_GEN_MGTN_19ICLS,Cyprus,Female,17.3
2003,IC_GEN_MGTN_19ICLS,Cyprus,Female,17.94
2004,IC_GEN_MGTN_19ICLS,Cyprus,Female,15.57
2005,IC_GEN_MGTN_19ICLS,Cyprus,Female,17.07
2006,IC_GEN_MGTN_19ICLS,Cyprus,Female,17.23
2007,IC_GEN_MGTN_19ICLS,Cyprus,Female,17.69
2008,IC_GEN_MGTN_19ICLS,Cyprus,Female,20.44
2009,IC_GEN_MGTN_19ICLS,Cyprus,Female,13.76
2010,IC_GEN_MGTN_19ICLS,Cyprus,Female,14.32
2011,IC_GEN_MGTN_19ICLS,Cyprus,Female,14.67
2012,IC_GEN_MGTN_19ICLS,Cyprus,Female,16.44
2013,IC_GEN_MGTN_19ICLS,Cyprus,Female,18.7
2014,IC_GEN_MGTN_19ICLS,Cyprus,Female,18.14
2015,IC_GEN_MGTN_19ICLS,Cyprus,Female,25.22
2016,IC_GEN_MGTN_19ICLS,Cyprus,Female,26.99
2017,IC_GEN_MGTN_19ICLS,Cyprus,Female,22.35
2018,IC_GEN_MGTN_19ICLS,Cyprus,Female,19.7
2019,IC_GEN_MGTN_19ICLS,Cyprus,Female,23.74
2020,IC_GEN_MGTN_19ICLS,Cyprus,Female,25.22
2021,IC_GEN_MGTN_19ICLS,Cyprus,Female,22.43
2000,IC_GEN_MGTN_19ICLS,Czechia,Female,27.83
2001,IC_GEN_MGTN_19ICLS,Czechia,Female,28.9
2002,IC_GEN_MGTN_19ICLS,Czechia,Female,28.77
2003,IC_GEN_MGTN_19ICLS,Czechia,Female,30.37
2004,IC_GEN_MGTN_19ICLS,Czechia,Female,29.42
2005,IC_GEN_MGTN_19ICLS,Czechia,Female,31.6
2006,IC_GEN_MGTN_19ICLS,Czechia,Female,30.7
2007,IC_GEN_MGTN_19ICLS,Czechia,Female,29.5
2008,IC_GEN_MGTN_19ICLS,Czechia,Female,29.29
2009,IC_GEN_MGTN_19ICLS,Czechia,Female,28.91
2010,IC_GEN_MGTN_19ICLS,Czechia,Female,27.84
2011,IC_GEN_MGTN_19ICLS,Czechia,Female,23.76
2012,IC_GEN_MGTN_19ICLS,Czechia,Female,22.92
2013,IC_GEN_MGTN_19ICLS,Czechia,Female,24.34
2014,IC_GEN_MGTN_19ICLS,Czechia,Female,26.31
2015,IC_GEN_MGTN_19ICLS,Czechia,Female,27.52
2016,IC_GEN_MGTN_19ICLS,Czechia,Female,23.02
2017,IC_GEN_MGTN_19ICLS,Czechia,Female,23.96
2018,IC_GEN_MGTN_19ICLS,Czechia,Female,26.2
2019,IC_GEN_MGTN_19ICLS,Czechia,Female,26.61
2020,IC_GEN_MGTN_19ICLS,Czechia,Female,27.43
2021,IC_GEN_MGTN_19ICLS,Czechia,Female,27.63
2000,IC_GEN_MGTN_19ICLS,Denmark,Female,19.74
2001,IC_GEN_MGTN_19ICLS,Denmark,Female,17.57
2002,IC_GEN_MGTN_19ICLS,Denmark,Female,17.88
2003,IC_GEN_MGTN_19ICLS,Denmark,Female,20.48
2004,IC_GEN_MGTN_19ICLS,Denmark,Female,20.62
2005,IC_GEN_MGTN_19ICLS,Denmark,Female,21.36
2006,IC_GEN_MGTN_19ICLS,Denmark,Female,20.36
2007,IC_GEN_MGTN_19ICLS,Denmark,Female,25.3
2008,IC_GEN_MGTN_19ICLS,Denmark,Female,19.42
2009,IC_GEN_MGTN_19ICLS,Denmark,Female,19.89
2010,IC_GEN_MGTN_19ICLS,Denmark,Female,19.14
2011,IC_GEN_MGTN_19ICLS,Denmark,Female,28.5
2012,IC_GEN_MGTN_19ICLS,Denmark,Female,28.56
2013,IC_GEN_MGTN_19ICLS,Denmark,Female,26.96
2014,IC_GEN_MGTN_19ICLS,Denmark,Female,25.86
2015,IC_GEN_MGTN_19ICLS,Denmark,Female,26.19
2016,IC_GEN_MGTN_19ICLS,Denmark,Female,28.01
2017,IC_GEN_MGTN_19ICLS,Denmark,Female,27.0
2018,IC_GEN_MGTN_19ICLS,Denmark,Female,26.33
2019,IC_GEN_MGTN_19ICLS,Denmark,Female,26.63
2020,IC_GEN_MGTN_19ICLS,Denmark,Female,28.03
2021,IC_GEN_MGTN_19ICLS,Denmark,Female,29.43
2000,IC_GEN_MGTN_19ICLS,Estonia,Female,34.83
2001,IC_GEN_MGTN_19ICLS,Estonia,Female,38.17
2002,IC_GEN_MGTN_19ICLS,Estonia,Female,37.17
2003,IC_GEN_MGTN_19ICLS,Estonia,Female,34.8
2004,IC_GEN_MGTN_19ICLS,Estonia,Female,41.23
2005,IC_GEN_MGTN_19ICLS,Estonia,Female,41.04
2006,IC_GEN_MGTN_19ICLS,Estonia,Female,39.63
2007,IC_GEN_MGTN_19ICLS,Estonia,Female,34.91
2008,IC_GEN_MGTN_19ICLS,Estonia,Female,36.6
2009,IC_GEN_MGTN_19ICLS,Estonia,Female,34.34
2010,IC_GEN_MGTN_19ICLS,Estonia,Female,38.37
2011,IC_GEN_MGTN_19ICLS,Estonia,Female,34.63
2012,IC_GEN_MGTN_19ICLS,Estonia,Female,31.62
2013,IC_GEN_MGTN_19ICLS,Estonia,Female,32.81
2014,IC_GEN_MGTN_19ICLS,Estonia,Female,30.84
2015,IC_GEN_MGTN_19ICLS,Estonia,Female,27.84
2016,IC_GEN_MGTN_19ICLS,Estonia,Female,31.63
2017,IC_GEN_MGTN_19ICLS,Estonia,Female,34.33
2018,IC_GEN_MGTN_19ICLS,Estonia,Female,33.24
2019,IC_GEN_MGTN_19ICLS,Estonia,Female,35.11
2020,IC_GEN_MGTN_19ICLS,Estonia,Female,35.83
2000,IC_GEN_MGTN_19ICLS,Finland,Female,27.55
2001,IC_GEN_MGTN_19ICLS,Finland,Female,29.74
2002,IC_GEN_MGTN_19ICLS,Finland,Female,30.23
2003,IC_GEN_MGTN_19ICLS,Finland,Female,30.93
2004,IC_GEN_MGTN_19ICLS,Finland,Female,30.68
2005,IC_GEN_MGTN_19ICLS,Finland,Female,32.82
2006,IC_GEN_MGTN_19ICLS,Finland,Female,33.61
2007,IC_GEN_MGTN_19ICLS,Finland,Female,32.06
2008,IC_GEN_MGTN_19ICLS,Finland,Female,32.36
2009,IC_GEN_MGTN_19ICLS,Finland,Female,35.42
2010,IC_GEN_MGTN_19ICLS,Finland,Female,32.75
2011,IC_GEN_MGTN_19ICLS,Finland,Female,32.01
2012,IC_GEN_MGTN_19ICLS,Finland,Female,30.57
2013,IC_GEN_MGTN_19ICLS,Finland,Female,31.26
2014,IC_GEN_MGTN_19ICLS,Finland,Female,33.31
2015,IC_GEN_MGTN_19ICLS,Finland,Female,37.2
2016,IC_GEN_MGTN_19ICLS,Finland,Female,30.68
2017,IC_GEN_MGTN_19ICLS,Finland,Female,33.05
2018,IC_GEN_MGTN_19ICLS,Finland,Female,30.96
2019,IC_GEN_MGTN_19ICLS,Finland,Female,33.37
2020,IC_GEN_MGTN_19ICLS,Finland,Female,40.82
2021,IC_GEN_MGTN_19ICLS,Finland,Female,35.61
2000,IC_GEN_MGTN_19ICLS,France,Female,31.55
2001,IC_GEN_MGTN_19ICLS,France,Female,32.56
2002,IC_GEN_MGTN_19ICLS,France,Female,34.49
2005,IC_GEN_MGTN_19ICLS,France,Female,36.37
2006,IC_GEN_MGTN_19ICLS,France,Female,37.01
2007,IC_GEN_MGTN_19ICLS,France,Female,36.46
2008,IC_GEN_MGTN_19ICLS,France,Female,36.79
2009,IC_GEN_MGTN_19ICLS,France,Female,37.37
2010,IC_GEN_MGTN_19ICLS,France,Female,38.59
2011,IC_GEN_MGTN_19ICLS,France,Female,39.13
2012,IC_GEN_MGTN_19ICLS,France,Female,39.2
2013,IC_GEN_MGTN_19ICLS,France,Female,35.58
2014,IC_GEN_MGTN_19ICLS,France,Female,32.03
2015,IC_GEN_MGTN_19ICLS,France,Female,30.93
2016,IC_GEN_MGTN_19ICLS,France,Female,31.07
2017,IC_GEN_MGTN_19ICLS,France,Female,32.64
2018,IC_GEN_MGTN_19ICLS,France,Female,34.38
2019,IC_GEN_MGTN_19ICLS,France,Female,34.3
2020,IC_GEN_MGTN_19ICLS,France,Female,34.95
2021,IC_GEN_MGTN_19ICLS,France,Female,36.76
2020,IC_GEN_MGTN_19ICLS,Georgia,Female,33.76
2021,IC_GEN_MGTN_19ICLS,Georgia,Female,33.9
2000,IC_GEN_MGTN_19ICLS,Germany,Female,20.75
2001,IC_GEN_MGTN_19ICLS,Germany,Female,20.55
2002,IC_GEN_MGTN_19ICLS,Germany,Female,22.09
2003,IC_GEN_MGTN_19ICLS,Germany,Female,23.14
2004,IC_GEN_MGTN_19ICLS,Germany,Female,22.75
2005,IC_GEN_MGTN_19ICLS,Germany,Female,23.51
2006,IC_GEN_MGTN_19ICLS,Germany,Female,23.74
2007,IC_GEN_MGTN_19ICLS,Germany,Female,23.13
2008,IC_GEN_MGTN_19ICLS,Germany,Female,26.85
2009,IC_GEN_MGTN_19ICLS,Germany,Female,25.03
2010,IC_GEN_MGTN_19ICLS,Germany,Female,26.26
2011,IC_GEN_MGTN_19ICLS,Germany,Female,24.68
2012,IC_GEN_MGTN_19ICLS,Germany,Female,27.14
2013,IC_GEN_MGTN_19ICLS,Germany,Female,27.39
2014,IC_GEN_MGTN_19ICLS,Germany,Female,27.53
2015,IC_GEN_MGTN_19ICLS,Germany,Female,27.56
2016,IC_GEN_MGTN_19ICLS,Germany,Female,28.23
2017,IC_GEN_MGTN_19ICLS,Germany,Female,27.95
2018,IC_GEN_MGTN_19ICLS,Germany,Female,28.22
2019,IC_GEN_MGTN_19ICLS,Germany,Female,28.76
2020,IC_GEN_MGTN_19ICLS,Germany,Female,27.96
2021,IC_GEN_MGTN_19ICLS,Germany,Female,26.53
2000,IC_GEN_MGTN_19ICLS,Greece,Female,25.0
2001,IC_GEN_MGTN_19ICLS,Greece,Female,24.81
2002,IC_GEN_MGTN_19ICLS,Greece,Female,25.33
2003,IC_GEN_MGTN_19ICLS,Greece,Female,26.36
2004,IC_GEN_MGTN_19ICLS,Greece,Female,25.76
2005,IC_GEN_MGTN_19ICLS,Greece,Female,26.36
2006,IC_GEN_MGTN_19ICLS,Greece,Female,26.66
2007,IC_GEN_MGTN_19ICLS,Greece,Female,28.03
2008,IC_GEN_MGTN_19ICLS,Greece,Female,28.3
2009,IC_GEN_MGTN_19ICLS,Greece,Female,29.8
2010,IC_GEN_MGTN_19ICLS,Greece,Female,29.85
2011,IC_GEN_MGTN_19ICLS,Greece,Female,22.08
2012,IC_GEN_MGTN_19ICLS,Greece,Female,22.17
2013,IC_GEN_MGTN_19ICLS,Greece,Female,25.66
2014,IC_GEN_MGTN_19ICLS,Greece,Female,27.75
2015,IC_GEN_MGTN_19ICLS,Greece,Female,24.76
2016,IC_GEN_MGTN_19ICLS,Greece,Female,24.7
2017,IC_GEN_MGTN_19ICLS,Greece,Female,29.88
2018,IC_GEN_MGTN_19ICLS,Greece,Female,30.4
2019,IC_GEN_MGTN_19ICLS,Greece,Female,30.54
2020,IC_GEN_MGTN_19ICLS,Greece,Female,28.44
2021,IC_GEN_MGTN_19ICLS,Greece,Female,29.44
2000,IC_GEN_MGTN_19ICLS,Hungary,Female,34.19
2001,IC_GEN_MGTN_19ICLS,Hungary,Female,37.65
2002,IC_GEN_MGTN_19ICLS,Hungary,Female,37.86
2003,IC_GEN_MGTN_19ICLS,Hungary,Female,37.19
2004,IC_GEN_MGTN_19ICLS,Hungary,Female,36.65
2005,IC_GEN_MGTN_19ICLS,Hungary,Female,39.4
2006,IC_GEN_MGTN_19ICLS,Hungary,Female,40.94
2007,IC_GEN_MGTN_19ICLS,Hungary,Female,39.04
2008,IC_GEN_MGTN_19ICLS,Hungary,Female,40.78
2009,IC_GEN_MGTN_19ICLS,Hungary,Female,39.9
2010,IC_GEN_MGTN_19ICLS,Hungary,Female,39.96
2011,IC_GEN_MGTN_19ICLS,Hungary,Female,38.22
2012,IC_GEN_MGTN_19ICLS,Hungary,Female,36.26
2013,IC_GEN_MGTN_19ICLS,Hungary,Female,38.26
2014,IC_GEN_MGTN_19ICLS,Hungary,Female,37.59
2015,IC_GEN_MGTN_19ICLS,Hungary,Female,39.06
2016,IC_GEN_MGTN_19ICLS,Hungary,Female,37.72
2017,IC_GEN_MGTN_19ICLS,Hungary,Female,37.64
2018,IC_GEN_MGTN_19ICLS,Hungary,Female,37.05
2019,IC_GEN_MGTN_19ICLS,Hungary,Female,35.9
2020,IC_GEN_MGTN_19ICLS,Hungary,Female,36.78
2021,IC_GEN_MGTN_19ICLS,Hungary,Female,36.02
2000,IC_GEN_MGTN_19ICLS,Iceland,Female,30.41
2001,IC_GEN_MGTN_19ICLS,Iceland,Female,30.18
2002,IC_GEN_MGTN_19ICLS,Iceland,Female,32.26
2003,IC_GEN_MGTN_19ICLS,Iceland,Female,40.0
2004,IC_GEN_MGTN_19ICLS,Iceland,Female,38.12
2005,IC_GEN_MGTN_19ICLS,Iceland,Female,30.04
2006,IC_GEN_MGTN_19ICLS,Iceland,Female,33.97
2007,IC_GEN_MGTN_19ICLS,Iceland,Female,33.05
2008,IC_GEN_MGTN_19ICLS,Iceland,Female,36.96
2009,IC_GEN_MGTN_19ICLS,Iceland,Female,38.35
2010,IC_GEN_MGTN_19ICLS,Iceland,Female,37.14
2011,IC_GEN_MGTN_19ICLS,Iceland,Female,39.09
2012,IC_GEN_MGTN_19ICLS,Iceland,Female,38.2
2013,IC_GEN_MGTN_19ICLS,Iceland,Female,37.83
2014,IC_GEN_MGTN_19ICLS,Iceland,Female,38.24
2015,IC_GEN_MGTN_19ICLS,Iceland,Female,39.51
2016,IC_GEN_MGTN_19ICLS,Iceland,Female,34.76
2017,IC_GEN_MGTN_19ICLS,Iceland,Female,32.96
2018,IC_GEN_MGTN_19ICLS,Iceland,Female,43.05
2019,IC_GEN_MGTN_19ICLS,Iceland,Female,44.01
2020,IC_GEN_MGTN_19ICLS,Iceland,Female,38.62
2021,IC_GEN_MGTN_19ICLS,Iceland,Female,37.34
2000,IC_GEN_MGTN_19ICLS,Ireland,Female,35.23
2001,IC_GEN_MGTN_19ICLS,Ireland,Female,39.89
2002,IC_GEN_MGTN_19ICLS,Ireland,Female,38.66
2003,IC_GEN_MGTN_19ICLS,Ireland,Female,40.8
2004,IC_GEN_MGTN_19ICLS,Ireland,Female,39.72
2005,IC_GEN_MGTN_19ICLS,Ireland,Female,42.76
2006,IC_GEN_MGTN_19ICLS,Ireland,Female,41.79
2007,IC_GEN_MGTN_19ICLS,Ireland,Female,40.26
2008,IC_GEN_MGTN_19ICLS,Ireland,Female,42.22
2009,IC_GEN_MGTN_19ICLS,Ireland,Female,40.97
2010,IC_GEN_MGTN_19ICLS,Ireland,Female,40.71
2011,IC_GEN_MGTN_19ICLS,Ireland,Female,30.42
2012,IC_GEN_MGTN_19ICLS,Ireland,Female,30.6
2013,IC_GEN_MGTN_19ICLS,Ireland,Female,30.49
2014,IC_GEN_MGTN_19ICLS,Ireland,Female,31.64
2015,IC_GEN_MGTN_19ICLS,Ireland,Female,30.93
2016,IC_GEN_MGTN_19ICLS,Ireland,Female,32.37
2017,IC_GEN_MGTN_19ICLS,Ireland,Female,31.89
2018,IC_GEN_MGTN_19ICLS,Ireland,Female,33.51
2019,IC_GEN_MGTN_19ICLS,Ireland,Female,31.26
2020,IC_GEN_MGTN_19ICLS,Ireland,Female,32.25
2012,IC_GEN_MGTN_19ICLS,Israel,Female,31.7
2013,IC_GEN_MGTN_19ICLS,Israel,Female,32.5
2014,IC_GEN_MGTN_19ICLS,Israel,Female,32.41
2015,IC_GEN_MGTN_19ICLS,Israel,Female,31.93
2016,IC_GEN_MGTN_19ICLS,Israel,Female,34.33
2017,IC_GEN_MGTN_19ICLS,Israel,Female,34.84
2018,IC_GEN_MGTN_19ICLS,Israel,Female,33.45
2019,IC_GEN_MGTN_19ICLS,Israel,Female,30.83
2020,IC_GEN_MGTN_19ICLS,Israel,Female,28.78
2021,IC_GEN_MGTN_19ICLS,Israel,Female,30.06
2000,IC_GEN_MGTN_19ICLS,Italy,Female,14.32
2001,IC_GEN_MGTN_19ICLS,Italy,Female,18.75
2002,IC_GEN_MGTN_19ICLS,Italy,Female,20.18
2003,IC_GEN_MGTN_19ICLS,Italy,Female,20.84
2004,IC_GEN_MGTN_19ICLS,Italy,Female,18.77
2005,IC_GEN_MGTN_19ICLS,Italy,Female,19.67
2006,IC_GEN_MGTN_19ICLS,Italy,Female,21.77
2007,IC_GEN_MGTN_19ICLS,Italy,Female,22.03
2008,IC_GEN_MGTN_19ICLS,Italy,Female,21.62
2009,IC_GEN_MGTN_19ICLS,Italy,Female,21.57
2010,IC_GEN_MGTN_19ICLS,Italy,Female,21.16
2011,IC_GEN_MGTN_19ICLS,Italy,Female,21.59
2012,IC_GEN_MGTN_19ICLS,Italy,Female,22.21
2013,IC_GEN_MGTN_19ICLS,Italy,Female,22.02
2014,IC_GEN_MGTN_19ICLS,Italy,Female,21.9
2015,IC_GEN_MGTN_19ICLS,Italy,Female,21.75
2016,IC_GEN_MGTN_19ICLS,Italy,Female,22.04
2017,IC_GEN_MGTN_19ICLS,Italy,Female,22.34
2018,IC_GEN_MGTN_19ICLS,Italy,Female,23.15
2019,IC_GEN_MGTN_19ICLS,Italy,Female,23.27
2020,IC_GEN_MGTN_19ICLS,Italy,Female,22.99
2021,IC_GEN_MGTN_19ICLS,Italy,Female,24.4
2000,IC_GEN_MGTN_19ICLS,Japan,Female,9.41
2001,IC_GEN_MGTN_19ICLS,Japan,Female,9.16
2002,IC_GEN_MGTN_19ICLS,Japan,Female,9.71
2003,IC_GEN_MGTN_19ICLS,Japan,Female,9.49
2004,IC_GEN_MGTN_19ICLS,Japan,Female,9.54
2005,IC_GEN_MGTN_19ICLS,Japan,Female,9.93
2006,IC_GEN_MGTN_19ICLS,Japan,Female,10.21
2007,IC_GEN_MGTN_19ICLS,Japan,Female,9.51
2008,IC_GEN_MGTN_19ICLS,Japan,Female,9.53
2009,IC_GEN_MGTN_19ICLS,Japan,Female,10.23
2010,IC_GEN_MGTN_19ICLS,Japan,Female,10.41
2011,IC_GEN_MGTN_19ICLS,Japan,Female,11.74
2012,IC_GEN_MGTN_19ICLS,Japan,Female,11.31
2013,IC_GEN_MGTN_19ICLS,Japan,Female,10.85
2014,IC_GEN_MGTN_19ICLS,Japan,Female,11.39
2015,IC_GEN_MGTN_19ICLS,Japan,Female,12.05
2016,IC_GEN_MGTN_19ICLS,Japan,Female,13.33
2017,IC_GEN_MGTN_19ICLS,Japan,Female,12.78
2018,IC_GEN_MGTN_19ICLS,Japan,Female,14.38
2019,IC_GEN_MGTN_19ICLS,Japan,Female,14.72
2020,IC_GEN_MGTN_19ICLS,Japan,Female,13.06
2000,IC_GEN_MGTN_19ICLS,Latvia,Female,37.07
2001,IC_GEN_MGTN_19ICLS,Latvia,Female,39.98
2002,IC_GEN_MGTN_19ICLS,Latvia,Female,38.09
2003,IC_GEN_MGTN_19ICLS,Latvia,Female,45.38
2004,IC_GEN_MGTN_19ICLS,Latvia,Female,42.47
2005,IC_GEN_MGTN_19ICLS,Latvia,Female,42.0
2006,IC_GEN_MGTN_19ICLS,Latvia,Female,40.86
2007,IC_GEN_MGTN_19ICLS,Latvia,Female,42.11
2008,IC_GEN_MGTN_19ICLS,Latvia,Female,41.25
2009,IC_GEN_MGTN_19ICLS,Latvia,Female,41.46
2010,IC_GEN_MGTN_19ICLS,Latvia,Female,39.08
2011,IC_GEN_MGTN_19ICLS,Latvia,Female,44.34
2012,IC_GEN_MGTN_19ICLS,Latvia,Female,44.64
2013,IC_GEN_MGTN_19ICLS,Latvia,Female,42.22
2014,IC_GEN_MGTN_19ICLS,Latvia,Female,42.05
2015,IC_GEN_MGTN_19ICLS,Latvia,Female,44.26
2016,IC_GEN_MGTN_19ICLS,Latvia,Female,46.3
2017,IC_GEN_MGTN_19ICLS,Latvia,Female,45.0
2018,IC_GEN_MGTN_19ICLS,Latvia,Female,43.63
2019,IC_GEN_MGTN_19ICLS,Latvia,Female,41.74
2020,IC_GEN_MGTN_19ICLS,Latvia,Female,52.2
2021,IC_GEN_MGTN_19ICLS,Latvia,Female,42.82
2000,IC_GEN_MGTN_19ICLS,Lithuania,Female,42.48
2001,IC_GEN_MGTN_19ICLS,Lithuania,Female,50.03
2002,IC_GEN_MGTN_19ICLS,Lithuania,Female,48.59
2003,IC_GEN_MGTN_19ICLS,Lithuania,Female,41.49
2004,IC_GEN_MGTN_19ICLS,Lithuania,Female,46.8
2005,IC_GEN_MGTN_19ICLS,Lithuania,Female,44.96
2006,IC_GEN_MGTN_19ICLS,Lithuania,Female,42.76
2007,IC_GEN_MGTN_19ICLS,Lithuania,Female,40.28
2008,IC_GEN_MGTN_19ICLS,Lithuania,Female,41.45
2009,IC_GEN_MGTN_19ICLS,Lithuania,Female,40.29
2010,IC_GEN_MGTN_19ICLS,Lithuania,Female,41.98
2011,IC_GEN_MGTN_19ICLS,Lithuania,Female,36.47
2012,IC_GEN_MGTN_19ICLS,Lithuania,Female,35.3
2013,IC_GEN_MGTN_19ICLS,Lithuania,Female,36.46
2014,IC_GEN_MGTN_19ICLS,Lithuania,Female,35.36
2015,IC_GEN_MGTN_19ICLS,Lithuania,Female,38.1
2016,IC_GEN_MGTN_19ICLS,Lithuania,Female,38.82
2017,IC_GEN_MGTN_19ICLS,Lithuania,Female,37.92
2018,IC_GEN_MGTN_19ICLS,Lithuania,Female,38.16
2019,IC_GEN_MGTN_19ICLS,Lithuania,Female,38.59
2020,IC_GEN_MGTN_19ICLS,Lithuania,Female,37.33
2021,IC_GEN_MGTN_19ICLS,Lithuania,Female,36.18
2000,IC_GEN_MGTN_19ICLS,Luxembourg,Female,24.13
2001,IC_GEN_MGTN_19ICLS,Luxembourg,Female,11.1
2002,IC_GEN_MGTN_19ICLS,Luxembourg,Female,14.92
2003,IC_GEN_MGTN_19ICLS,Luxembourg,Female,11.17
2004,IC_GEN_MGTN_19ICLS,Luxembourg,Female,12.17
2005,IC_GEN_MGTN_19ICLS,Luxembourg,Female,9.35
2006,IC_GEN_MGTN_19ICLS,Luxembourg,Female,21.16
2007,IC_GEN_MGTN_19ICLS,Luxembourg,Female,9.74
2008,IC_GEN_MGTN_19ICLS,Luxembourg,Female,15.31
2009,IC_GEN_MGTN_19ICLS,Luxembourg,Female,15.02
2010,IC_GEN_MGTN_19ICLS,Luxembourg,Female,19.99
2011,IC_GEN_MGTN_19ICLS,Luxembourg,Female,17.62
2012,IC_GEN_MGTN_19ICLS,Luxembourg,Female,16.88
2013,IC_GEN_MGTN_19ICLS,Luxembourg,Female,14.71
2014,IC_GEN_MGTN_19ICLS,Luxembourg,Female,17.73
2015,IC_GEN_MGTN_19ICLS,Luxembourg,Female,15.46
2016,IC_GEN_MGTN_19ICLS,Luxembourg,Female,25.4
2017,IC_GEN_MGTN_19ICLS,Luxembourg,Female,13.54
2018,IC_GEN_MGTN_19ICLS,Luxembourg,Female,23.67
2019,IC_GEN_MGTN_19ICLS,Luxembourg,Female,26.56
2020,IC_GEN_MGTN_19ICLS,Luxembourg,Female,29.13
2021,IC_GEN_MGTN_19ICLS,Luxembourg,Female,20.2
2000,IC_GEN_MGTN_19ICLS,Netherlands (Kingdom of the),Female,21.53
2001,IC_GEN_MGTN_19ICLS,Netherlands (Kingdom of the),Female,22.4
2002,IC_GEN_MGTN_19ICLS,Netherlands (Kingdom of the),Female,21.7
2003,IC_GEN_MGTN_19ICLS,Netherlands (Kingdom of the),Female,21.38
2004,IC_GEN_MGTN_19ICLS,Netherlands (Kingdom of the),Female,22.33
2005,IC_GEN_MGTN_19ICLS,Netherlands (Kingdom of the),Female,22.31
2006,IC_GEN_MGTN_19ICLS,Netherlands (Kingdom of the),Female,24.23
2007,IC_GEN_MGTN_19ICLS,Netherlands (Kingdom of the),Female,25.76
2008,IC_GEN_MGTN_19ICLS,Netherlands (Kingdom of the),Female,25.68
2009,IC_GEN_MGTN_19ICLS,Netherlands (Kingdom of the),Female,26.08
2010,IC_GEN_MGTN_19ICLS,Netherlands (Kingdom of the),Female,27.22
2011,IC_GEN_MGTN_19ICLS,Netherlands (Kingdom of the),Female,28.31
2012,IC_GEN_MGTN_19ICLS,Netherlands (Kingdom of the),Female,28.75
2013,IC_GEN_MGTN_19ICLS,Netherlands (Kingdom of the),Female,21.99
2014,IC_GEN_MGTN_19ICLS,Netherlands (Kingdom of the),Female,24.79
2015,IC_GEN_MGTN_19ICLS,Netherlands (Kingdom of the),Female,22.94
2016,IC_GEN_MGTN_19ICLS,Netherlands (Kingdom of the),Female,24.84
2017,IC_GEN_MGTN_19ICLS,Netherlands (Kingdom of the),Female,25.49
2018,IC_GEN_MGTN_19ICLS,Netherlands (Kingdom of the),Female,24.11
2019,IC_GEN_MGTN_19ICLS,Netherlands (Kingdom of the),Female,28.4
2020,IC_GEN_MGTN_19ICLS,Netherlands (Kingdom of the),Female,23.21
2021,IC_GEN_MGTN_19ICLS,Netherlands (Kingdom of the),Female,26.33
2000,IC_GEN_MGTN_19ICLS,Norway,Female,24.74
2001,IC_GEN_MGTN_19ICLS,Norway,Female,25.64
2002,IC_GEN_MGTN_19ICLS,Norway,Female,27.66
2003,IC_GEN_MGTN_19ICLS,Norway,Female,28.18
2004,IC_GEN_MGTN_19ICLS,Norway,Female,29.71
2005,IC_GEN_MGTN_19ICLS,Norway,Female,31.04
2006,IC_GEN_MGTN_19ICLS,Norway,Female,30.66
2007,IC_GEN_MGTN_19ICLS,Norway,Female,33.87
2008,IC_GEN_MGTN_19ICLS,Norway,Female,31.88
2009,IC_GEN_MGTN_19ICLS,Norway,Female,35.13
2010,IC_GEN_MGTN_19ICLS,Norway,Female,35.56
2011,IC_GEN_MGTN_19ICLS,Norway,Female,30.91
2012,IC_GEN_MGTN_19ICLS,Norway,Female,33.3
2013,IC_GEN_MGTN_19ICLS,Norway,Female,32.23
2014,IC_GEN_MGTN_19ICLS,Norway,Female,31.07
2015,IC_GEN_MGTN_19ICLS,Norway,Female,34.34
2016,IC_GEN_MGTN_19ICLS,Norway,Female,34.01
2017,IC_GEN_MGTN_19ICLS,Norway,Female,35.86
2018,IC_GEN_MGTN_19ICLS,Norway,Female,33.06
2019,IC_GEN_MGTN_19ICLS,Norway,Female,32.38
2020,IC_GEN_MGTN_19ICLS,Norway,Female,32.43
2021,IC_GEN_MGTN_19ICLS,Norway,Female,30.66
2000,IC_GEN_MGTN_19ICLS,Poland,Female,31.35
2001,IC_GEN_MGTN_19ICLS,Poland,Female,27.67
2002,IC_GEN_MGTN_19ICLS,Poland,Female,29.32
2003,IC_GEN_MGTN_19ICLS,Poland,Female,33.98
2004,IC_GEN_MGTN_19ICLS,Poland,Female,35.35
2005,IC_GEN_MGTN_19ICLS,Poland,Female,34.06
2006,IC_GEN_MGTN_19ICLS,Poland,Female,36.06
2007,IC_GEN_MGTN_19ICLS,Poland,Female,37.12
2008,IC_GEN_MGTN_19ICLS,Poland,Female,36.2
2009,IC_GEN_MGTN_19ICLS,Poland,Female,36.03
2010,IC_GEN_MGTN_19ICLS,Poland,Female,37.46
2011,IC_GEN_MGTN_19ICLS,Poland,Female,35.91
2012,IC_GEN_MGTN_19ICLS,Poland,Female,35.04
2013,IC_GEN_MGTN_19ICLS,Poland,Female,35.45
2014,IC_GEN_MGTN_19ICLS,Poland,Female,36.36
2015,IC_GEN_MGTN_19ICLS,Poland,Female,37.43
2016,IC_GEN_MGTN_19ICLS,Poland,Female,38.13
2017,IC_GEN_MGTN_19ICLS,Poland,Female,38.19
2018,IC_GEN_MGTN_19ICLS,Poland,Female,39.52
2019,IC_GEN_MGTN_19ICLS,Poland,Female,41.15
2020,IC_GEN_MGTN_19ICLS,Poland,Female,41.44
2021,IC_GEN_MGTN_19ICLS,Poland,Female,39.61
2000,IC_GEN_MGTN_19ICLS,Portugal,Female,21.89
2001,IC_GEN_MGTN_19ICLS,Portugal,Female,22.64
2002,IC_GEN_MGTN_19ICLS,Portugal,Female,28.34
2003,IC_GEN_MGTN_19ICLS,Portugal,Female,27.08
2004,IC_GEN_MGTN_19ICLS,Portugal,Female,30.05
2005,IC_GEN_MGTN_19ICLS,Portugal,Female,29.12
2006,IC_GEN_MGTN_19ICLS,Portugal,Female,31.43
2007,IC_GEN_MGTN_19ICLS,Portugal,Female,30.81
2008,IC_GEN_MGTN_19ICLS,Portugal,Female,31.32
2009,IC_GEN_MGTN_19ICLS,Portugal,Female,34.4
2010,IC_GEN_MGTN_19ICLS,Portugal,Female,35.71
2011,IC_GEN_MGTN_19ICLS,Portugal,Female,26.15
2012,IC_GEN_MGTN_19ICLS,Portugal,Female,27.9
2013,IC_GEN_MGTN_19ICLS,Portugal,Female,27.61
2014,IC_GEN_MGTN_19ICLS,Portugal,Female,31.84
2015,IC_GEN_MGTN_19ICLS,Portugal,Female,30.37
2016,IC_GEN_MGTN_19ICLS,Portugal,Female,32.24
2017,IC_GEN_MGTN_19ICLS,Portugal,Female,30.44
2018,IC_GEN_MGTN_19ICLS,Portugal,Female,32.16
2019,IC_GEN_MGTN_19ICLS,Portugal,Female,36.97
2020,IC_GEN_MGTN_19ICLS,Portugal,Female,35.73
2021,IC_GEN_MGTN_19ICLS,Portugal,Female,33.24
2000,IC_GEN_MGTN_19ICLS,Romania,Female,26.8
2001,IC_GEN_MGTN_19ICLS,Romania,Female,28.46
2002,IC_GEN_MGTN_19ICLS,Romania,Female,33.25
2003,IC_GEN_MGTN_19ICLS,Romania,Female,33.22
2004,IC_GEN_MGTN_19ICLS,Romania,Female,28.88
2005,IC_GEN_MGTN_19ICLS,Romania,Female,31.69
2006,IC_GEN_MGTN_19ICLS,Romania,Female,33.69
2007,IC_GEN_MGTN_19ICLS,Romania,Female,32.55
2008,IC_GEN_MGTN_19ICLS,Romania,Female,34.34
2009,IC_GEN_MGTN_19ICLS,Romania,Female,36.4
2010,IC_GEN_MGTN_19ICLS,Romania,Female,36.28
2011,IC_GEN_MGTN_19ICLS,Romania,Female,31.85
2012,IC_GEN_MGTN_19ICLS,Romania,Female,30.83
2013,IC_GEN_MGTN_19ICLS,Romania,Female,30.58
2014,IC_GEN_MGTN_19ICLS,Romania,Female,30.73
2015,IC_GEN_MGTN_19ICLS,Romania,Female,31.53
2016,IC_GEN_MGTN_19ICLS,Romania,Female,32.42
2017,IC_GEN_MGTN_19ICLS,Romania,Female,30.09
2018,IC_GEN_MGTN_19ICLS,Romania,Female,30.06
2019,IC_GEN_MGTN_19ICLS,Romania,Female,34.19
2020,IC_GEN_MGTN_19ICLS,Romania,Female,35.13
2021,IC_GEN_MGTN_19ICLS,Romania,Female,35.79
2008,IC_GEN_MGTN_19ICLS,Serbia,Female,36.57
2009,IC_GEN_MGTN_19ICLS,Serbia,Female,39.41
2010,IC_GEN_MGTN_19ICLS,Serbia,Female,34.62
2011,IC_GEN_MGTN_19ICLS,Serbia,Female,32.8
2012,IC_GEN_MGTN_19ICLS,Serbia,Female,29.07
2013,IC_GEN_MGTN_19ICLS,Serbia,Female,32.68
2014,IC_GEN_MGTN_19ICLS,Serbia,Female,31.46
2015,IC_GEN_MGTN_19ICLS,Serbia,Female,30.9
2016,IC_GEN_MGTN_19ICLS,Serbia,Female,30.89
2017,IC_GEN_MGTN_19ICLS,Serbia,Female,30.26
2018,IC_GEN_MGTN_19ICLS,Serbia,Female,29.79
2019,IC_GEN_MGTN_19ICLS,Serbia,Female,33.57
2020,IC_GEN_MGTN_19ICLS,Serbia,Female,32.6
2021,IC_GEN_MGTN_19ICLS,Serbia,Female,34.24
2000,IC_GEN_MGTN_19ICLS,Slovakia,Female,30.75
2001,IC_GEN_MGTN_19ICLS,Slovakia,Female,30.57
2002,IC_GEN_MGTN_19ICLS,Slovakia,Female,31.37
2003,IC_GEN_MGTN_19ICLS,Slovakia,Female,34.62
2004,IC_GEN_MGTN_19ICLS,Slovakia,Female,32.37
2005,IC_GEN_MGTN_19ICLS,Slovakia,Female,30.76
2006,IC_GEN_MGTN_19ICLS,Slovakia,Female,27.39
2007,IC_GEN_MGTN_19ICLS,Slovakia,Female,31.83
2008,IC_GEN_MGTN_19ICLS,Slovakia,Female,29.15
2009,IC_GEN_MGTN_19ICLS,Slovakia,Female,31.68
2010,IC_GEN_MGTN_19ICLS,Slovakia,Female,34.88
2011,IC_GEN_MGTN_19ICLS,Slovakia,Female,28.63
2012,IC_GEN_MGTN_19ICLS,Slovakia,Female,30.4
2013,IC_GEN_MGTN_19ICLS,Slovakia,Female,29.88
2014,IC_GEN_MGTN_19ICLS,Slovakia,Female,27.88
2015,IC_GEN_MGTN_19ICLS,Slovakia,Female,27.82
2016,IC_GEN_MGTN_19ICLS,Slovakia,Female,34.32
2017,IC_GEN_MGTN_19ICLS,Slovakia,Female,30.58
2018,IC_GEN_MGTN_19ICLS,Slovakia,Female,30.37
2019,IC_GEN_MGTN_19ICLS,Slovakia,Female,33.35
2020,IC_GEN_MGTN_19ICLS,Slovakia,Female,34.53
2021,IC_GEN_MGTN_19ICLS,Slovakia,Female,35.24
2020,IC_GEN_MGTN_19ICLS,Viet Nam,Female,22.73
2021,IC_GEN_MGTN_19ICLS,Viet Nam,Female,15.51
2000,IC_GEN_MGTN_19ICLS,Slovenia,Female,34.61
2001,IC_GEN_MGTN_19ICLS,Slovenia,Female,37.76
2002,IC_GEN_MGTN_19ICLS,Slovenia,Female,37.91
2003,IC_GEN_MGTN_19ICLS,Slovenia,Female,41.43
2004,IC_GEN_MGTN_19ICLS,Slovenia,Female,40.13
2005,IC_GEN_MGTN_19ICLS,Slovenia,Female,42.02
2006,IC_GEN_MGTN_19ICLS,Slovenia,Female,41.97
2007,IC_GEN_MGTN_19ICLS,Slovenia,Female,37.55
2008,IC_GEN_MGTN_19ICLS,Slovenia,Female,43.29
2009,IC_GEN_MGTN_19ICLS,Slovenia,Female,44.69
2010,IC_GEN_MGTN_19ICLS,Slovenia,Female,43.25
2011,IC_GEN_MGTN_19ICLS,Slovenia,Female,38.92
2012,IC_GEN_MGTN_19ICLS,Slovenia,Female,40.26
2013,IC_GEN_MGTN_19ICLS,Slovenia,Female,38.55
2014,IC_GEN_MGTN_19ICLS,Slovenia,Female,36.47
2015,IC_GEN_MGTN_19ICLS,Slovenia,Female,36.98
2016,IC_GEN_MGTN_19ICLS,Slovenia,Female,41.77
2017,IC_GEN_MGTN_19ICLS,Slovenia,Female,41.89
2018,IC_GEN_MGTN_19ICLS,Slovenia,Female,38.22
2019,IC_GEN_MGTN_19ICLS,Slovenia,Female,40.51
2020,IC_GEN_MGTN_19ICLS,Slovenia,Female,40.62
2000,IC_GEN_MGTN_19ICLS,Spain,Female,15.65
2001,IC_GEN_MGTN_19ICLS,Spain,Female,17.5
2002,IC_GEN_MGTN_19ICLS,Spain,Female,18.13
2003,IC_GEN_MGTN_19ICLS,Spain,Female,15.84
2004,IC_GEN_MGTN_19ICLS,Spain,Female,18.99
2005,IC_GEN_MGTN_19ICLS,Spain,Female,21.48
2006,IC_GEN_MGTN_19ICLS,Spain,Female,22.98
2007,IC_GEN_MGTN_19ICLS,Spain,Female,23.23
2008,IC_GEN_MGTN_19ICLS,Spain,Female,24.47
2009,IC_GEN_MGTN_19ICLS,Spain,Female,25.06
2010,IC_GEN_MGTN_19ICLS,Spain,Female,24.05
2011,IC_GEN_MGTN_19ICLS,Spain,Female,28.09
2012,IC_GEN_MGTN_19ICLS,Spain,Female,27.97
2013,IC_GEN_MGTN_19ICLS,Spain,Female,30.2
2014,IC_GEN_MGTN_19ICLS,Spain,Female,27.52
2015,IC_GEN_MGTN_19ICLS,Spain,Female,31.37
2016,IC_GEN_MGTN_19ICLS,Spain,Female,30.67
2017,IC_GEN_MGTN_19ICLS,Spain,Female,26.36
2018,IC_GEN_MGTN_19ICLS,Spain,Female,34.64
2019,IC_GEN_MGTN_19ICLS,Spain,Female,30.5
2020,IC_GEN_MGTN_19ICLS,Spain,Female,37.47
2021,IC_GEN_MGTN_19ICLS,Spain,Female,33.21
2000,IC_GEN_MGTN_19ICLS,Sweden,Female,27.41
2001,IC_GEN_MGTN_19ICLS,Sweden,Female,31.22
2002,IC_GEN_MGTN_19ICLS,Sweden,Female,32.14
2003,IC_GEN_MGTN_19ICLS,Sweden,Female,30.52
2004,IC_GEN_MGTN_19ICLS,Sweden,Female,31.59
2005,IC_GEN_MGTN_19ICLS,Sweden,Female,29.13
2006,IC_GEN_MGTN_19ICLS,Sweden,Female,31.74
2007,IC_GEN_MGTN_19ICLS,Sweden,Female,31.02
2008,IC_GEN_MGTN_19ICLS,Sweden,Female,30.82
2009,IC_GEN_MGTN_19ICLS,Sweden,Female,31.13
2010,IC_GEN_MGTN_19ICLS,Sweden,Female,31.34
2011,IC_GEN_MGTN_19ICLS,Sweden,Female,33.52
2012,IC_GEN_MGTN_19ICLS,Sweden,Female,34.49
2013,IC_GEN_MGTN_19ICLS,Sweden,Female,35.51
2014,IC_GEN_MGTN_19ICLS,Sweden,Female,37.45
2015,IC_GEN_MGTN_19ICLS,Sweden,Female,39.79
2016,IC_GEN_MGTN_19ICLS,Sweden,Female,39.51
2017,IC_GEN_MGTN_19ICLS,Sweden,Female,39.45
2018,IC_GEN_MGTN_19ICLS,Sweden,Female,39.03
2019,IC_GEN_MGTN_19ICLS,Sweden,Female,41.9
2020,IC_GEN_MGTN_19ICLS,Sweden,Female,43.09
2021,IC_GEN_MGTN_19ICLS,Sweden,Female,44.14
2000,IC_GEN_MGTN_19ICLS,Switzerland,Female,22.47
2001,IC_GEN_MGTN_19ICLS,Switzerland,Female,21.42
2002,IC_GEN_MGTN_19ICLS,Switzerland,Female,24.8
2003,IC_GEN_MGTN_19ICLS,Switzerland,Female,25.31
2004,IC_GEN_MGTN_19ICLS,Switzerland,Female,24.81
2005,IC_GEN_MGTN_19ICLS,Switzerland,Female,24.26
2006,IC_GEN_MGTN_19ICLS,Switzerland,Female,26.53
2007,IC_GEN_MGTN_19ICLS,Switzerland,Female,25.78
2008,IC_GEN_MGTN_19ICLS,Switzerland,Female,25.01
2009,IC_GEN_MGTN_19ICLS,Switzerland,Female,27.86
2010,IC_GEN_MGTN_19ICLS,Switzerland,Female,28.08
2011,IC_GEN_MGTN_19ICLS,Switzerland,Female,28.57
2012,IC_GEN_MGTN_19ICLS,Switzerland,Female,28.58
2013,IC_GEN_MGTN_19ICLS,Switzerland,Female,28.06
2014,IC_GEN_MGTN_19ICLS,Switzerland,Female,28.93
2015,IC_GEN_MGTN_19ICLS,Switzerland,Female,31.22
2016,IC_GEN_MGTN_19ICLS,Switzerland,Female,31.18
2017,IC_GEN_MGTN_19ICLS,Switzerland,Female,29.12
2018,IC_GEN_MGTN_19ICLS,Switzerland,Female,31.04
2019,IC_GEN_MGTN_19ICLS,Switzerland,Female,32.56
2020,IC_GEN_MGTN_19ICLS,Switzerland,Female,31.79
2021,IC_GEN_MGTN_19ICLS,Switzerland,Female,30.27
2017,IC_GEN_MGTN_19ICLS,United Arab Emirates,Female,12.17
2018,IC_GEN_MGTN_19ICLS,United Arab Emirates,Female,15.75
2020,IC_GEN_MGTN_19ICLS,United Arab Emirates,Female,17.73
2021,IC_GEN_MGTN_19ICLS,United Arab Emirates,Female,23.57
2000,IC_GEN_MGTN_19ICLS,United Kingdom of Great Britain and Northern Ireland,Female,34.68
2001,IC_GEN_MGTN_19ICLS,United Kingdom of Great Britain and Northern Ireland,Female,29.62
2002,IC_GEN_MGTN_19ICLS,United Kingdom of Great Britain and Northern Ireland,Female,31.38
2003,IC_GEN_MGTN_19ICLS,United Kingdom of Great Britain and Northern Ireland,Female,31.49
2004,IC_GEN_MGTN_19ICLS,United Kingdom of Great Britain and Northern Ireland,Female,32.42
2005,IC_GEN_MGTN_19ICLS,United Kingdom of Great Britain and Northern Ireland,Female,33.65
2006,IC_GEN_MGTN_19ICLS,United Kingdom of Great Britain and Northern Ireland,Female,34.54
2007,IC_GEN_MGTN_19ICLS,United Kingdom of Great Britain and Northern Ireland,Female,34.2
2008,IC_GEN_MGTN_19ICLS,United Kingdom of Great Britain and Northern Ireland,Female,33.83
2009,IC_GEN_MGTN_19ICLS,United Kingdom of Great Britain and Northern Ireland,Female,36.47
2010,IC_GEN_MGTN_19ICLS,United Kingdom of Great Britain and Northern Ireland,Female,36.48
2011,IC_GEN_MGTN_19ICLS,United Kingdom of Great Britain and Northern Ireland,Female,31.78
2012,IC_GEN_MGTN_19ICLS,United Kingdom of Great Britain and Northern Ireland,Female,32.62
2013,IC_GEN_MGTN_19ICLS,United Kingdom of Great Britain and Northern Ireland,Female,31.96
2014,IC_GEN_MGTN_19ICLS,United Kingdom of Great Britain and Northern Ireland,Female,32.12
2015,IC_GEN_MGTN_19ICLS,United Kingdom of Great Britain and Northern Ireland,Female,33.2
2016,IC_GEN_MGTN_19ICLS,United Kingdom of Great Britain and Northern Ireland,Female,32.94
2017,IC_GEN_MGTN_19ICLS,United Kingdom of Great Britain and Northern Ireland,Female,33.65
2018,IC_GEN_MGTN_19ICLS,United Kingdom of Great Britain and Northern Ireland,Female,34.57
2019,IC_GEN_MGTN_19ICLS,United Kingdom of Great Britain and Northern Ireland,Female,35.37
2019,IC_GEN_MGTN_19ICLS,United Kingdom of Great Britain and Northern Ireland,Female,35.37
