Year,SeriesCode,GeoAreaName,Sampling Stations,Value
2010,ER_OAW_MNACD,Australia,NRSROT,8.092
2010,ER_OAW_MNACD,Australia,NRSPHB,8.099
2010,ER_OAW_MNACD,Australia,NRSYON,8.063
2010,ER_OAW_MNACD,Australia,NRSKAI,8.072
2010,ER_OAW_MNACD,Australia,NRSNSI,8.083999999999998
2010,ER_OAW_MNACD,Australia,NRSMAI,8.093999999999998
2011,ER_OAW_MNACD,Australia,NRSNSI,8.09
2011,ER_OAW_MNACD,Australia,NRSYON,8.051999999999998
2011,ER_OAW_MNACD,Australia,NRSMAI,8.088
2011,ER_OAW_MNACD,Australia,NRSKAI,8.08
2011,ER_OAW_MNACD,Australia,NRSPHB,8.112999999999998
2011,ER_OAW_MNACD,Australia,NRSROT,8.09
2012,ER_OAW_MNACD,Australia,NRSROT,8.077999999999998
2012,ER_OAW_MNACD,Australia,NRSPHB,8.103
2012,ER_OAW_MNACD,Australia,NRSYON,8.058
2012,ER_OAW_MNACD,Australia,NRSDAR,8.048
2012,ER_OAW_MNACD,Australia,NRSKAI,8.061999999999998
2012,ER_OAW_MNACD,Australia,NRSNSI,8.086999999999998
2012,ER_OAW_MNACD,Australia,NRSMAI,8.09
2013,ER_OAW_MNACD,Australia,NRSMAI,8.088
2013,ER_OAW_MNACD,Australia,NRSDAR,7.979
2013,ER_OAW_MNACD,Australia,NRSNSI,8.074999999999998
2013,ER_OAW_MNACD,Australia,NRSKAI,8.067
2013,ER_OAW_MNACD,Australia,NRSYON,8.056
2013,ER_OAW_MNACD,Australia,NRSPHB,8.093999999999998
2013,ER_OAW_MNACD,Australia,NRSROT,8.077
2014,ER_OAW_MNACD,Australia,NRSROT,8.085
2014,ER_OAW_MNACD,Australia,NRSPHB,8.099
2014,ER_OAW_MNACD,Australia,NRSYON,8.058
2014,ER_OAW_MNACD,Australia,NRSKAI,8.067
2014,ER_OAW_MNACD,Australia,NRSNSI,8.08
2014,ER_OAW_MNACD,Australia,NRSDAR,7.973
2014,ER_OAW_MNACD,Australia,NRSMAI,8.076
2015,ER_OAW_MNACD,Australia,NRSMAI,8.086999999999998
2015,ER_OAW_MNACD,Australia,NRSDAR,7.987
2015,ER_OAW_MNACD,Australia,NRSNSI,8.076
2015,ER_OAW_MNACD,Australia,NRSKAI,8.069
2015,ER_OAW_MNACD,Australia,NRSYON,8.051
2015,ER_OAW_MNACD,Australia,NRSPHB,8.086
2015,ER_OAW_MNACD,Australia,NRSROT,8.08
2016,ER_OAW_MNACD,Australia,NRSROT,8.069
2016,ER_OAW_MNACD,Australia,NRSPHB,8.093
2016,ER_OAW_MNACD,Australia,NRSYON,8.035999999999998
2016,ER_OAW_MNACD,Australia,NRSNSI,8.074999999999998
2016,ER_OAW_MNACD,Australia,NRSKAI,8.063
2016,ER_OAW_MNACD,Australia,NRSDAR,7.955
2016,ER_OAW_MNACD,Australia,NRSMAI,8.086
2017,ER_OAW_MNACD,Australia,NRSMAI,8.08
2017,ER_OAW_MNACD,Australia,NRSDAR,7.981
2017,ER_OAW_MNACD,Australia,NRSKAI,8.06
2017,ER_OAW_MNACD,Australia,NRSNSI,8.076
2017,ER_OAW_MNACD,Australia,NRSROT,8.073
2017,ER_OAW_MNACD,Australia,NRSYON,8.048999999999998
2017,ER_OAW_MNACD,Australia,NRSPHB,8.077
2018,ER_OAW_MNACD,Australia,NRSPHB,8.077
2018,ER_OAW_MNACD,Australia,NRSYON,8.06
2018,ER_OAW_MNACD,Australia,NRSNSI,8.083
2018,ER_OAW_MNACD,Australia,NRSROT,8.083
2018,ER_OAW_MNACD,Australia,NRSKAI,8.061999999999998
2018,ER_OAW_MNACD,Australia,NRSDAR,7.982
2018,ER_OAW_MNACD,Australia,NRSMAI,8.085
2019,ER_OAW_MNACD,Australia,NRSMAI,8.083999999999998
2019,ER_OAW_MNACD,Australia,NRSDAR,7.974
2019,ER_OAW_MNACD,Australia,NRSROT,8.070999999999998
2019,ER_OAW_MNACD,Australia,NRSKAI,8.05
2019,ER_OAW_MNACD,Australia,NRSNSI,8.09
2020,ER_OAW_MNACD,Australia,NRSROT,8.079
2020,ER_OAW_MNACD,Australia,NRSYON,8.048
2020,ER_OAW_MNACD,Australia,NRSPHB,8.04
2020,ER_OAW_MNACD,Australia,NRSNSI,8.043
2020,ER_OAW_MNACD,Australia,NRSDAR,7.96
2020,ER_OAW_MNACD,Australia,NRSMAI,8.066
2020,ER_OAW_MNACD,Australia,NRSKAI,8.032999999999998
2021,ER_OAW_MNACD,Australia,NRSMAI,8.051999999999998
2021,ER_OAW_MNACD,Australia,NRSROT,8.05
2021,ER_OAW_MNACD,Australia,NRSNSI,8.034
2021,ER_OAW_MNACD,Australia,NRSPHB,8.024
2021,ER_OAW_MNACD,Australia,NRSYON,8.022
2011,ER_OAW_MNACD,Belgium,R-VBELGICA,8.102
2012,ER_OAW_MNACD,Belgium,R-VBELGICA,8.160999999999998
2013,ER_OAW_MNACD,Belgium,S01,8.165
2013,ER_OAW_MNACD,Belgium,R-VBELGICA,8.477
2013,ER_OAW_MNACD,Belgium,S03,8.17
2013,ER_OAW_MNACD,Belgium,W06,8.037
2013,ER_OAW_MNACD,Belgium,W05,8.032999999999998
2013,ER_OAW_MNACD,Belgium,W10,7.985
2013,ER_OAW_MNACD,Belgium,W09,8.005
2013,ER_OAW_MNACD,Belgium,W08,8.179999999999998
2013,ER_OAW_MNACD,Belgium,W03,7.91
2013,ER_OAW_MNACD,Belgium,W02,7.91
2013,ER_OAW_MNACD,Belgium,W01,8.115
2013,ER_OAW_MNACD,Belgium,W04,8.045
2013,ER_OAW_MNACD,Belgium,W07,7.95
2014,ER_OAW_MNACD,Belgium,W08,8.322
2014,ER_OAW_MNACD,Belgium,W01,8.304
2014,ER_OAW_MNACD,Belgium,W02,8.288
2014,ER_OAW_MNACD,Belgium,W03,8.342
2014,ER_OAW_MNACD,Belgium,S03,8.314999999999998
2014,ER_OAW_MNACD,Belgium,W10,8.34
2014,ER_OAW_MNACD,Belgium,W09,8.359999999999998
2014,ER_OAW_MNACD,Belgium,R-VBELGICA,8.503
2014,ER_OAW_MNACD,Belgium,W06,8.356
2014,ER_OAW_MNACD,Belgium,W07,8.404
2014,ER_OAW_MNACD,Belgium,W05,8.396
2014,ER_OAW_MNACD,Belgium,W04,8.338
2014,ER_OAW_MNACD,Belgium,S01,8.29
2015,ER_OAW_MNACD,Belgium,R-VBELGICA,8.502
2015,ER_OAW_MNACD,Belgium,W09,8.25
2015,ER_OAW_MNACD,Belgium,W10,8.213
2015,ER_OAW_MNACD,Belgium,W08,8.25
2015,ER_OAW_MNACD,Belgium,S03,8.3
2015,ER_OAW_MNACD,Belgium,S01,8.64
2015,ER_OAW_MNACD,Belgium,W03,8.26
2015,ER_OAW_MNACD,Belgium,W02,8.295
2015,ER_OAW_MNACD,Belgium,W01,8.13
2015,ER_OAW_MNACD,Belgium,W07,8.233
2015,ER_OAW_MNACD,Belgium,W04,8.188
2015,ER_OAW_MNACD,Belgium,W06,8.26
2015,ER_OAW_MNACD,Belgium,W05,8.268
2016,ER_OAW_MNACD,Belgium,W10,8.165
2016,ER_OAW_MNACD,Belgium,W09,8.165
2016,ER_OAW_MNACD,Belgium,W06,8.189999999999998
2016,ER_OAW_MNACD,Belgium,W04,8.175
2016,ER_OAW_MNACD,Belgium,W07,8.199999999999998
2016,ER_OAW_MNACD,Belgium,W02,8.25
2016,ER_OAW_MNACD,Belgium,W03,8.21
2016,ER_OAW_MNACD,Belgium,W08,8.189999999999998
2017,ER_OAW_MNACD,Belgium,VLIZLWSTATION,7.881999999999999
2017,ER_OAW_MNACD,Belgium,W01,8.279999999999998
2017,ER_OAW_MNACD,Belgium,W06,8.385
2017,ER_OAW_MNACD,Belgium,W05,8.279999999999998
2017,ER_OAW_MNACD,Belgium,W04,8.304999999999998
2017,ER_OAW_MNACD,Belgium,W09,8.335
2017,ER_OAW_MNACD,Belgium,W08,8.335
2017,ER_OAW_MNACD,Belgium,W10,8.345
2017,ER_OAW_MNACD,Belgium,W03,8.355
2017,ER_OAW_MNACD,Belgium,W02,8.32
2017,ER_OAW_MNACD,Belgium,W07,8.345
2018,ER_OAW_MNACD,Belgium,W05,8.234999999999998
2018,ER_OAW_MNACD,Belgium,W06,8.385
2018,ER_OAW_MNACD,Belgium,VLIZLWSTATION,7.905999999999999
2018,ER_OAW_MNACD,Belgium,W07,8.404999999999998
2018,ER_OAW_MNACD,Belgium,W02,8.42
2018,ER_OAW_MNACD,Belgium,W01,8.291
2018,ER_OAW_MNACD,Belgium,W03,8.324
2018,ER_OAW_MNACD,Belgium,W10,8.404999999999998
2018,ER_OAW_MNACD,Belgium,W04,8.335
2018,ER_OAW_MNACD,Belgium,MOW1,8.34
2018,ER_OAW_MNACD,Belgium,W08,8.202999999999998
2018,ER_OAW_MNACD,Belgium,W09,8.359999999999998
2019,ER_OAW_MNACD,Belgium,W08,7.875
2019,ER_OAW_MNACD,Belgium,MOW1,7.888
2019,ER_OAW_MNACD,Belgium,W03,7.817999999999999
2019,ER_OAW_MNACD,Belgium,VLIZLWSTATION,7.944
2019,ER_OAW_MNACD,Belgium,W05,7.984
2020,ER_OAW_MNACD,Belgium,W05,8.201
2020,ER_OAW_MNACD,Belgium,VLIZLWSTATION,7.942999999999999
2020,ER_OAW_MNACD,Belgium,W03,8.253999999999998
2020,ER_OAW_MNACD,Belgium,W08,8.265
2020,ER_OAW_MNACD,Belgium,MOW1,8.159
2021,ER_OAW_MNACD,Belgium,MOW1,8.173
2021,ER_OAW_MNACD,Belgium,W08,8.179
2021,ER_OAW_MNACD,Belgium,VLIZLWSTATION,7.871
2021,ER_OAW_MNACD,Belgium,W05,8.19
2016,ER_OAW_MNACD,Canada,QU39,8.009
2016,ER_OAW_MNACD,Canada,KC10,8.034
2017,ER_OAW_MNACD,Canada,QU39,7.995
2017,ER_OAW_MNACD,Canada,KC10,8.073
2018,ER_OAW_MNACD,Canada,KC10,8.044
2018,ER_OAW_MNACD,Canada,QU39,7.937999999999999
2019,ER_OAW_MNACD,Canada,QU39,7.913
2019,ER_OAW_MNACD,Canada,KC10,8.064
2020,ER_OAW_MNACD,Canada,CANADA,7.977
2020,ER_OAW_MNACD,Canada,BEAUFORTGYRE,8.074
2022,ER_OAW_MNACD,Canada,AR7W_20,7.71
2022,ER_OAW_MNACD,Canada,AR7W_19,7.709
2022,ER_OAW_MNACD,Canada,AR7W_18,7.707
2022,ER_OAW_MNACD,Canada,AR7W_17,7.707
2022,ER_OAW_MNACD,Canada,AR7W_16,7.699
2022,ER_OAW_MNACD,Canada,AR7W_15,7.704
2022,ER_OAW_MNACD,Canada,AR7W_14,7.702
2022,ER_OAW_MNACD,Canada,AR7W_13,7.704
2015,ER_OAW_MNACD,Chile,CHILE,8.056
2016,ER_OAW_MNACD,Chile,CHILE,8.102
2019,ER_OAW_MNACD,Colombia,BAHIASANTAMARTA,7.993
2019,ER_OAW_MNACD,Colombia,BAHIACHENGUE,7.985
2020,ER_OAW_MNACD,Colombia,GUAOFF13,8.005
2021,ER_OAW_MNACD,Colombia,AS,8.066
2021,ER_OAW_MNACD,Colombia,BOYA,8.007
2021,ER_OAW_MNACD,Colombia,AN,8.07
2021,ER_OAW_MNACD,Colombia,GN,8.044
2021,ER_OAW_MNACD,Colombia,FRENTE_PLAYA_BLANCA,7.964
2021,ER_OAW_MNACD,Colombia,FRENTE_A_JUANCHACO,7.973
2021,ER_OAW_MNACD,Colombia,ESTACION_AO_EN_GORGONILLA,8.022
2021,ER_OAW_MNACD,Colombia,COLOMBIA,8.003999999999998
2021,ER_OAW_MNACD,Colombia,CABO_DE_LA_VELA,7.967
2021,ER_OAW_MNACD,Colombia,BOYA_AKUARA,7.973
2021,ER_OAW_MNACD,Colombia,REDCAM,7.981
2021,ER_OAW_MNACD,Colombia,PLAYA_MAYAPO,7.983
2021,ER_OAW_MNACD,Colombia,OS,8.088
2021,ER_OAW_MNACD,Colombia,ON,8.098
2021,ER_OAW_MNACD,Colombia,MUELLE_MANAURE_SALINA,7.959
2021,ER_OAW_MNACD,Colombia,HORNO_GORGONA,8.027
2021,ER_OAW_MNACD,Colombia,GS,8.024
2021,ER_OAW_MNACD,Colombia,FRENTE_PLAYA_BOCAGRANDE,7.993
2022,ER_OAW_MNACD,Colombia,BOYA,8.03
2022,ER_OAW_MNACD,Colombia,CHO_OFF_5,7.823
2022,ER_OAW_MNACD,Colombia,CABO_DE_LA_VELA,7.99
2022,ER_OAW_MNACD,Colombia,CORDILLERA_BEATA,8.023
2022,ER_OAW_MNACD,Colombia,HORNO_GORGONA,7.947
2022,ER_OAW_MNACD,Colombia,MUELLE_MANAURE_SALINA,7.902
2022,ER_OAW_MNACD,Colombia,PUERTO_BOLIVAR,8.059
2022,ER_OAW_MNACD,Colombia,PLAYA_MAYAPO,7.865
2022,ER_OAW_MNACD,Colombia,FRENTE_PLAYA_MANZANILLO,7.963
2022,ER_OAW_MNACD,Colombia,BOCAS_DE_CENIZA,6.872
2022,ER_OAW_MNACD,Colombia,BOCANA_ENSENADA_TUMACO,7.998
2022,ER_OAW_MNACD,Colombia,BANCO_DE_CORAL_FRENTE_A_ISLA_ARENA,7.981
2022,ER_OAW_MNACD,Colombia,CUENCA_PACIFICO_NORTE,7.878
2019,ER_OAW_MNACD,Estonia,ESSA1,7.783
2019,ER_OAW_MNACD,Estonia,ESSA,7.783
2020,ER_OAW_MNACD,Estonia,ESSA2,7.844
2020,ER_OAW_MNACD,Estonia,ESSA,7.686
2020,ER_OAW_MNACD,Estonia,SJA,7.988
2021,ER_OAW_MNACD,Estonia,PARNU_LAHT__K7,7.486
2021,ER_OAW_MNACD,Estonia,PARNU_LAHT__K5,7.503
2021,ER_OAW_MNACD,Estonia,HAAPSALU_LAHT__HL1,8.175
2021,ER_OAW_MNACD,Estonia,ESSA3,7.885
2021,ER_OAW_MNACD,Estonia,MUUGA_TALLINNA_KAKUMAE_LAHT__2,7.937
2021,ER_OAW_MNACD,Estonia,LIIVI_LAHT__K21,7.417
2021,ER_OAW_MNACD,Estonia,LIIVI_LAHT__K2,7.418
2021,ER_OAW_MNACD,Estonia,HAAPSALU_LAHT__HL8,9.168
2021,ER_OAW_MNACD,Estonia,HAAPSALU_LAHT__HL6,8.544
2021,ER_OAW_MNACD,Estonia,HAAPSALU_LAHT__HL4,8.638
2021,ER_OAW_MNACD,Estonia,PARNU_LAHT__K4,7.516
2021,ER_OAW_MNACD,Estonia,NARVA_KUNDA_LAHT__N8,8.189
2021,ER_OAW_MNACD,Estonia,NARVA_KUNDA_LAHT__38,8.266
2021,ER_OAW_MNACD,Estonia,SJA2,7.566
2021,ER_OAW_MNACD,Estonia,MUUGA_TALLINNA_KAKUMAE_LAHT__57A,7.945
2021,ER_OAW_MNACD,Estonia,NARVA_KUNDA_LAHT__12C,8.225
2021,ER_OAW_MNACD,Estonia,MUUGA_TALLINNA_KAKUMAE_LAHT__3,7.942
2022,ER_OAW_MNACD,Estonia,MUUGA_TALLINNA_KAKUMAE_LAHT__3,7.945
2022,ER_OAW_MNACD,Estonia,MUUGA_TALLINNA_KAKUMAE_LAHT__57A,7.305
2022,ER_OAW_MNACD,Estonia,MUUGA_TALLINNA_KAKUMAE_LAHT__2,7.458
2022,ER_OAW_MNACD,Estonia,NARVA_KUNDA_LAHT__12C,8.033
2019,ER_OAW_MNACD,Finland,RR3,7.878
2019,ER_OAW_MNACD,Finland,MS6,8.186999999999998
2019,ER_OAW_MNACD,Finland,FI-F16,7.876
2019,ER_OAW_MNACD,Finland,F15,7.974999999999999
2019,ER_OAW_MNACD,Finland,39A,7.988
2019,ER_OAW_MNACD,Finland,RR6,7.817
2019,ER_OAW_MNACD,Finland,TROSKAH,8.263
2019,ER_OAW_MNACD,Finland,SS29,8.32
2019,ER_OAW_MNACD,Finland,SR8,8.26
2019,ER_OAW_MNACD,Finland,SR7,8.329
2019,ER_OAW_MNACD,Finland,FI-SR5,8.298
2019,ER_OAW_MNACD,Finland,SR3,8.256
2019,ER_OAW_MNACD,Finland,MS3,8.234999999999998
2019,ER_OAW_MNACD,Finland,MS2,8.245
2019,ER_OAW_MNACD,Finland,LL9,8.327999999999998
2019,ER_OAW_MNACD,Finland,LL7S,8.449999999999998
2019,ER_OAW_MNACD,Finland,LL7,8.56
2019,ER_OAW_MNACD,Finland,LL6A,8.431
2019,ER_OAW_MNACD,Finland,LL5,8.362999999999998
2019,ER_OAW_MNACD,Finland,LL3A,8.33
2019,ER_OAW_MNACD,Finland,IU7,8.304999999999998
2019,ER_OAW_MNACD,Finland,IU5,8.313
2019,ER_OAW_MNACD,Finland,IU3,8.266
2019,ER_OAW_MNACD,Finland,F69,8.288
2019,ER_OAW_MNACD,Finland,F64,8.268
2019,ER_OAW_MNACD,Finland,F62,8.266
2019,ER_OAW_MNACD,Finland,F26,8.102
2019,ER_OAW_MNACD,Finland,IU1,8.185
2019,ER_OAW_MNACD,Finland,US7,7.934999999999999
2019,ER_OAW_MNACD,Finland,US6B,8.077999999999998
2019,ER_OAW_MNACD,Finland,FI-US5B,8.115999999999998
2019,ER_OAW_MNACD,Finland,US3,8.159
2019,ER_OAW_MNACD,Finland,FI-F13,7.958
2019,ER_OAW_MNACD,Finland,CVI,7.84
2019,ER_OAW_MNACD,Finland,CV,7.855
2019,ER_OAW_MNACD,Finland,BY29,8.463
2019,ER_OAW_MNACD,Finland,BO3,7.868
2019,ER_OAW_MNACD,Finland,AMN,8.463
2019,ER_OAW_MNACD,Finland,SR1A,8.205
2019,ER_OAW_MNACD,Finland,RR7,7.849999999999999
2019,ER_OAW_MNACD,Finland,F18,8.128
2019,ER_OAW_MNACD,Finland,MS9,8.211999999999998
2019,ER_OAW_MNACD,Finland,FI-F2,7.823
2019,ER_OAW_MNACD,Finland,F33,8.268
2019,ER_OAW_MNACD,Finland,LL19,8.513
2019,ER_OAW_MNACD,Finland,LL17,8.543
2019,ER_OAW_MNACD,Finland,LL15,8.5
2019,ER_OAW_MNACD,Finland,LL12,8.489
2019,ER_OAW_MNACD,Finland,LL11,8.384
2019,ER_OAW_MNACD,Finland,JML,8.293
2019,ER_OAW_MNACD,Finland,GF2,8.418
2019,ER_OAW_MNACD,Finland,GF1,8.432
2019,ER_OAW_MNACD,Finland,XV1,8.271
2019,ER_OAW_MNACD,Finland,XIV3,8.189999999999998
2019,ER_OAW_MNACD,Finland,XII3,8.371
2019,ER_OAW_MNACD,Finland,UUS-23LANGDEN,8.506999999999998
2010,ER_OAW_MNACD,France,OVIDE-2010,8.12
2010,ER_OAW_MNACD,France,OISO-18,8.077999999999998
2010,ER_OAW_MNACD,France,SURATLANT,8.083999999999998
2011,ER_OAW_MNACD,France,SURATLANT,8.042
2011,ER_OAW_MNACD,France,OISO-19,8.074
2012,ER_OAW_MNACD,France,OISO-21,8.079
2012,ER_OAW_MNACD,France,OVIDE-2012,8.085
2012,ER_OAW_MNACD,France,SURATLANT,8.072
2013,ER_OAW_MNACD,France,SURATLANT,8.063
2013,ER_OAW_MNACD,France,OISO-22,8.073
2014,ER_OAW_MNACD,France,SURATLANT,8.06
2014,ER_OAW_MNACD,France,OVIDE-2014,8.137
2015,ER_OAW_MNACD,France,SURATLANT,8.074
2015,ER_OAW_MNACD,France,OISO-24,8.067999999999998
2016,ER_OAW_MNACD,France,OISO-26,8.07
2016,ER_OAW_MNACD,France,SURATLANT,8.086999999999998
2017,ER_OAW_MNACD,France,SURATLANT,8.093999999999998
2017,ER_OAW_MNACD,France,OISO-27,8.253999999999998
2018,ER_OAW_MNACD,France,OISO-28,8.069
2018,ER_OAW_MNACD,France,SURATLANT,8.068
2018,ER_OAW_MNACD,France,OVIDE_2018,8.092
2019,ER_OAW_MNACD,France,OISO_29,8.042
2019,ER_OAW_MNACD,France,SURATLANT,8.076
2019,ER_OAW_MNACD,France,CLIM-EPARSES,8.022999999999998
2014,ER_OAW_MNACD,Germany,CE14017,8.213
2014,ER_OAW_MNACD,Germany,CE14012B,8.253
2014,ER_OAW_MNACD,Germany,CE14012A,8.262
2015,ER_OAW_MNACD,Germany,CE15013A_NORTHSEASUM,8.254
2015,ER_OAW_MNACD,Germany,CE15004,8.225
2015,ER_OAW_MNACD,Germany,CE15013B,8.235
2016,ER_OAW_MNACD,Germany,CE16011A,8.232
2016,ER_OAW_MNACD,Germany,CE16018,8.225
2016,ER_OAW_MNACD,Germany,CE16011B,8.261
2016,ER_OAW_MNACD,Germany,AL469,8.22
2017,ER_OAW_MNACD,Germany,246,8.196
2017,ER_OAW_MNACD,Germany,CE17013B,8.229
2017,ER_OAW_MNACD,Germany,CE17013A,8.214
2017,ER_OAW_MNACD,Germany,CE17001,8.241
2018,ER_OAW_MNACD,Germany,CE18002,8.228
2018,ER_OAW_MNACD,Germany,CEND_19_18,8.245
2018,ER_OAW_MNACD,Germany,174,8.198
2018,ER_OAW_MNACD,Germany,BSH_NORTH_SEA_SUMMER,8.217
2019,ER_OAW_MNACD,Germany,CEND_04_19,8.287
2019,ER_OAW_MNACD,Germany,CE19016_NORTHSEASUM,8.215
2019,ER_OAW_MNACD,Germany,CE19002,8.198
2020,ER_OAW_MNACD,Germany,CE20002,8.223
2020,ER_OAW_MNACD,Germany,CE20017B,8.228
2020,ER_OAW_MNACD,Germany,CE20017A,8.224
2021,ER_OAW_MNACD,Germany,CE21001,8.196
2021,ER_OAW_MNACD,Germany,003,8.216
2020,ER_OAW_MNACD,Greece,POSEIDON_HERAKLION_COASTAL_BUOY,8.132
2021,ER_OAW_MNACD,Greece,POSEIDON_HERAKLION_COASTAL_BUOY,8.08
2021,ER_OAW_MNACD,Greece,HCB,8.019
2022,ER_OAW_MNACD,Greece,HCB,8.01
2022,ER_OAW_MNACD,Greece,POSEIDON_HERAKLION_COASTAL_BUOY,8.088
2010,ER_OAW_MNACD,Iceland,FX9,8.048999999999998
2010,ER_OAW_MNACD,Iceland,LN6,8.096
2011,ER_OAW_MNACD,Iceland,FX9,8.064
2011,ER_OAW_MNACD,Iceland,LN6,8.080999999999998
2012,ER_OAW_MNACD,Iceland,LN6,8.077999999999998
2014,ER_OAW_MNACD,Iceland,LN6,8.105
2014,ER_OAW_MNACD,Iceland,ST5,8.061999999999998
2015,ER_OAW_MNACD,Iceland,ST5,8.031
2015,ER_OAW_MNACD,Iceland,LN6,8.041
2016,ER_OAW_MNACD,Iceland,LN6,8.106999999999998
2016,ER_OAW_MNACD,Iceland,ST5,8.01
2017,ER_OAW_MNACD,Iceland,ST5,8.034
2017,ER_OAW_MNACD,Iceland,LN6,8.146
2018,ER_OAW_MNACD,Iceland,LN6,8.08
2018,ER_OAW_MNACD,Iceland,ST5,8.054999999999998
2018,ER_OAW_MNACD,Iceland,CV18001,8.026
2019,ER_OAW_MNACD,Iceland,CE19009,8.099
2019,ER_OAW_MNACD,Iceland,CV19001,8.037
2019,ER_OAW_MNACD,Iceland,LN6,8.088
2019,ER_OAW_MNACD,Iceland,ST5,8.053
2020,ER_OAW_MNACD,Iceland,ST5,8.063
2020,ER_OAW_MNACD,Iceland,LN6,8.061
2020,ER_OAW_MNACD,Iceland,FX9,8.054
2021,ER_OAW_MNACD,Iceland,LN6,8.068
2021,ER_OAW_MNACD,Iceland,ST5,8.042
2021,ER_OAW_MNACD,Iceland,FX9,8.043
2022,ER_OAW_MNACD,Iceland,FX9,8.051
2022,ER_OAW_MNACD,Iceland,ST5,8.064
2022,ER_OAW_MNACD,Iceland,LN6,8.046
2011,ER_OAW_MNACD,Italy,MEDSEA,8.038999999999998
2012,ER_OAW_MNACD,Italy,MEDSEA,8.002
2013,ER_OAW_MNACD,Italy,MEDSEA,7.924
2020,ER_OAW_MNACD,Italy,C1_MIRAMARE,8.088
2021,ER_OAW_MNACD,Italy,C1_MIRAMARE,8.125
2008,ER_OAW_MNACD,Japan,K2,8.115
2010,ER_OAW_MNACD,Japan,K2,8.06
2011,ER_OAW_MNACD,Japan,K2,8.038
2012,ER_OAW_MNACD,Japan,K2,8.067999999999998
2013,ER_OAW_MNACD,Japan,K2,8.035
2014,ER_OAW_MNACD,Japan,K2,8.031
2014,ER_OAW_MNACD,Japan,MUTSU-SEKINEHAMAPORT,8.118
2015,ER_OAW_MNACD,Japan,MUTSU-SEKINEHAMAPORT,8.119
2015,ER_OAW_MNACD,Japan,K2,8.067
2016,ER_OAW_MNACD,Japan,K2,8.048
2016,ER_OAW_MNACD,Japan,MUTSU-SEKINEHAMAPORT,8.117
2017,ER_OAW_MNACD,Japan,MUTSU-SEKINEHAMAPORT,8.121
2017,ER_OAW_MNACD,Japan,K2,8.093
2017,ER_OAW_MNACD,Japan,OSHORO,8.111
2018,ER_OAW_MNACD,Japan,K2,8.025
2018,ER_OAW_MNACD,Japan,OSHORO,8.16
2018,ER_OAW_MNACD,Japan,MUTSU-SEKINEHAMAPORT,8.12
2019,ER_OAW_MNACD,Japan,K2,8.028
2019,ER_OAW_MNACD,Japan,MUTSU-SEKINEHAMAPORT,8.15
2019,ER_OAW_MNACD,Japan,OSHORO,8.179
2016,ER_OAW_MNACD,Mexico,BOYADERECALADA-MAZATLAN,8.051999999999998
2017,ER_OAW_MNACD,Mexico,BOYADERECALADA-MAZATLAN,7.952
2018,ER_OAW_MNACD,Mexico,BOYADERECALADA-MAZATLAN,8.031
2019,ER_OAW_MNACD,Mexico,BOYADERECALADA-MAZATLAN,7.909
2021,ER_OAW_MNACD,Mexico,BOYADERECALADA-MAZATLAN,7.96
2022,ER_OAW_MNACD,Mexico,BOYADERECALADA-MAZATLAN,7.967
2018,ER_OAW_MNACD,Netherlands (Kingdom of the),WALCRN2,7.904
2018,ER_OAW_MNACD,Netherlands (Kingdom of the),TERSLG50,7.912
2018,ER_OAW_MNACD,Netherlands (Kingdom of the),TERSLG235,7.872
2018,ER_OAW_MNACD,Netherlands (Kingdom of the),TERSLG175,7.864
2018,ER_OAW_MNACD,Netherlands (Kingdom of the),TERSLG135,7.875
2018,ER_OAW_MNACD,Netherlands (Kingdom of the),TERSLG100,7.864
2018,ER_OAW_MNACD,Netherlands (Kingdom of the),GOERE6,7.875
2018,ER_OAW_MNACD,Netherlands (Kingdom of the),GOERE2,7.902999999999999
2018,ER_OAW_MNACD,Netherlands (Kingdom of the),NOORDWK10,7.932
2018,ER_OAW_MNACD,Netherlands (Kingdom of the),WALCRN20,7.92
2018,ER_OAW_MNACD,Netherlands (Kingdom of the),TERSLG10,7.929
2018,ER_OAW_MNACD,Netherlands (Kingdom of the),NOORDWK70,7.912
2018,ER_OAW_MNACD,Netherlands (Kingdom of the),SCHOUWN10,7.957
2018,ER_OAW_MNACD,Netherlands (Kingdom of the),WALCRN70,7.902
2018,ER_OAW_MNACD,Netherlands (Kingdom of the),NOORDWK20,7.931
2018,ER_OAW_MNACD,Netherlands (Kingdom of the),NOORDWK2,7.924
2019,ER_OAW_MNACD,Netherlands (Kingdom of the),NOORDWK10,7.972
2019,ER_OAW_MNACD,Netherlands (Kingdom of the),TERSLG100,7.861
2019,ER_OAW_MNACD,Netherlands (Kingdom of the),SCHOUWN10,7.916
2019,ER_OAW_MNACD,Netherlands (Kingdom of the),TERSLG10,7.96
2019,ER_OAW_MNACD,Netherlands (Kingdom of the),TERSLG135,7.857999999999999
2019,ER_OAW_MNACD,Netherlands (Kingdom of the),WALCRN20,7.889
2019,ER_OAW_MNACD,Netherlands (Kingdom of the),TERSLG175,7.836999999999998
2019,ER_OAW_MNACD,Netherlands (Kingdom of the),TERSLG235,7.849
2019,ER_OAW_MNACD,Netherlands (Kingdom of the),NOORDWK2,7.969
2019,ER_OAW_MNACD,Netherlands (Kingdom of the),WALCRN70,7.894
2019,ER_OAW_MNACD,Netherlands (Kingdom of the),ROTTMPT70,7.9
2019,ER_OAW_MNACD,Netherlands (Kingdom of the),ROTTMPT50,7.949
2019,ER_OAW_MNACD,Netherlands (Kingdom of the),NOORDWK70,7.894
2019,ER_OAW_MNACD,Netherlands (Kingdom of the),NOORDWK20,7.963
2019,ER_OAW_MNACD,Netherlands (Kingdom of the),TERSLG50,7.921
2019,ER_OAW_MNACD,Netherlands (Kingdom of the),WALCRN2,7.878
2019,ER_OAW_MNACD,Netherlands (Kingdom of the),GOERE6,7.884
2019,ER_OAW_MNACD,Netherlands (Kingdom of the),GOERE2,7.878999999999999
2015,ER_OAW_MNACD,New Zealand,WELLINGTON,8.038
2015,ER_OAW_MNACD,New Zealand,GOLDENBAY,8.025
2015,ER_OAW_MNACD,New Zealand,AUCKLAND,7.937999999999999
2015,ER_OAW_MNACD,New Zealand,CHATHAMISLANDS,8.077
2015,ER_OAW_MNACD,New Zealand,BAYOFPLENTY,8.045
2015,ER_OAW_MNACD,New Zealand,WESTCOAST-JACKSONBAY,8.044
2015,ER_OAW_MNACD,New Zealand,TASMANBAY,8.029999999999998
2015,ER_OAW_MNACD,New Zealand,DUNEDINPYLON,8.077
2015,ER_OAW_MNACD,New Zealand,STEWARTISLAND,8.047
2015,ER_OAW_MNACD,New Zealand,MARLBOROUGHSOUNDS,8.064
2016,ER_OAW_MNACD,New Zealand,STEWARTISLAND,8.048999999999998
2016,ER_OAW_MNACD,New Zealand,BAYOFPLENTY,8.031
2016,ER_OAW_MNACD,New Zealand,AUCKLAND,7.958
2016,ER_OAW_MNACD,New Zealand,WELLINGTON,8.008
2016,ER_OAW_MNACD,New Zealand,CHATHAMISLANDS,8.006999999999998
2016,ER_OAW_MNACD,New Zealand,GOLDENBAY,7.988
2016,ER_OAW_MNACD,New Zealand,DUNEDINPYLON,8.04
2016,ER_OAW_MNACD,New Zealand,MARLBOROUGHSOUNDS,7.952
2016,ER_OAW_MNACD,New Zealand,TASMANBAY,8.015
2016,ER_OAW_MNACD,New Zealand,WESTCOAST-JACKSONBAY,8.05
2017,ER_OAW_MNACD,New Zealand,BAYOFPLENTY,8.031
2017,ER_OAW_MNACD,New Zealand,WESTCOAST-JACKSONBAY,8.070999999999998
2017,ER_OAW_MNACD,New Zealand,TASMANBAY,8.009
2017,ER_OAW_MNACD,New Zealand,STEWARTISLAND,8.024
2017,ER_OAW_MNACD,New Zealand,DUNEDINPYLON,8.041
2017,ER_OAW_MNACD,New Zealand,MARLBOROUGHSOUNDS,8.027
2017,ER_OAW_MNACD,New Zealand,WELLINGTON,8.006999999999998
2017,ER_OAW_MNACD,New Zealand,CHATHAMISLANDS,8.009
2017,ER_OAW_MNACD,New Zealand,AUCKLAND,7.94
2017,ER_OAW_MNACD,New Zealand,GOLDENBAY,8.006
2018,ER_OAW_MNACD,New Zealand,GOLDENBAY,8.022999999999998
2018,ER_OAW_MNACD,New Zealand,DUNEDINPYLON,8.077999999999998
2018,ER_OAW_MNACD,New Zealand,MARLBOROUGHSOUNDS,8.031
2018,ER_OAW_MNACD,New Zealand,TASMANBAY,8.021
2018,ER_OAW_MNACD,New Zealand,WESTCOAST-JACKSONBAY,8.067999999999998
2018,ER_OAW_MNACD,New Zealand,STEWARTISLAND,8.054
2018,ER_OAW_MNACD,New Zealand,BAYOFPLENTY,8.008
2018,ER_OAW_MNACD,New Zealand,AUCKLAND,7.953
2018,ER_OAW_MNACD,New Zealand,CHATHAMISLANDS,8.032
2018,ER_OAW_MNACD,New Zealand,WELLINGTON,8.011
2019,ER_OAW_MNACD,New Zealand,CHATHAMISLANDS,7.996
2019,ER_OAW_MNACD,New Zealand,WELLINGTON,7.905
2019,ER_OAW_MNACD,New Zealand,AUCKLAND,7.902
2019,ER_OAW_MNACD,New Zealand,BAYOFPLENTY,7.932
2019,ER_OAW_MNACD,New Zealand,WESTCOAST-JACKSONBAY,8.057
2019,ER_OAW_MNACD,New Zealand,TASMANBAY,8.048999999999998
2019,ER_OAW_MNACD,New Zealand,MARLBOROUGHSOUNDS-CANNONHILL,8.035999999999998
2019,ER_OAW_MNACD,New Zealand,MARLBOROUGHSOUNDS,7.979
2019,ER_OAW_MNACD,New Zealand,DUNEDINPYLON,8.088
2019,ER_OAW_MNACD,New Zealand,GOLDENBAY,8.031
2020,ER_OAW_MNACD,New Zealand,GOLDENBAY,8.005
2020,ER_OAW_MNACD,New Zealand,WRC_128,7.945999999999999
2020,ER_OAW_MNACD,New Zealand,WESTCOAST-JACKSONBAY,8.064
2020,ER_OAW_MNACD,New Zealand,STEWARTISLAND,8.031
2020,ER_OAW_MNACD,New Zealand,DOCTUHUA(MAYORISLAND)MR/TAURANGA,8.058
2020,ER_OAW_MNACD,New Zealand,DOCTEANGIANGIMR/NAPIER,8.138
2020,ER_OAW_MNACD,New Zealand,BAYOFPLENTY,8.006999999999998
2020,ER_OAW_MNACD,New Zealand,5MWEST,7.978
2020,ER_OAW_MNACD,New Zealand,5MEAST,8.034
2020,ER_OAW_MNACD,New Zealand,DUNEDINPYLON,8.051
2020,ER_OAW_MNACD,New Zealand,MARLBOROUGHSOUNDS-CANNONHILL,8.037
2020,ER_OAW_MNACD,New Zealand,CHATHAMISLANDS,8.035
2020,ER_OAW_MNACD,New Zealand,DOCTAPUTERANGAMR/WELLINGTON,8.213
2020,ER_OAW_MNACD,New Zealand,TASMANBAY,7.961999999999998
2020,ER_OAW_MNACD,New Zealand,WAIQRUA,7.97
2020,ER_OAW_MNACD,New Zealand,15MWEST,7.976
2020,ER_OAW_MNACD,New Zealand,WELLINGTON,8.019
2020,ER_OAW_MNACD,New Zealand,WAIQTAHI,7.992
2021,ER_OAW_MNACD,New Zealand,WELLINGTON,8.022
2021,ER_OAW_MNACD,New Zealand,5MEAST,7.997
2021,ER_OAW_MNACD,New Zealand,15MWEST,7.979
2021,ER_OAW_MNACD,New Zealand,STEWARTISLAND,8.051
2021,ER_OAW_MNACD,New Zealand,WESTCOAST-JACKSONBAY,7.985
2021,ER_OAW_MNACD,New Zealand,WAIQTAHI,7.997
2021,ER_OAW_MNACD,New Zealand,WAIQRUA,7.979
2021,ER_OAW_MNACD,New Zealand,TASMANBAY,8.029
2021,ER_OAW_MNACD,New Zealand,DOC_TAPUAE_NP_NEW_PLYMOUTH,8.063
2021,ER_OAW_MNACD,New Zealand,5MWEST,8.004
2021,ER_OAW_MNACD,New Zealand,BAYOFPLENTY,8.004
2021,ER_OAW_MNACD,New Zealand,DOC_TAPUTERANGA_TM_WELLINGTON,8.205
2021,ER_OAW_MNACD,New Zealand,DOCTAPUTERANGAMR/WELLINGTON,7.995
2021,ER_OAW_MNACD,New Zealand,DOC_TUHUA_MI_TAURANGA,7.821
2021,ER_OAW_MNACD,New Zealand,DOC_TE_WHANGANUI_A_HEI_CC_WHITIANGA,8.069
2021,ER_OAW_MNACD,New Zealand,DOC_TE_ANGIANGI_TA_NAPIER,8.133
2021,ER_OAW_MNACD,New Zealand,DOCTEANGIANGIMR/NAPIER,8.152
2021,ER_OAW_MNACD,New Zealand,DOC_POOR_KNIGHTS_PK_WHANGAREI,8.061
2021,ER_OAW_MNACD,New Zealand,DOC_KAPITI_KM_WELLINGTON,8.041
2021,ER_OAW_MNACD,New Zealand,DOC_CAPE_FOULWIND_CF_WESTPORT,8.048
2021,ER_OAW_MNACD,New Zealand,CHATHAMISLANDS,7.98
2021,ER_OAW_MNACD,New Zealand,DOCTUHUA(MAYORISLAND)MR/TAURANGA,7.828
2021,ER_OAW_MNACD,New Zealand,MARLBOROUGHSOUNDS-CANNONHILL,8.045
2021,ER_OAW_MNACD,New Zealand,DUNEDINPYLON,8.084
2021,ER_OAW_MNACD,New Zealand,GOLDENBAY,8.044
2022,ER_OAW_MNACD,New Zealand,DOC_CAPE_FOULWIND_CF_WESTPORT,8.032
2022,ER_OAW_MNACD,New Zealand,DOC_TAPUAE_NP_NEW_PLYMOUTH,8.038
2022,ER_OAW_MNACD,New Zealand,TASMANBAY,7.914
2022,ER_OAW_MNACD,New Zealand,WESTCOAST-JACKSONBAY,8.077
2022,ER_OAW_MNACD,New Zealand,DOC_TE_WHANGANUI_A_HEI_CC_WHITIANGA,8.031
2022,ER_OAW_MNACD,New Zealand,DOC_TAPUTERANGA_TM_WELLINGTON,8.091
2022,ER_OAW_MNACD,New Zealand,DOC_TUHUA_MI_TAURANGA,7.927
2022,ER_OAW_MNACD,New Zealand,BAYOFPLENTY,8.054
2022,ER_OAW_MNACD,New Zealand,GOLDENBAY,8.023
2022,ER_OAW_MNACD,New Zealand,DUNEDINPYLON,8.037
2022,ER_OAW_MNACD,New Zealand,MARLBOROUGHSOUNDS-CANNONHILL,7.992
2022,ER_OAW_MNACD,New Zealand,DOC_POOR_KNIGHTS_PK_WHANGAREI,8.038
2022,ER_OAW_MNACD,New Zealand,CHATHAMISLANDS,7.988
2022,ER_OAW_MNACD,New Zealand,DOC_HIKURANGI_KK_KAIKOURA,8.132
2022,ER_OAW_MNACD,New Zealand,5MWEST,7.979
2022,ER_OAW_MNACD,New Zealand,5MEAST,7.991
2022,ER_OAW_MNACD,New Zealand,15MWEST,7.981
2022,ER_OAW_MNACD,New Zealand,WELLINGTON,8.0
2022,ER_OAW_MNACD,New Zealand,WAIQRUA,7.982
2022,ER_OAW_MNACD,New Zealand,WAIQTAHI,8.0
2007,ER_OAW_MNACD,Norway,WESTCOAST,8.176
2008,ER_OAW_MNACD,Norway,WESTCOAST,8.119
2009,ER_OAW_MNACD,Norway,WESTCOAST,8.136
2010,ER_OAW_MNACD,Norway,WESTCOAST,8.096
2011,ER_OAW_MNACD,Norway,IMR_NORWEGIAN_SEA,8.077
2012,ER_OAW_MNACD,Norway,IMR_NORWEGIAN_SEA,8.056
2012,ER_OAW_MNACD,Norway,MOSJ,8.295
2013,ER_OAW_MNACD,Norway,MOSJ,8.227
2013,ER_OAW_MNACD,Norway,IMR_NORWEGIAN_SEA,8.059
2014,ER_OAW_MNACD,Norway,IMR_NORWEGIAN_SEA,8.051999999999998
2014,ER_OAW_MNACD,Norway,MOSJ,8.479
2014,ER_OAW_MNACD,Norway,CARBONBRIDGE,8.175
2015,ER_OAW_MNACD,Norway,WESTCOAST,8.074999999999998
2015,ER_OAW_MNACD,Norway,IMR_NORWEGIAN_SEA,8.061
2016,ER_OAW_MNACD,Norway,WESTCOAST,8.051
2016,ER_OAW_MNACD,Norway,IMR_NORWEGIAN_SEA,8.058
2017,ER_OAW_MNACD,Norway,IMR_NORWEGIAN_SEA,8.066
2017,ER_OAW_MNACD,Norway,WESTCOAST,8.067999999999998
2017,ER_OAW_MNACD,Norway,ARENDAL,8.054
2018,ER_OAW_MNACD,Norway,ARENDAL,8.073
2018,ER_OAW_MNACD,Norway,WESTCOAST,8.076
2019,ER_OAW_MNACD,Norway,WESTCOAST,8.058
2019,ER_OAW_MNACD,Norway,VT3,8.086
2019,ER_OAW_MNACD,Norway,VT71,8.070999999999998
2019,ER_OAW_MNACD,Norway,VT29,8.035
2019,ER_OAW_MNACD,Norway,VR54,8.089
2019,ER_OAW_MNACD,Norway,ARENDAL,8.048
2020,ER_OAW_MNACD,Norway,B_H,8.185
2020,ER_OAW_MNACD,Norway,B_K,8.234999999999998
2020,ER_OAW_MNACD,Norway,HAV,8.034
2020,ER_OAW_MNACD,Norway,OSLO-KIEL,8.057
2020,ER_OAW_MNACD,Norway,TROMSO-LONGYEARBYEN,8.053
2020,ER_OAW_MNACD,Norway,VT5,8.386
2020,ER_OAW_MNACD,Norway,VT29,8.057
2020,ER_OAW_MNACD,Norway,WESTCOAST,8.061
2021,ER_OAW_MNACD,Norway,HAV_64370,8.207
2021,ER_OAW_MNACD,Norway,HAV_64375,8.008
2021,ER_OAW_MNACD,Norway,HAV_64374,8.032
2021,ER_OAW_MNACD,Norway,HAV_64377,8.003
2021,ER_OAW_MNACD,Norway,HAV_64372,8.235
2021,ER_OAW_MNACD,Norway,HAV_64378,8.027
2021,ER_OAW_MNACD,Norway,VT5,8.399
2021,ER_OAW_MNACD,Norway,HAV_64379,8.029
2021,ER_OAW_MNACD,Norway,HAV_64382,8.043
2021,ER_OAW_MNACD,Norway,B_H,8.26
2021,ER_OAW_MNACD,Norway,04_20_99319,8.096
2021,ER_OAW_MNACD,Norway,04_20_99317,8.075
2021,ER_OAW_MNACD,Norway,01_20_64373,8.254
2021,ER_OAW_MNACD,Norway,HAV_82219,8.044
2021,ER_OAW_MNACD,Norway,HAV_82218,8.05
2021,ER_OAW_MNACD,Norway,HAV_82217,8.03
2021,ER_OAW_MNACD,Norway,HAV_82220,8.048
2021,ER_OAW_MNACD,Norway,VT29,8.035
2021,ER_OAW_MNACD,Norway,HAV_82224,8.052
2021,ER_OAW_MNACD,Norway,HAV_64376,8.005
2021,ER_OAW_MNACD,Norway,CORALLREEF,7.992
2021,ER_OAW_MNACD,Norway,HAV_64371,8.197
2021,ER_OAW_MNACD,Norway,HAV_64369,8.205
2021,ER_OAW_MNACD,Norway,B_K,8.253999999999998
2021,ER_OAW_MNACD,Norway,BARENTS_SEA_OPENING_1,8.035
2021,ER_OAW_MNACD,Norway,BARENTS_SEA_OPENING_,8.055
2022,ER_OAW_MNACD,Norway,B_K,7.997
2022,ER_OAW_MNACD,Norway,B_H,8.022
2018,ER_OAW_MNACD,Romania,CONSTANTA,8.497999999999998
2019,ER_OAW_MNACD,Romania,CONSTANTA,8.528
2020,ER_OAW_MNACD,Romania,CONSTANTA,8.348
2021,ER_OAW_MNACD,Romania,CONSTANTA,8.249
2018,ER_OAW_MNACD,Viet Nam,VIETNAM1_18,7.996
2019,ER_OAW_MNACD,Viet Nam,VIETNAM2_19,8.083
2020,ER_OAW_MNACD,Viet Nam,VIETNAM2_20,8.05
2008,ER_OAW_MNACD,Spain,ESTOC,8.012
2009,ER_OAW_MNACD,Spain,ESTOC,8.013999999999998
2010,ER_OAW_MNACD,Spain,ESTOC,8.011
2011,ER_OAW_MNACD,Spain,ESTOC,8.019
2012,ER_OAW_MNACD,Spain,ESTOC,8.003999999999998
2013,ER_OAW_MNACD,Spain,ESTOC,8.009
2014,ER_OAW_MNACD,Spain,ESTOC,8.006
2015,ER_OAW_MNACD,Spain,ESTOC,7.998999999999999
2016,ER_OAW_MNACD,Spain,ESTOC,7.996
2017,ER_OAW_MNACD,Spain,ESTOC,7.990999999999999
2018,ER_OAW_MNACD,Spain,BAY_OF_PALMA,8.13
2018,ER_OAW_MNACD,Spain,ESTOC,7.987
2019,ER_OAW_MNACD,Spain,RADIALVIGO,8.035999999999998
2019,ER_OAW_MNACD,Spain,BAY_OF_PALMA,8.075
2019,ER_OAW_MNACD,Spain,CABRERA,8.045
2020,ER_OAW_MNACD,Spain,BAY_OF_PALMA,8.05
2020,ER_OAW_MNACD,Spain,CABRERA,8.056
2021,ER_OAW_MNACD,Spain,CABRERA,8.062
2005,ER_OAW_MNACD,Sweden,SE-SR5,8.012
2005,ER_OAW_MNACD,Sweden,ANHOLTE,8.172
2005,ER_OAW_MNACD,Sweden,BO3/A3,7.926
2005,ER_OAW_MNACD,Sweden,BY15GOTLANDSDJUPET,8.281
2005,ER_OAW_MNACD,Sweden,BY5BORNHOLMSDJUPET,8.207
2006,ER_OAW_MNACD,Sweden,BY5BORNHOLMSDJUPET,8.262
2006,ER_OAW_MNACD,Sweden,BY15GOTLANDSDJUPET,8.288999999999998
2006,ER_OAW_MNACD,Sweden,EFUSHANHAI,8.156
2006,ER_OAW_MNACD,Sweden,SE-F16,7.97
2006,ER_OAW_MNACD,Sweden,ANHOLTE,8.189
2006,ER_OAW_MNACD,Sweden,SE-US5B,8.029999999999998
2006,ER_OAW_MNACD,Sweden,F9,7.888
2007,ER_OAW_MNACD,Sweden,F9,7.889999999999999
2007,ER_OAW_MNACD,Sweden,N14FALKENBERG,8.168
2007,ER_OAW_MNACD,Sweden,ANHOLTE,8.189
2007,ER_OAW_MNACD,Sweden,BY5BORNHOLMSDJUPET,8.205
2007,ER_OAW_MNACD,Sweden,A17,8.211999999999998
2007,ER_OAW_MNACD,Sweden,SE-F16,8.07
2007,ER_OAW_MNACD,Sweden,SE-US5B,8.059
2007,ER_OAW_MNACD,Sweden,BY15GOTLANDSDJUPET,8.244
2007,ER_OAW_MNACD,Sweden,REFM1V1,8.088
2008,ER_OAW_MNACD,Sweden,BY15GOTLANDSDJUPET,8.271
2008,ER_OAW_MNACD,Sweden,REFM1V1,8.159
2008,ER_OAW_MNACD,Sweden,N14FALKENBERG,8.182
2008,ER_OAW_MNACD,Sweden,SLAGGO,8.24
2008,ER_OAW_MNACD,Sweden,F9,7.862
2008,ER_OAW_MNACD,Sweden,BY31LANDSORTSDJUPET,8.083
2008,ER_OAW_MNACD,Sweden,SE-US5B,8.012
2008,ER_OAW_MNACD,Sweden,SE-F16,7.974
2008,ER_OAW_MNACD,Sweden,ANHOLTE,8.198
2008,ER_OAW_MNACD,Sweden,BY5BORNHOLMSDJUPET,8.237999999999998
2008,ER_OAW_MNACD,Sweden,A17,8.199
2009,ER_OAW_MNACD,Sweden,SE-F16,7.996
2009,ER_OAW_MNACD,Sweden,SE-US5B,8.074
2009,ER_OAW_MNACD,Sweden,BY5BORNHOLMSDJUPET,8.239
2009,ER_OAW_MNACD,Sweden,ANHOLTE,8.221999999999998
2009,ER_OAW_MNACD,Sweden,BY15GOTLANDSDJUPET,8.31
2009,ER_OAW_MNACD,Sweden,BY31LANDSORTSDJUPET,8.086999999999998
2009,ER_OAW_MNACD,Sweden,REFM1V1,8.119
2009,ER_OAW_MNACD,Sweden,F9,7.937999999999999
2009,ER_OAW_MNACD,Sweden,N14FALKENBERG,8.217
2009,ER_OAW_MNACD,Sweden,A17,8.231999999999998
2010,ER_OAW_MNACD,Sweden,BY31LANDSORTSDJUPET,8.124
2010,ER_OAW_MNACD,Sweden,BY15GOTLANDSDJUPET,8.311999999999998
2010,ER_OAW_MNACD,Sweden,ANHOLTE,8.231
2010,ER_OAW_MNACD,Sweden,SE-US5B,8.015
2010,ER_OAW_MNACD,Sweden,SE-F16,7.948
2010,ER_OAW_MNACD,Sweden,A17,8.259
2010,ER_OAW_MNACD,Sweden,WLANDSKRONA,8.07
2010,ER_OAW_MNACD,Sweden,BY5BORNHOLMSDJUPET,8.239
2010,ER_OAW_MNACD,Sweden,BCSIII-10,8.359999999999998
2010,ER_OAW_MNACD,Sweden,REFM1V1,8.167
2010,ER_OAW_MNACD,Sweden,N14FALKENBERG,8.243
2010,ER_OAW_MNACD,Sweden,F9,7.9
2010,ER_OAW_MNACD,Sweden,SLAGGO,8.211999999999998
2011,ER_OAW_MNACD,Sweden,N14FALKENBERG,8.198
2011,ER_OAW_MNACD,Sweden,REFM1V1,8.117
2011,ER_OAW_MNACD,Sweden,A17,8.198
2011,ER_OAW_MNACD,Sweden,SE-US5B,8.045999999999998
2011,ER_OAW_MNACD,Sweden,BY5BORNHOLMSDJUPET,8.224
2011,ER_OAW_MNACD,Sweden,BY15GOTLANDSDJUPET,8.233
2011,ER_OAW_MNACD,Sweden,BY31LANDSORTSDJUPET,8.073
2011,ER_OAW_MNACD,Sweden,ANHOLTE,8.181
2012,ER_OAW_MNACD,Sweden,ANHOLTE,8.197
2012,ER_OAW_MNACD,Sweden,A17,8.195
2012,ER_OAW_MNACD,Sweden,REFM1V1,8.154999999999998
2012,ER_OAW_MNACD,Sweden,F9,7.905999999999999
2012,ER_OAW_MNACD,Sweden,BY15W,8.285
2012,ER_OAW_MNACD,Sweden,BY31LANDSORTSDJUPET,8.096999999999998
2012,ER_OAW_MNACD,Sweden,BY5BORNHOLMSDJUPET,8.217
2012,ER_OAW_MNACD,Sweden,SE-F16,7.98
2012,ER_OAW_MNACD,Sweden,SE-US5B,8.008
2012,ER_OAW_MNACD,Sweden,BY15GOTLANDSDJUPET,8.335
2013,ER_OAW_MNACD,Sweden,BY15GOTLANDSDJUPET,8.301
2013,ER_OAW_MNACD,Sweden,SE-F13,7.984
2013,ER_OAW_MNACD,Sweden,SE-US5B,8.013999999999998
2013,ER_OAW_MNACD,Sweden,BY31LANDSORTSDJUPET,8.083
2013,ER_OAW_MNACD,Sweden,ANHOLTE,8.168
2013,ER_OAW_MNACD,Sweden,F9,7.945999999999999
2013,ER_OAW_MNACD,Sweden,REFM1V1,8.061999999999998
2013,ER_OAW_MNACD,Sweden,N14FALKENBERG,8.176999999999998
2013,ER_OAW_MNACD,Sweden,A17,8.172
2013,ER_OAW_MNACD,Sweden,BY5BORNHOLMSDJUPET,8.285999999999998
2014,ER_OAW_MNACD,Sweden,BY1,8.096
2014,ER_OAW_MNACD,Sweden,BY15GOTLANDSDJUPET,8.276
2014,ER_OAW_MNACD,Sweden,SE-US5B,8.067999999999998
2014,ER_OAW_MNACD,Sweden,BY31LANDSORTSDJUPET,8.067999999999998
2014,ER_OAW_MNACD,Sweden,BY5BORNHOLMSDJUPET,8.234999999999998
2014,ER_OAW_MNACD,Sweden,A17,8.182
2014,ER_OAW_MNACD,Sweden,F64SOLOVJEVA,8.072
2014,ER_OAW_MNACD,Sweden,SE-F2,7.94
2014,ER_OAW_MNACD,Sweden,ANHOLTE,8.226
2014,ER_OAW_MNACD,Sweden,N14FALKENBERG,8.228
2014,ER_OAW_MNACD,Sweden,REFM1V1,8.172
2014,ER_OAW_MNACD,Sweden,HANOBUKTEN,8.067999999999998
2015,ER_OAW_MNACD,Sweden,N14FALKENBERG,8.143
2015,ER_OAW_MNACD,Sweden,REFM1V1,8.082
2015,ER_OAW_MNACD,Sweden,HANOBUKTEN,8.137
2015,ER_OAW_MNACD,Sweden,SLAGGO,8.160999999999998
2015,ER_OAW_MNACD,Sweden,A17,8.159
2015,ER_OAW_MNACD,Sweden,BY5BORNHOLMSDJUPET,8.176
2015,ER_OAW_MNACD,Sweden,A15,8.199999999999998
2015,ER_OAW_MNACD,Sweden,BY15GOTLANDSDJUPET,8.168
2015,ER_OAW_MNACD,Sweden,BY31LANDSORTSDJUPET,8.003999999999998
2015,ER_OAW_MNACD,Sweden,BY15W,8.143
2015,ER_OAW_MNACD,Sweden,ANHOLTE,8.157999999999998
2016,ER_OAW_MNACD,Sweden,N14FALKENBERG,8.151
2016,ER_OAW_MNACD,Sweden,REFM1V1,8.162
2016,ER_OAW_MNACD,Sweden,ANHOLTE,8.169
2016,ER_OAW_MNACD,Sweden,BCSIII-10,8.304999999999998
2016,ER_OAW_MNACD,Sweden,BY15GOTLANDSDJUPET,8.208999999999998
2016,ER_OAW_MNACD,Sweden,BY5BORNHOLMSDJUPET,8.166
2016,ER_OAW_MNACD,Sweden,BY31LANDSORTSDJUPET,8.053
2016,ER_OAW_MNACD,Sweden,A17,8.159
2017,ER_OAW_MNACD,Sweden,BY20FARODJUPET,8.362999999999998
2017,ER_OAW_MNACD,Sweden,N14FALKENBERG,8.13
2017,ER_OAW_MNACD,Sweden,BY4CHRISTIANSO,8.09
2017,ER_OAW_MNACD,Sweden,BY38KARLSODJUPET,8.031
2017,ER_OAW_MNACD,Sweden,ANHOLTE,8.137
2017,ER_OAW_MNACD,Sweden,BY32NORRKOPINGSDJUPET,8.035
2017,ER_OAW_MNACD,Sweden,HANOBUKTEN,8.124
2017,ER_OAW_MNACD,Sweden,REFM1V1,8.112999999999998
2017,ER_OAW_MNACD,Sweden,A17,8.137
2017,ER_OAW_MNACD,Sweden,BY5BORNHOLMSDJUPET,8.157999999999998
2017,ER_OAW_MNACD,Sweden,BY15GOTLANDSDJUPET,8.25
2017,ER_OAW_MNACD,Sweden,BY31LANDSORTSDJUPET,8.051
2018,ER_OAW_MNACD,Sweden,ANHOLTE,8.141
2018,ER_OAW_MNACD,Sweden,BY10,8.282999999999998
2018,ER_OAW_MNACD,Sweden,BY32NORRKOPINGSDJUPET,8.067
2018,ER_OAW_MNACD,Sweden,BY20FARODJUPET,8.058
2018,ER_OAW_MNACD,Sweden,BY15GOTLANDSDJUPET,8.191
2018,ER_OAW_MNACD,Sweden,BY31LANDSORTSDJUPET,8.061
2018,ER_OAW_MNACD,Sweden,BY5BORNHOLMSDJUPET,8.167
2018,ER_OAW_MNACD,Sweden,A17,8.163
2018,ER_OAW_MNACD,Sweden,FLADEN,8.17
2018,ER_OAW_MNACD,Sweden,REFM1V1,8.13
2018,ER_OAW_MNACD,Sweden,N14FALKENBERG,8.141
2018,ER_OAW_MNACD,Sweden,HANOBUKTEN,8.288999999999998
2019,ER_OAW_MNACD,Sweden,SR3/C24,7.98
2019,ER_OAW_MNACD,Sweden,F3,8.074
2019,ER_OAW_MNACD,Sweden,SE-US5B,7.973
2019,ER_OAW_MNACD,Sweden,BY5BORNHOLMSDJUPET,8.159
2019,ER_OAW_MNACD,Sweden,BY31LANDSORTSDJUPET,8.035
2019,ER_OAW_MNACD,Sweden,BY20FARODJUPET,8.153
2019,ER_OAW_MNACD,Sweden,BY19,8.096999999999998
2019,ER_OAW_MNACD,Sweden,BY2ARKONA,8.152
2019,ER_OAW_MNACD,Sweden,HANOBUKTEN,8.175
2019,ER_OAW_MNACD,Sweden,N14FALKENBERG,8.128999999999998
2019,ER_OAW_MNACD,Sweden,REFM1V1,8.106
2019,ER_OAW_MNACD,Sweden,F9,7.883
2019,ER_OAW_MNACD,Sweden,FLADEN,8.133
2019,ER_OAW_MNACD,Sweden,MS4/C14,8.022999999999998
2019,ER_OAW_MNACD,Sweden,A17,8.14
2019,ER_OAW_MNACD,Sweden,SE-F16,7.886
2019,ER_OAW_MNACD,Sweden,BY15GOTLANDSDJUPET,8.213
2019,ER_OAW_MNACD,Sweden,BY10,8.073
2019,ER_OAW_MNACD,Sweden,BY32NORRKOPINGSDJUPET,8.086
2019,ER_OAW_MNACD,Sweden,BCSIII-10,8.157
2019,ER_OAW_MNACD,Sweden,BY38KARLSODJUPET,8.016999999999998
2019,ER_OAW_MNACD,Sweden,ANHOLTE,8.138
2019,ER_OAW_MNACD,Sweden,BY4CHRISTIANSO,8.109999999999998
2020,ER_OAW_MNACD,Sweden,BY10,8.151
2020,ER_OAW_MNACD,Sweden,BY9KLAIPEDA,8.027
2020,ER_OAW_MNACD,Sweden,A17,8.147
2020,ER_OAW_MNACD,Sweden,REFM1V1,8.125999999999998
2020,ER_OAW_MNACD,Sweden,N14FALKENBERG,8.146
2020,ER_OAW_MNACD,Sweden,SE-F16,7.902
2020,ER_OAW_MNACD,Sweden,HANOBUKTEN,8.147
2020,ER_OAW_MNACD,Sweden,BY15GOTLANDSDJUPET,8.199999999999998
2020,ER_OAW_MNACD,Sweden,ANHOLTE,8.162
2020,ER_OAW_MNACD,Sweden,BY4CHRISTIANSO,8.106999999999998
2020,ER_OAW_MNACD,Sweden,BY31LANDSORTSDJUPET,8.128999999999998
2020,ER_OAW_MNACD,Sweden,BY5BORNHOLMSDJUPET,8.162
2021,ER_OAW_MNACD,Sweden,N14FALKENBERG,7.939
2021,ER_OAW_MNACD,Sweden,REFM1V1,7.905
2021,ER_OAW_MNACD,Sweden,F3_A5,7.557
2021,ER_OAW_MNACD,Sweden,SR3/C24,7.624
2021,ER_OAW_MNACD,Sweden,F9_A13,7.517
2021,ER_OAW_MNACD,Sweden,FLADEN,8.045
2021,ER_OAW_MNACD,Sweden,MS4/C14,7.562
2021,ER_OAW_MNACD,Sweden,BY31LANDSORTSDJUPET,7.572
2021,ER_OAW_MNACD,Sweden,ANHOLTE,7.9
2021,ER_OAW_MNACD,Sweden,BY38KARLSODJUPET,7.855
2021,ER_OAW_MNACD,Sweden,BY4CHRISTIANSO,7.928
2021,ER_OAW_MNACD,Sweden,US2_ULVODJUPET_C5,7.61
2021,ER_OAW_MNACD,Sweden,SE-F16,7.693
2021,ER_OAW_MNACD,Sweden,HANOBUKTEN,8.065
2021,ER_OAW_MNACD,Sweden,BY5BORNHOLMSDJUPET,7.677
2021,ER_OAW_MNACD,Sweden,C3,7.592
2021,ER_OAW_MNACD,Sweden,A17,7.935
2021,ER_OAW_MNACD,Sweden,US5B_C1,7.663
2021,ER_OAW_MNACD,Sweden,BY15GOTLANDSDJUPET,7.521
2021,ER_OAW_MNACD,Sweden,BY29_LL19,7.862
2021,ER_OAW_MNACD,Sweden,BCSIII-10,7.928
2021,ER_OAW_MNACD,Sweden,BY10,8.066
2010,ER_OAW_MNACD,United Kingdom of Great Britain and Northern Ireland,WCOL4,8.072
2010,ER_OAW_MNACD,United Kingdom of Great Britain and Northern Ireland,WCOE1,8.086999999999998
2010,ER_OAW_MNACD,United Kingdom of Great Britain and Northern Ireland,L4,8.073
2010,ER_OAW_MNACD,United Kingdom of Great Britain and Northern Ireland,WESTERN_CHANNEL_OBSERVATORY_E1,8.069
2010,ER_OAW_MNACD,United Kingdom of Great Britain and Northern Ireland,GARRONPOINTSCOTLAND,8.082
2011,ER_OAW_MNACD,United Kingdom of Great Britain and Northern Ireland,WESTERN_CHANNEL_OBSERVATORY_E1,7.983
2011,ER_OAW_MNACD,United Kingdom of Great Britain and Northern Ireland,GARRONPOINTSCOTLAND,8.029
2011,ER_OAW_MNACD,United Kingdom of Great Britain and Northern Ireland,WCOE1,8.006999999999998
2011,ER_OAW_MNACD,United Kingdom of Great Britain and Northern Ireland,WCOL4,8.101
2011,ER_OAW_MNACD,United Kingdom of Great Britain and Northern Ireland,L4,8.102
2012,ER_OAW_MNACD,United Kingdom of Great Britain and Northern Ireland,L4,8.085
2012,ER_OAW_MNACD,United Kingdom of Great Britain and Northern Ireland,WCOE1,8.07
2012,ER_OAW_MNACD,United Kingdom of Great Britain and Northern Ireland,WCOL4,8.083
2012,ER_OAW_MNACD,United Kingdom of Great Britain and Northern Ireland,WESTERN_CHANNEL_OBSERVATORY_E1,8.045
2012,ER_OAW_MNACD,United Kingdom of Great Britain and Northern Ireland,GARRONPOINTSCOTLAND,8.047
2013,ER_OAW_MNACD,United Kingdom of Great Britain and Northern Ireland,GARRONPOINTSCOTLAND,8.018
2013,ER_OAW_MNACD,United Kingdom of Great Britain and Northern Ireland,WESTERN_CHANNEL_OBSERVATORY_E1,8.002
2013,ER_OAW_MNACD,United Kingdom of Great Britain and Northern Ireland,WCOE1,7.997
2013,ER_OAW_MNACD,United Kingdom of Great Britain and Northern Ireland,L4,8.016999999999998
2013,ER_OAW_MNACD,United Kingdom of Great Britain and Northern Ireland,WCOL4,8.015
2014,ER_OAW_MNACD,United Kingdom of Great Britain and Northern Ireland,WCOL4,8.013
2014,ER_OAW_MNACD,United Kingdom of Great Britain and Northern Ireland,L4,8.013999999999998
2014,ER_OAW_MNACD,United Kingdom of Great Britain and Northern Ireland,WCOE1,8.058
2014,ER_OAW_MNACD,United Kingdom of Great Britain and Northern Ireland,WESTERN_CHANNEL_OBSERVATORY_E1,8.045
2015,ER_OAW_MNACD,United Kingdom of Great Britain and Northern Ireland,J06,8.057
2015,ER_OAW_MNACD,United Kingdom of Great Britain and Northern Ireland,WCOE1,8.128999999999998
2015,ER_OAW_MNACD,United Kingdom of Great Britain and Northern Ireland,CS2,8.074999999999998
2015,ER_OAW_MNACD,United Kingdom of Great Britain and Northern Ireland,FE,8.067999999999998
2015,ER_OAW_MNACD,United Kingdom of Great Britain and Northern Ireland,WESTERN_CHANNEL_OBSERVATORY_E1,8.104
2015,ER_OAW_MNACD,United Kingdom of Great Britain and Northern Ireland,TRANSECTO4,8.043
2015,ER_OAW_MNACD,United Kingdom of Great Britain and Northern Ireland,BENTHICI,8.074999999999998
2015,ER_OAW_MNACD,United Kingdom of Great Britain and Northern Ireland,BENTHICA,8.131
2015,ER_OAW_MNACD,United Kingdom of Great Britain and Northern Ireland,BENTHICG,8.134
2015,ER_OAW_MNACD,United Kingdom of Great Britain and Northern Ireland,BENTHICH,8.147
2015,ER_OAW_MNACD,United Kingdom of Great Britain and Northern Ireland,CANDYFLOSS/CCS,8.067999999999998
2015,ER_OAW_MNACD,United Kingdom of Great Britain and Northern Ireland,WCOL4,8.117
2015,ER_OAW_MNACD,United Kingdom of Great Britain and Northern Ireland,J02,8.076
2015,ER_OAW_MNACD,United Kingdom of Great Britain and Northern Ireland,J04,8.077
2015,ER_OAW_MNACD,United Kingdom of Great Britain and Northern Ireland,L4,8.118
2016,ER_OAW_MNACD,United Kingdom of Great Britain and Northern Ireland,L4,8.076
2016,ER_OAW_MNACD,United Kingdom of Great Britain and Northern Ireland,WCOL4,8.074
2016,ER_OAW_MNACD,United Kingdom of Great Britain and Northern Ireland,WESTERN_CHANNEL_OBSERVATORY_E1,8.04
2016,ER_OAW_MNACD,United Kingdom of Great Britain and Northern Ireland,WCOE1,8.064
2017,ER_OAW_MNACD,United Kingdom of Great Britain and Northern Ireland,WESTERN_CHANNEL_OBSERVATORY_E1,8.063
2017,ER_OAW_MNACD,United Kingdom of Great Britain and Northern Ireland,WCOE1,8.066
2017,ER_OAW_MNACD,United Kingdom of Great Britain and Northern Ireland,WCOL4,8.069
2017,ER_OAW_MNACD,United Kingdom of Great Britain and Northern Ireland,L4,8.07
2018,ER_OAW_MNACD,United Kingdom of Great Britain and Northern Ireland,WCOE1,7.949
2018,ER_OAW_MNACD,United Kingdom of Great Britain and Northern Ireland,L4,8.016
2018,ER_OAW_MNACD,United Kingdom of Great Britain and Northern Ireland,WESTERN_CHANNEL_OBSERVATORY_E1,8.024
2018,ER_OAW_MNACD,United Kingdom of Great Britain and Northern Ireland,WCOL4,8.015
2019,ER_OAW_MNACD,United Kingdom of Great Britain and Northern Ireland,WCOL4,7.997
2019,ER_OAW_MNACD,United Kingdom of Great Britain and Northern Ireland,WESTERN_CHANNEL_OBSERVATORY_E1,7.95
2019,ER_OAW_MNACD,United Kingdom of Great Britain and Northern Ireland,L4,7.998
2019,ER_OAW_MNACD,United Kingdom of Great Britain and Northern Ireland,WCOE1,7.969
2019,ER_OAW_MNACD,United Kingdom of Great Britain and Northern Ireland,WCOE1,7.969
