Year,SeriesCode,Страна ,Cities,Value
2010,EN_LND_CNSPOP,Bulgaria,BG_MONTANA,-0.105
2010,EN_LND_CNSPOP,Bulgaria,BG_SOFIJA,1.0694
2010,EN_LND_CNSPOP,Bulgaria,BG_PLEVEN,-0.1166
2010,EN_LND_CNSPOP,Bulgaria,BG_PLOVDIV,-1.5096
2010,EN_LND_CNSPOP,Bulgaria,BG_RUSE,-0.0321
2010,EN_LND_CNSPOP,Bulgaria,BG_DOBRIC,-0.3075
2010,EN_LND_CNSPOP,Bulgaria,BG_BURGAS,-0.3717
2020,EN_LND_CNSPOP,Bulgaria,BG_PLOVDIV,-4.6876
2020,EN_LND_CNSPOP,Bulgaria,BG_SOFIJA,-2.435
2020,EN_LND_CNSPOP,Bulgaria,BG_DOBRIC,-0.191
2020,EN_LND_CNSPOP,Bulgaria,BG_BURGAS,-0.043
2020,EN_LND_CNSPOP,Bulgaria,BG_MONTANA,-0.0811
2020,EN_LND_CNSPOP,Bulgaria,BG_PLEVEN,-0.1032
2020,EN_LND_CNSPOP,Bulgaria,BG_RUSE,-0.0086
2010,EN_LND_CNSPOP,Belarus,BY_MINSK,2.689
2010,EN_LND_CNSPOP,Belarus,BY_BABRUJSK,-0.9834
2010,EN_LND_CNSPOP,Belarus,BY_MAZYR,-1.0004
2010,EN_LND_CNSPOP,Belarus,BY_GOMEL,4.6263
2010,EN_LND_CNSPOP,Belarus,BY_BREST,3.1142
2010,EN_LND_CNSPOP,Belarus,BY_HRODNA,4.4369
2020,EN_LND_CNSPOP,Belarus,BY_GOMEL,0.3958
2020,EN_LND_CNSPOP,Belarus,BY_HRODNA,0.9452
2020,EN_LND_CNSPOP,Belarus,BY_MAZYR,-1.7397
2020,EN_LND_CNSPOP,Belarus,BY_BREST,1.4616
2010,EN_LND_CNSPOP,New Zealand,NZ_DUNEDIN,5.5368
2010,EN_LND_CNSPOP,New Zealand,NZ_AUCKLAND,0.3578
2010,EN_LND_CNSPOP,New Zealand,NZ_WELLINGTON,1.1787
2010,EN_LND_CNSPOP,New Zealand,NZ_NAPIER,1.1259
2010,EN_LND_CNSPOP,Albania,AL_TIRANE,0.9898
2020,EN_LND_CNSPOP,Albania,AL_TIRANE,0.2479
2010,EN_LND_CNSPOP,Azerbaijan,AZ_BAKU,2.7434
2020,EN_LND_CNSPOP,Azerbaijan,AZ_BAKU,1.8107
2010,EN_LND_CNSPOP,Australia,AU_BRISBANE,0.5342
2010,EN_LND_CNSPOP,Australia,AU_CAIRNS,1.6375
2010,EN_LND_CNSPOP,Australia,AU_DARWIN,2.9981
2010,EN_LND_CNSPOP,Australia,AU_GEELONG,1.4382
2010,EN_LND_CNSPOP,Australia,AU_GOLD_COAST,0.1441
2010,EN_LND_CNSPOP,Australia,AU_NEWCASTLE,0.3839
2010,EN_LND_CNSPOP,Australia,AU_CESSNOCK,2.2631
2010,EN_LND_CNSPOP,Australia,AU_LAUNCESTON,0.609
2010,EN_LND_CNSPOP,Australia,AU_ADELAIDE,0.4755
2010,EN_LND_CNSPOP,Australia,AU_WOLLONGONG,1.7922
2010,EN_LND_CNSPOP,Australia,AU_CENTRAL_COAST,0.7313
2010,EN_LND_CNSPOP,Australia,AU_CANBERRA,0.6303
2010,EN_LND_CNSPOP,Australia,AU_PERTH,0.2807
2010,EN_LND_CNSPOP,Australia,AU_SHEPPARTON,1.8596
2010,EN_LND_CNSPOP,Australia,AU_SUNSHINE_COAST,0.5689
2020,EN_LND_CNSPOP,Australia,AU_SUNSHINE_COAST,0.4415
2020,EN_LND_CNSPOP,Belarus,BY_BABRUJSK,-1.46
2020,EN_LND_CNSPOP,Belarus,BY_MINSK,1.3162
2001,EN_LND_CNSPOP,Canada,CA_HALIFAX_NS,4.3107
2001,EN_LND_CNSPOP,Canada,CA_EDMONTON_ALTA,1.3942
2001,EN_LND_CNSPOP,Canada,CA_CALGARY_ALTA,0.4511
2010,EN_LND_CNSPOP,New Zealand,NZ_HAMILTON,0.936
2020,EN_LND_CNSPOP,New Zealand,NZ_WELLINGTON,0.4203
2020,EN_LND_CNSPOP,New Zealand,NZ_DUNEDIN,1.621
2020,EN_LND_CNSPOP,New Zealand,NZ_AUCKLAND,0.0455
2001,EN_LND_CNSPOP,Canada,CA_OSHAWA_ONT,1.1696
2001,EN_LND_CNSPOP,Canada,CA_QUEBEC_QUE,2.7229
2001,EN_LND_CNSPOP,Canada,CA_PETERBOROUGH_ONT,5.0811
2001,EN_LND_CNSPOP,Canada,CA_HAMILTON_ONT,2.1362
2001,EN_LND_CNSPOP,Canada,CA_BRANTFORD_ONT,4.596
2001,EN_LND_CNSPOP,Canada,CA_OTTAWA_ONT,0.5439
2010,EN_LND_CNSPOP,Узбекистан,UZ_BESHARYK,2.311
2010,EN_LND_CNSPOP,Узбекистан,UZ_BUXORO,1.1477
2010,EN_LND_CNSPOP,Узбекистан,UZ_NAVOIY,3.92
2010,EN_LND_CNSPOP,Узбекистан,UZ_NUKUS,1.1122
2001,EN_LND_CNSPOP,Canada,CA_GREATER_SUDBURY_ONT,-4.3458
2001,EN_LND_CNSPOP,Canada,CA_GUELPH_ONT,1.3393
2001,EN_LND_CNSPOP,Canada,CA_BARRIE_ONT,0.6931
2001,EN_LND_CNSPOP,Canada,CA_MONTREAL_QUE,1.57
2001,EN_LND_CNSPOP,Canada,CA_MONCTON_NB,2.9307
2001,EN_LND_CNSPOP,Canada,NOCITI,1.2826
2001,EN_LND_CNSPOP,Canada,CA_REGINA_SASK,7.2811
2001,EN_LND_CNSPOP,Canada,CA_THUNDER_BAY_ONT,-10.2122
2001,EN_LND_CNSPOP,Canada,CA_VICTORIA_BC,3.2081
2001,EN_LND_CNSPOP,Canada,CA_SASKATOON_SASK,0.6371
2001,EN_LND_CNSPOP,Canada,CA_WINNIPEG_MAN,1.8894
2001,EN_LND_CNSPOP,Canada,CA_TROIS_RIVIERES_QUE,-17.7115
2010,EN_LND_CNSPOP,Узбекистан,UZ_NAMANGAN,1.8017
2010,EN_LND_CNSPOP,Узбекистан,UZ_ANDIJAN,3.8393
2010,EN_LND_CNSPOP,Узбекистан,UZ_TORTKOL,-5.5612
2010,EN_LND_CNSPOP,Узбекистан,UZ_TOSHKENT,1.5483
2001,EN_LND_CNSPOP,Canada,CA_TORONTO_ONT,1.0728
2001,EN_LND_CNSPOP,Canada,CA_VANCOUVER_BC,0.8212
2001,EN_LND_CNSPOP,Canada,CA_WINDSOR_ONT,1.2385
2001,EN_LND_CNSPOP,Canada,CA_LONDON_ONT,2.2468
2001,EN_LND_CNSPOP,Canada,CA_KITCHENER_ONT,1.3283
2001,EN_LND_CNSPOP,Canada,CA_KELOWNA_BC,0.5903
2010,EN_LND_CNSPOP,Узбекистан,UZ_DENAU,2.6357
2010,EN_LND_CNSPOP,Узбекистан,UZ_QOQON,0.6862
2010,EN_LND_CNSPOP,Узбекистан,UZ_TERMIZ,1.6669
2020,EN_LND_CNSPOP,Узбекистан,UZ_NAVOIY,8.1184
2020,EN_LND_CNSPOP,New Zealand,NZ_NAPIER,0.8659
2020,EN_LND_CNSPOP,New Zealand,NZ_HAMILTON,0.5174
2020,EN_LND_CNSPOP,New Zealand,NZ_PALMERSTON,0.327
2020,EN_LND_CNSPOP,New Zealand,NZ_TAURANGA,1.209
2001,EN_LND_CNSPOP,Canada,CA_ST_JOHNS_NL,28.9339
2001,EN_LND_CNSPOP,Canada,CA_SAINT_JOHN_NB,-9.0716
2001,EN_LND_CNSPOP,Canada,CA_SHERBROOKE_QUE,1.3487
2001,EN_LND_CNSPOP,Canada,CA_KINGSTON_ONT,1.5271
2001,EN_LND_CNSPOP,Canada,CA_ST_CATHARINES_ONT,6.9801
2001,EN_LND_CNSPOP,Canada,CA_SAGUENAY_QUE,-2.5539
2020,EN_LND_CNSPOP,Узбекистан,UZ_TORTKOL,-5.7679
2020,EN_LND_CNSPOP,Узбекистан,UZ_DENAU,5.9542
2020,EN_LND_CNSPOP,Узбекистан,UZ_BESHARYK,5.7128
2020,EN_LND_CNSPOP,Узбекистан,UZ_BUXORO,1.9128
2020,EN_LND_CNSPOP,Узбекистан,UZ_ANDIJAN,2.3988
2020,EN_LND_CNSPOP,Узбекистан,UZ_NAMANGAN,1.6828
2020,EN_LND_CNSPOP,Узбекистан,UZ_TOSHKENT,0.6874
2020,EN_LND_CNSPOP,Узбекистан,UZ_NUKUS,2.0451
2001,EN_LND_CNSPOP,Canada,CA_ABBOTSFORD_BC,0.9658
2011,EN_LND_CNSPOP,Canada,CA_SAGUENAY_QUE,-12.7605
2011,EN_LND_CNSPOP,Canada,CA_REGINA_SASK,0.5563
2011,EN_LND_CNSPOP,Canada,CA_BARRIE_ONT,0.2593
2011,EN_LND_CNSPOP,Canada,CA_SAINT_JOHN_NB,0.9443
2011,EN_LND_CNSPOP,Canada,CA_KITCHENER_ONT,0.4149
2020,EN_LND_CNSPOP,Australia,AU_PERTH,0.823
2020,EN_LND_CNSPOP,Australia,AU_WOLLONGONG,1.8559
2020,EN_LND_CNSPOP,Australia,AU_CANBERRA,0.6196
2020,EN_LND_CNSPOP,Australia,AU_CAIRNS,0.0618
2011,EN_LND_CNSPOP,Canada,CA_ABBOTSFORD_BC,0.4074
2011,EN_LND_CNSPOP,Canada,CA_KINGSTON_ONT,0.684
2011,EN_LND_CNSPOP,Canada,CA_WINNIPEG_MAN,0.5774
2011,EN_LND_CNSPOP,Canada,CA_TORONTO_ONT,0.2684
2011,EN_LND_CNSPOP,Canada,CA_VANCOUVER_BC,0.2297
2011,EN_LND_CNSPOP,Canada,CA_TROIS_RIVIERES_QUE,1.0759
2020,EN_LND_CNSPOP,Australia,AU_BRISBANE,0.3914
2020,EN_LND_CNSPOP,Australia,AU_GOLD_COAST,3.5887
2020,EN_LND_CNSPOP,Australia,AU_LAUNCESTON,34.1238
2020,EN_LND_CNSPOP,Australia,AU_CESSNOCK,1.8084
2020,EN_LND_CNSPOP,Australia,AU_GEELONG,0.9665
2020,EN_LND_CNSPOP,Australia,AU_DARWIN,0.8577
2020,EN_LND_CNSPOP,Australia,AU_CENTRAL_COAST,0.2645
2020,EN_LND_CNSPOP,Australia,AU_SHEPPARTON,19.4569
2020,EN_LND_CNSPOP,Australia,AU_ADELAIDE,0.2548
2020,EN_LND_CNSPOP,Australia,AU_NEWCASTLE,0.7057
2010,EN_LND_CNSPOP,Austria,AT_WIEN,0.1545
2020,EN_LND_CNSPOP,Austria,AT_WIEN,0.7141
2010,EN_LND_CNSPOP,Armenia,AM_YEREVAN,-1.0563
2020,EN_LND_CNSPOP,Armenia,AM_YEREVAN,6.8922
2010,EN_LND_CNSPOP,Bosnia and Herzegovina,BA_ZENICA,-0.2771
2010,EN_LND_CNSPOP,Bosnia and Herzegovina,BA_TUZLA,-0.1012
2010,EN_LND_CNSPOP,Bosnia and Herzegovina,BA_SARAJEVO,-0.5219
2010,EN_LND_CNSPOP,Bosnia and Herzegovina,BA_BANJA_LUKA,-0.5007
2020,EN_LND_CNSPOP,Bosnia and Herzegovina,BA_SARAJEVO,-0.3993
2020,EN_LND_CNSPOP,Bosnia and Herzegovina,BA_BANJA_LUKA,-0.0095
2011,EN_LND_CNSPOP,Canada,CA_THUNDER_BAY_ONT,5.4398
2011,EN_LND_CNSPOP,Canada,CA_SASKATOON_SASK,0.3373
2011,EN_LND_CNSPOP,Canada,CA_SHERBROOKE_QUE,1.5358
2011,EN_LND_CNSPOP,Canada,CA_ST_CATHARINES_ONT,0.825
2011,EN_LND_CNSPOP,Canada,CA_EDMONTON_ALTA,0.2518
2011,EN_LND_CNSPOP,Canada,CA_HALIFAX_NS,0.7579
2011,EN_LND_CNSPOP,Canada,CA_GUELPH_ONT,0.3373
2011,EN_LND_CNSPOP,Canada,CA_OSHAWA_ONT,0.3717
2011,EN_LND_CNSPOP,Canada,CA_MONCTON_NB,0.5148
2011,EN_LND_CNSPOP,Canada,CA_MONTREAL_QUE,0.9172
2011,EN_LND_CNSPOP,Canada,NOCITI,0.5001
2011,EN_LND_CNSPOP,Canada,CA_KELOWNA_BC,0.5819
2011,EN_LND_CNSPOP,Canada,CA_GREATER_SUDBURY_ONT,2.3641
2011,EN_LND_CNSPOP,Canada,CA_PETERBOROUGH_ONT,0.7006
2011,EN_LND_CNSPOP,Canada,CA_BRANTFORD_ONT,0.2384
2011,EN_LND_CNSPOP,Canada,CA_OTTAWA_ONT,1.5107
2011,EN_LND_CNSPOP,Canada,CA_HAMILTON_ONT,0.6259
2011,EN_LND_CNSPOP,Canada,CA_CALGARY_ALTA,0.4054
2011,EN_LND_CNSPOP,Canada,CA_QUEBEC_QUE,1.2973
2011,EN_LND_CNSPOP,Canada,CA_LONDON_ONT,0.5068
2011,EN_LND_CNSPOP,Canada,CA_ST_JOHNS_NL,0.5165
2011,EN_LND_CNSPOP,Canada,CA_VICTORIA_BC,0.4695
2011,EN_LND_CNSPOP,Canada,CA_WINDSOR_ONT,0.5687
2010,EN_LND_CNSPOP,Chile,CL_CONCEPCION,6.947
2010,EN_LND_CNSPOP,Chile,CL_COPIAPO,1.0712
2010,EN_LND_CNSPOP,Chile,CL_CURICO,2.8943
2010,EN_LND_CNSPOP,Chile,CL_RANCAGUA,1.7796
2010,EN_LND_CNSPOP,Chile,CL_PENAFLOR,0.9618
2010,EN_LND_CNSPOP,Chile,CL_SANTIAGO,1.7318
2010,EN_LND_CNSPOP,Chile,CL_VALPARAISO,2.7347
2010,EN_LND_CNSPOP,Chile,CL_TALCA,1.418
2010,EN_LND_CNSPOP,Chile,CL_TEMUCO,3.0886
2020,EN_LND_CNSPOP,New Zealand,NZ_LOWER_HUTT,1.2608
2016,EN_LND_CNSPOP,Norway,NO_FREDRIKSTAD_SARPSBORG,0.7802
2016,EN_LND_CNSPOP,Norway,NO_KRISTIANSAND,0.1005
2016,EN_LND_CNSPOP,Norway,NO_OSLO,0.2203
2016,EN_LND_CNSPOP,Norway,NO_PORSGRUNN_SKIEN,0.7666
2016,EN_LND_CNSPOP,Norway,NO_STAVANGER,0.7547
2016,EN_LND_CNSPOP,Norway,NO_ALESUND,0.38
2016,EN_LND_CNSPOP,Norway,NO_DRAMMEN,0.3596
2016,EN_LND_CNSPOP,Norway,NO_TRONDHEIM,0.7384
2016,EN_LND_CNSPOP,Norway,NO_TONSBERG,0.8401
2016,EN_LND_CNSPOP,Norway,NO_BERGEN,0.3352
2019,EN_LND_CNSPOP,Norway,NO_DRAMMEN,0.9638
2019,EN_LND_CNSPOP,Norway,NO_FREDRIKSTAD_SARPSBORG,0.3568
2019,EN_LND_CNSPOP,Norway,NO_TONSBERG,0.3782
2019,EN_LND_CNSPOP,Norway,NO_BERGEN,1.2923
2019,EN_LND_CNSPOP,Norway,NO_KRISTIANSAND,0.2408
2019,EN_LND_CNSPOP,Norway,NO_TRONDHEIM,0.3684
2019,EN_LND_CNSPOP,Norway,NO_STAVANGER,1.1727
2019,EN_LND_CNSPOP,Norway,NO_ALESUND,1.524
2019,EN_LND_CNSPOP,Norway,NO_PORSGRUNN_SKIEN,1.1184
2019,EN_LND_CNSPOP,Norway,NO_OSLO,0.4472
2010,EN_LND_CNSPOP,Poland,PL_KATOWICE,-0.3829
2010,EN_LND_CNSPOP,Poland,PL_LODZ,-0.3872
2010,EN_LND_CNSPOP,Poland,PL_LUBLIN,-2.6663
2010,EN_LND_CNSPOP,Poland,PL_MIELEC,-1.4621
2010,EN_LND_CNSPOP,Poland,PL_POZNAN,-6.161
2010,EN_LND_CNSPOP,Poland,PL_WARSZAWA,5.8739
2010,EN_LND_CNSPOP,Poland,PL_WROCLAW,-2.811
2020,EN_LND_CNSPOP,Poland,PL_POZNAN,-1.0291
2020,EN_LND_CNSPOP,Poland,PL_WARSZAWA,2.8933
2020,EN_LND_CNSPOP,Poland,PL_LODZ,-0.2025
2020,EN_LND_CNSPOP,Poland,PL_KATOWICE,-0.2338
2020,EN_LND_CNSPOP,Poland,PL_MIELEC,-0.3567
2020,EN_LND_CNSPOP,Poland,PL_LUBLIN,-0.8058
2015,EN_LND_CNSPOP,Portugal,PT_MATOSINHOS,-1.3257
2015,EN_LND_CNSPOP,Portugal,PT_MARVAO,0.0
2015,EN_LND_CNSPOP,Portugal,PT_MELGACO,-0.0395
2015,EN_LND_CNSPOP,Portugal,PT_MONTEMOR_O_VELHO,-0.4812
2015,EN_LND_CNSPOP,Portugal,PT_PENELA,-2.2021
2015,EN_LND_CNSPOP,Portugal,PT_PENICHE,-0.302
2015,EN_LND_CNSPOP,Portugal,PT_ILHAVO,-2.75
2015,EN_LND_CNSPOP,Portugal,PT_EVORA,-0.7936
2015,EN_LND_CNSPOP,Portugal,PT_MOIMENTA_DA_BEIRA,-1.7465
2015,EN_LND_CNSPOP,Portugal,PT_FARO,-0.3891
2015,EN_LND_CNSPOP,Portugal,PT_FERREIRA_DO_ALENTEJO,-1.23
2015,EN_LND_CNSPOP,Portugal,PT_FERREIRA_DO_ZEZERE,-1.2863
2015,EN_LND_CNSPOP,Portugal,PT_ALVITO,-0.9669
2015,EN_LND_CNSPOP,Portugal,PT_ARMAMAR,-0.2081
2015,EN_LND_CNSPOP,Portugal,PT_ANSIAO,-0.9299
2015,EN_LND_CNSPOP,Portugal,PT_ALMEIDA,-0.0084
2015,EN_LND_CNSPOP,Portugal,PT_ODEMIRA,-0.258
2015,EN_LND_CNSPOP,Portugal,PT_MURCA,-0.735
2015,EN_LND_CNSPOP,Portugal,PT_MOITA,-0.4437
2015,EN_LND_CNSPOP,Portugal,PT_CONDEIXA_A_NOVA,2.0067
2015,EN_LND_CNSPOP,Portugal,PT_CONSTANCIA,-1.6158
2015,EN_LND_CNSPOP,Portugal,PT_ABRANTES,0.0161
2015,EN_LND_CNSPOP,Portugal,PT_CASTRO_VERDE,-0.8818
2015,EN_LND_CNSPOP,Portugal,PT_CELORICO_DA_BEIRA,-2.1272
2015,EN_LND_CNSPOP,Portugal,PT_BARCELOS,-0.6114
2015,EN_LND_CNSPOP,Portugal,PT_AVEIRO,-1.0999
2015,EN_LND_CNSPOP,Portugal,PT_ARRUDA_DOS_VINHOS,0.2529
2015,EN_LND_CNSPOP,Portugal,PT_SARDOAL,-0.1806
2015,EN_LND_CNSPOP,Portugal,PT_VILA_FRANCA_DE_XIRA,0.521
2015,EN_LND_CNSPOP,Portugal,PT_VILA_REAL_DE_SANTO_ANTONIO,-0.9145
2015,EN_LND_CNSPOP,Portugal,PT_RESENDE,-0.1121
2015,EN_LND_CNSPOP,Portugal,PT_REDONDO,-0.2091
2015,EN_LND_CNSPOP,Portugal,PT_VIANA_DO_CASTELO,-0.2685
2015,EN_LND_CNSPOP,Portugal,PT_SAO_JOAO_DA_MADEIRA,-0.7129
2015,EN_LND_CNSPOP,Portugal,PT_VILA_VELHA_DE_RODAO,-0.4978
2015,EN_LND_CNSPOP,Portugal,PT_VINHAIS,-0.0183
2015,EN_LND_CNSPOP,Portugal,PT_SOBRAL_DE_MONTE_AGRACO,-1.6124
2015,EN_LND_CNSPOP,Portugal,PT_TABUACO,-0.3149
2015,EN_LND_CNSPOP,Portugal,PT_TORRE_DE_MONCORVO,-1.3956
2015,EN_LND_CNSPOP,Portugal,PT_SABROSA,-0.6519
2015,EN_LND_CNSPOP,Portugal,PT_SANTA_COMBA_DAO,-0.0873
2015,EN_LND_CNSPOP,Portugal,PT_SALVATERRA_DE_MAGOS,-0.7092
2015,EN_LND_CNSPOP,Portugal,PT_PORTEL,-0.3927
2015,EN_LND_CNSPOP,Portugal,PT_PORTALEGRE,-0.2163
2015,EN_LND_CNSPOP,Portugal,PT_MACEDO_DE_CAVALEIROS,-2.1786
2015,EN_LND_CNSPOP,Portugal,PT_MAIA,3.4113
2015,EN_LND_CNSPOP,Portugal,PT_LOUSADA,-3.9503
2015,EN_LND_CNSPOP,Portugal,PT_MANGUALDE,-0.5728
2015,EN_LND_CNSPOP,Portugal,PT_MAFRA,-0.0435
2015,EN_LND_CNSPOP,Portugal,PT_MEDA,-3.4391
2015,EN_LND_CNSPOP,Portugal,PT_MOGADOURO,-3.107
2015,EN_LND_CNSPOP,Portugal,PT_LEIRIA,-2.515
2015,EN_LND_CNSPOP,Portugal,PT_MEALHADA,-1.6498
2015,EN_LND_CNSPOP,Portugal,PT_MARINHA_GRANDE,-3.6887
2015,EN_LND_CNSPOP,Portugal,PT_MANTEIGAS,0.0
2015,EN_LND_CNSPOP,Portugal,PT_MARCO_DE_CANAVESES,-0.8249
2015,EN_LND_CNSPOP,Portugal,PT_LOURES,0.8786
2015,EN_LND_CNSPOP,Portugal,PT_MIRANDELA,-1.1554
2015,EN_LND_CNSPOP,Portugal,PT_MIRANDA_DO_DOURO,-2.2711
2015,EN_LND_CNSPOP,Portugal,PT_MESAO_FRIO,0.0
2015,EN_LND_CNSPOP,Portugal,PT_MIRA,-0.3913
2015,EN_LND_CNSPOP,Portugal,PT_MIRANDA_DO_CORVO,-2.8996
2015,EN_LND_CNSPOP,Portugal,PT_MERTOLA,-0.0769
2015,EN_LND_CNSPOP,Portugal,PT_LOURINHA,-1.4258
2015,EN_LND_CNSPOP,Portugal,PT_LISBOA,-0.067
2015,EN_LND_CNSPOP,Portugal,PT_MOURA,-0.1192
2015,EN_LND_CNSPOP,Portugal,PT_MONTALEGRE,-0.1721
2015,EN_LND_CNSPOP,Portugal,PT_MORA,-0.0548
2015,EN_LND_CNSPOP,Portugal,PT_MORTAGUA,-0.0507
2015,EN_LND_CNSPOP,Portugal,PT_MONTIJO,0.5847
2015,EN_LND_CNSPOP,Portugal,PT_OLIVEIRA_DE_FRADES,-0.7319
2015,EN_LND_CNSPOP,Portugal,PT_PESO_DA_REGUA,-0.0686
2015,EN_LND_CNSPOP,Portugal,PT_PENAFIEL,-0.5024
2015,EN_LND_CNSPOP,Portugal,PT_PENALVA_DO_CASTELO,-0.9276
2015,EN_LND_CNSPOP,Portugal,PT_PENEDONO,-0.2779
2015,EN_LND_CNSPOP,Portugal,PT_POMBAL,-0.3477
2015,EN_LND_CNSPOP,Portugal,PT_PONTE_DA_BARCA,-0.3392
2015,EN_LND_CNSPOP,Portugal,PT_PONTE_DE_SOR,-1.7782
2015,EN_LND_CNSPOP,Portugal,PT_PONTE_DE_LIMA,-0.4797
2015,EN_LND_CNSPOP,Portugal,PT_PINHEL,-0.5286
2015,EN_LND_CNSPOP,Portugal,PT_PENAMACOR,-0.25
2015,EN_LND_CNSPOP,Portugal,PT_GOLEGA,-0.3951
2015,EN_LND_CNSPOP,Portugal,PT_GOUVEIA,-0.1322
2015,EN_LND_CNSPOP,Portugal,PT_GONDOMAR,-4.9666
2015,EN_LND_CNSPOP,Portugal,PT_LAMEGO,-0.5209
2015,EN_LND_CNSPOP,Portugal,PT_LAGOS,-1.8603
2010,EN_LND_CNSPOP,Chile,CL_IQUIQUE,0.3589
2010,EN_LND_CNSPOP,Chile,CL_LA_SERENA,1.0484
2020,EN_LND_CNSPOP,Chile,CL_TALCA,0.8806
2020,EN_LND_CNSPOP,Chile,CL_LA_SERENA,1.5433
2020,EN_LND_CNSPOP,Chile,CL_COPIAPO,0.8059
2020,EN_LND_CNSPOP,Chile,CL_CONCEPCION,13.6235
2020,EN_LND_CNSPOP,Chile,CL_VALPARAISO,8.4036
2020,EN_LND_CNSPOP,Chile,CL_SANTIAGO,1.1334
2020,EN_LND_CNSPOP,Chile,CL_RANCAGUA,2.2386
2020,EN_LND_CNSPOP,Chile,CL_IQUIQUE,1.0723
2020,EN_LND_CNSPOP,Chile,CL_CURICO,3.4248
2020,EN_LND_CNSPOP,Chile,CL_TEMUCO,3.8865
2020,EN_LND_CNSPOP,Chile,CL_PENAFLOR,0.864
2010,EN_LND_CNSPOP,China,CN_YULIN_GUANGXI,3.6629
2010,EN_LND_CNSPOP,China,CN_HONG_KONG,1.0716
2020,EN_LND_CNSPOP,China,CN_HONG_KONG,1.0692
2020,EN_LND_CNSPOP,China,CN_YULIN_GUANGXI,3.6357
2015,EN_LND_CNSPOP,Colombia,CO_NSA_PAMPLONA,0.422
2015,EN_LND_CNSPOP,Colombia,CO_BOY_NOBSA,0.8723
2015,EN_LND_CNSPOP,Colombia,CO_BOY_OICATA,1.0006
2015,EN_LND_CNSPOP,Colombia,CO_VAC_PALMIRA,3.2463
2015,EN_LND_CNSPOP,Colombia,CO_ATL_POLONUEVO,0.3004
2015,EN_LND_CNSPOP,Colombia,CO_ATL_PUERTO_COLOMBIA,2.9936
2015,EN_LND_CNSPOP,Colombia,CO_VID_PUERTO_CARRENO,0.391
2015,EN_LND_CNSPOP,Colombia,CO_CAU_PUERTO_TEJADA,1.3462
2015,EN_LND_CNSPOP,Colombia,CO_CUN_MADRID,1.5881
2015,EN_LND_CNSPOP,Colombia,CO_AMA_LETICIA,2.7192
2015,EN_LND_CNSPOP,Colombia,CO_NSA_LOS_PATIOS,0.9063
2015,EN_LND_CNSPOP,Portugal,PT_GUARDA,-0.1783
2015,EN_LND_CNSPOP,Portugal,PT_LAGOA,-1.8944
2015,EN_LND_CNSPOP,Portugal,PT_OLIVEIRA_DO_BAIRRO,0.8997
2015,EN_LND_CNSPOP,Portugal,PT_OLIVEIRA_DO_HOSPITAL,-0.2973
2015,EN_LND_CNSPOP,Portugal,PT_OURIQUE,-0.0556
2015,EN_LND_CNSPOP,Portugal,PT_PAMPILHOSA_DA_SERRA,-1.1196
2015,EN_LND_CNSPOP,Colombia,CO_CUN_NEMOCON,1.7397
2015,EN_LND_CNSPOP,Colombia,CO_PUT_PUERTO_ASIS,1.918
2015,EN_LND_CNSPOP,Colombia,CO_VAC_PRADERA,1.3255
2015,EN_LND_CNSPOP,Colombia,CO_CAU_POPAYAN,2.9101
2015,EN_LND_CNSPOP,Colombia,CO_VAC_RESTREPO,6.6983
2015,EN_LND_CNSPOP,Colombia,CO_ATL_SABANAGRANDE,0.6553
2015,EN_LND_CNSPOP,Portugal,PT_PAREDES_DE_COURA,-0.0781
2015,EN_LND_CNSPOP,Portugal,PT_PEDROGAO_GRANDE,-0.29
2015,EN_LND_CNSPOP,Portugal,PT_PAREDES,-13.6417
2015,EN_LND_CNSPOP,Portugal,PT_PALMELA,0.8855
2015,EN_LND_CNSPOP,Portugal,PT_PACOS_DE_FERREIRA,1.1083
2015,EN_LND_CNSPOP,Portugal,PT_OVAR,-1.3959
2015,EN_LND_CNSPOP,Colombia,CO_ANT_RIONEGRO,1.4726
2015,EN_LND_CNSPOP,Colombia,CO_BOY_TUNJA,0.7559
2015,EN_LND_CNSPOP,Colombia,CO_CES_VALLEDUPAR,0.97
2015,EN_LND_CNSPOP,Colombia,CO_LAG_VILLANUEVA,0.3351
2015,EN_LND_CNSPOP,Colombia,CO_ATL_PALMAR_DE_VARELA,1.064
2015,EN_LND_CNSPOP,Colombia,CO_CAU_PADILLA,2.4947
2015,EN_LND_CNSPOP,Colombia,CO_NSA_OCANA,1.2551
2015,EN_LND_CNSPOP,Colombia,CO_BOL_TURBACO,2.2617
2015,EN_LND_CNSPOP,Colombia,CO_CAL_VILLAMARIA,1.4314
2015,EN_LND_CNSPOP,Colombia,CO_CAU_VILLA_RICA,1.9432
2015,EN_LND_CNSPOP,Colombia,CO_NSA_VILLA_DEL_ROSARIO,0.7379
2015,EN_LND_CNSPOP,Colombia,CO_VAC_VIJES,1.4843
2015,EN_LND_CNSPOP,Colombia,CO_VAC_TULUA,1.2701
2015,EN_LND_CNSPOP,Colombia,CO_ANT_ITAGUI,0.6249
2015,EN_LND_CNSPOP,Colombia,CO_HUI_NEIVA,2.2193
2015,EN_LND_CNSPOP,Colombia,CO_BOY_MOTAVITA,1.7028
2015,EN_LND_CNSPOP,Colombia,CO_COR_MONTERIA,0.8248
2015,EN_LND_CNSPOP,Colombia,CO_CAL_MANIZALES,1.6589
2015,EN_LND_CNSPOP,Colombia,CO_ATL_MALAMBO,1.0064
2015,EN_LND_CNSPOP,Colombia,CO_ANT_MARINILLA,1.5608
2015,EN_LND_CNSPOP,Colombia,CO_PUT_MOCOA,0.7464
2015,EN_LND_CNSPOP,Colombia,CO_BOY_MONGUI,1.6825
2015,EN_LND_CNSPOP,Colombia,CO_CUN_MOSQUERA,2.0041
2015,EN_LND_CNSPOP,Colombia,CO_SAN_MALAGA,3.0807
2015,EN_LND_CNSPOP,Colombia,CO_CAL_LA_DORADA,1.2371
2015,EN_LND_CNSPOP,Colombia,CO_ANT_LA_CEJA,3.7403
2015,EN_LND_CNSPOP,Colombia,CO_CUN_LA_CALERA,0.6488
2015,EN_LND_CNSPOP,Colombia,CO_ARA_ARAUCA,0.952
2015,EN_LND_CNSPOP,Colombia,CO_ATL_BARANOA,0.9166
2015,EN_LND_CNSPOP,Colombia,CO_CUN_SOPO,1.1126
2015,EN_LND_CNSPOP,Colombia,CO_LAG_MAICAO,0.5543
2015,EN_LND_CNSPOP,Colombia,CO_BOL_MAGANGUE,3.1664
2015,EN_LND_CNSPOP,Colombia,CO_ANT_BARBOSA,1.9267
2015,EN_LND_CNSPOP,Colombia,CO_BOL_ARJONA,0.2955
2015,EN_LND_CNSPOP,Colombia,CO_CUN_SUTATAUSA,0.5701
2015,EN_LND_CNSPOP,Colombia,CO_ATL_SOLEDAD,0.4311
2015,EN_LND_CNSPOP,Colombia,CO_BOY_SOGAMOSO,6.1165
2015,EN_LND_CNSPOP,Colombia,CO_CUN_SOACHA,1.3688
2015,EN_LND_CNSPOP,Colombia,CO_ATL_TUBARA,-0.1255
2015,EN_LND_CNSPOP,Colombia,CO_BOY_TOPAGA,5.7316
2015,EN_LND_CNSPOP,Colombia,CO_MAG_SANTA_MARTA,0.6627
2015,EN_LND_CNSPOP,Colombia,CO_BOL_SAN_CRISTOBAL,1.0491
2015,EN_LND_CNSPOP,Colombia,CO_NSA_SAN_CAYETANO,0.43
2015,EN_LND_CNSPOP,Colombia,CO_CUN_TAUSA,0.7321
2015,EN_LND_CNSPOP,Colombia,CO_MAG_SITIONUEVO,0.1678
2015,EN_LND_CNSPOP,Colombia,CO_GUAVIARE_S_JOSE_GUAVIARE,0.1871
2015,EN_LND_CNSPOP,Colombia,CO_SAN_SAN_GIL,2.1583
2015,EN_LND_CNSPOP,Colombia,CO_SANTA_ROSA,0.9249
2015,EN_LND_CNSPOP,Colombia,CO_SUC_SINCELEJO,0.9257
2015,EN_LND_CNSPOP,Colombia,CO_CUN_SIBATE,1.4739
2015,EN_LND_CNSPOP,Colombia,CO_ATL_SANTO_TOMAS,1.4944
2015,EN_LND_CNSPOP,Colombia,CO_CUN_SESQUILE,0.5777
2015,EN_LND_CNSPOP,Colombia,CO_RIS_SANTA_ROSA_DE_CABAL,2.9896
2015,EN_LND_CNSPOP,Colombia,CO_BOL_TURBANA,0.2814
2015,EN_LND_CNSPOP,Colombia,CO_BOL_CLEMENCIA,0.0517
2015,EN_LND_CNSPOP,Colombia,CO_MAG_CIENAGA,0.5704
2015,EN_LND_CNSPOP,Colombia,CO_CUN_ZIPAQUIRA,0.8199
2015,EN_LND_CNSPOP,Colombia,CO_MET_VILLAVICENCIO,1.5273
2015,EN_LND_CNSPOP,Colombia,CO_ATL_USIACURI,0.7057
2015,EN_LND_CNSPOP,Colombia,CO_ANT_TURBO,0.3775
2015,EN_LND_CNSPOP,Colombia,CO_CUN_COGUA,0.603
2015,EN_LND_CNSPOP,Colombia,CO_BOY_CHIVATA,2.3776
2015,EN_LND_CNSPOP,Colombia,CO_CUN_CHIA,0.9542
2015,EN_LND_CNSPOP,Colombia,CO_BOY_CERINZA,11.0169
2015,EN_LND_CNSPOP,Colombia,CO_BOY_COMBITA,2.0217
2015,EN_LND_CNSPOP,Colombia,CO_NSA_CUCUTA,0.9878
2015,EN_LND_CNSPOP,Colombia,CO_ANT_BELLO,1.1223
2015,EN_LND_CNSPOP,Colombia,CO_CUN_BOJACA,0.9223
2015,EN_LND_CNSPOP,Colombia,CO_BOY_BUSBANZA,0.0823
2015,EN_LND_CNSPOP,Colombia,CO_VAC_CARTAGO,3.5606
2015,EN_LND_CNSPOP,Colombia,CO_SAN_BUCARAMANGA,3.3197
2015,EN_LND_CNSPOP,Colombia,CO_VAC_GUADALAJARA_DE_BUGA,-21.1921
2015,EN_LND_CNSPOP,Colombia,CO_BOGOTA,0.6347
2015,EN_LND_CNSPOP,Colombia,CO_VAC_CANDELARIA,1.0348
2015,EN_LND_CNSPOP,Colombia,CO_BOL_CARTAGENA_DE_INDIAS,0.1627
2015,EN_LND_CNSPOP,Colombia,CO_VAC_CALI,1.2529
2015,EN_LND_CNSPOP,Colombia,CO_CALDAS,2.069
2015,EN_LND_CNSPOP,Colombia,CO_CUN_CAJICA,1.5295
2015,EN_LND_CNSPOP,Colombia,CO_RIS_DOSQUEBRADAS,1.8426
2015,EN_LND_CNSPOP,Colombia,CO_TOL_IBAGUE,2.7363
2015,EN_LND_CNSPOP,Colombia,CO_SAN_GIRON,0.8621
2015,EN_LND_CNSPOP,Colombia,CO_TOL_HONDA,-0.0384
2015,EN_LND_CNSPOP,Colombia,CO_ATL_GALAPA,0.9904
2015,EN_LND_CNSPOP,Colombia,CO_CUN_GACHANCIPA,0.7892
2015,EN_LND_CNSPOP,Colombia,CO_CUN_FUSAGASUGA,1.8521
2015,EN_LND_CNSPOP,Colombia,CO_GUAINIA_INIRIDA,2.1007
2015,EN_LND_CNSPOP,Colombia,CO_CUN_GUATAVITA,1.2061
2015,EN_LND_CNSPOP,Colombia,CO_ANT_GUARNE,2.4214
2015,EN_LND_CNSPOP,Colombia,CO_CUN_FUNZA,2.0894
2015,EN_LND_CNSPOP,Colombia,CO_TOL_ESPINAL,4.6006
2015,EN_LND_CNSPOP,Colombia,CO_ANT_ENVIGADO,1.396
2015,EN_LND_CNSPOP,Colombia,CO_CUN_FACATATIVA,0.7289
2015,EN_LND_CNSPOP,Colombia,CO_TOL_FLANDES,3.0568
2015,EN_LND_CNSPOP,Colombia,CO_ATL_BARRANQUILLA,0.8422
2015,EN_LND_CNSPOP,Colombia,CO_CES_AGUACHICA,3.3415
2015,EN_LND_CNSPOP,Colombia,CO_MAG_FUNDACION,2.2275
2015,EN_LND_CNSPOP,Colombia,CO_SAN_FLORIDABLANCA,3.434
2015,EN_LND_CNSPOP,Colombia,CO_VAC_FLORIDA,4.57
2015,EN_LND_CNSPOP,Colombia,CO_CAQ_FLORENCIA,0.2991
2015,EN_LND_CNSPOP,Colombia,CO_VAC_ANDALUCIA,5.8104
2015,EN_LND_CNSPOP,Colombia,CO_SAN_BARRANCABERMEJA,3.147
2015,EN_LND_CNSPOP,Colombia,CO_HUI_PITALITO,0.8621
2015,EN_LND_CNSPOP,Colombia,CO_SAN_PIEDECUESTA,1.5039
2015,EN_LND_CNSPOP,Colombia,CO_RIS_PEREIRA,3.4807
2015,EN_LND_CNSPOP,Colombia,CO_LAG_RIOHACHA,0.8989
2015,EN_LND_CNSPOP,Colombia,CO_CUN_RICAURTE,2.6331
2015,EN_LND_CNSPOP,Colombia,CO_ATL_PONEDERA,1.2396
2015,EN_LND_CNSPOP,Colombia,CO_VAU_MITU,4.8577
2015,EN_LND_CNSPOP,Colombia,CO_ATL_SABANALARGA,0.6142
2015,EN_LND_CNSPOP,Colombia,CO_ANT_MEDELLIN,0.8847
2015,EN_LND_CNSPOP,Colombia,CO_VAC_JAMUNDI,2.2496
2015,EN_LND_CNSPOP,Colombia,CO_BOY_IZA,2.7505
2015,EN_LND_CNSPOP,Colombia,CO_ANT_LA_ESTRELLA,4.9726
2015,EN_LND_CNSPOP,Colombia,CO_CUN_TABIO,0.4737
2015,EN_LND_CNSPOP,Colombia,CO_CUN_TOCANCIPA,0.7719
2015,EN_LND_CNSPOP,Colombia,CO_BOY_TIBASOSA,0.6124
2015,EN_LND_CNSPOP,Colombia,CO_ANT_SABANETA,2.2316
2015,EN_LND_CNSPOP,Colombia,CO_VAC_YUMBO,1.8732
2015,EN_LND_CNSPOP,Colombia,CO_CAS_YOPAL,1.7327
2015,EN_LND_CNSPOP,Colombia,CO_CUN_COTA,2.2199
2015,EN_LND_CNSPOP,Colombia,CO_ANT_COPACABANA,3.4348
2015,EN_LND_CNSPOP,Colombia,CO_BOY_CORRALES,-62.9598
2015,EN_LND_CNSPOP,Colombia,CO_BOY_DUITAMA,1.7711
2015,EN_LND_CNSPOP,Colombia,CO_ANT_GIRARDOTA,0.5646
2015,EN_LND_CNSPOP,Colombia,CO_CUN_GIRARDOT,2.1374
2015,EN_LND_CNSPOP,Colombia,CO_ANT_EL_CARMEN_DE_VIBORAL,1.0462
2015,EN_LND_CNSPOP,Colombia,CO_BOL_EL_CARMEN_DE_BOLIVAR,1.8419
2015,EN_LND_CNSPOP,Colombia,CO_BOY_FIRAVITOBA,1.0407
2010,EN_LND_CNSPOP,Costa Rica,CR_LIMON,2.9814
2010,EN_LND_CNSPOP,Costa Rica,CR_LIBERIA,0.7108
2010,EN_LND_CNSPOP,Costa Rica,CR_CARTAGO,0.5291
2020,EN_LND_CNSPOP,Costa Rica,CR_CARTAGO,0.8873
2020,EN_LND_CNSPOP,Costa Rica,CR_LIBERIA,0.1452
2020,EN_LND_CNSPOP,Costa Rica,CR_LIMON,1.0898
2010,EN_LND_CNSPOP,Denmark,DK_AALBORG,0.7587
2010,EN_LND_CNSPOP,Denmark,DK_HJORRING,-1.5836
2010,EN_LND_CNSPOP,Denmark,DK_HERNING,1.2431
2010,EN_LND_CNSPOP,Denmark,DK_HORSHOLM,-0.7731
2010,EN_LND_CNSPOP,Denmark,DK_SVENDBORG,-0.9534
2010,EN_LND_CNSPOP,Denmark,DK_KOBENHAVN,0.1003
2020,EN_LND_CNSPOP,Denmark,DK_HORSHOLM,-0.4027
2020,EN_LND_CNSPOP,Denmark,DK_KOBENHAVN,0.1894
2020,EN_LND_CNSPOP,Denmark,DK_SVENDBORG,-0.3657
2020,EN_LND_CNSPOP,Denmark,DK_HERNING,5.9576
2020,EN_LND_CNSPOP,Denmark,DK_AALBORG,1.9789
2020,EN_LND_CNSPOP,Denmark,DK_HJORRING,-0.4444
2010,EN_LND_CNSPOP,Finland,FI_OULU,0.8872
2010,EN_LND_CNSPOP,Finland,FI_HELSINKI,1.5256
2020,EN_LND_CNSPOP,Finland,FI_HELSINKI,0.4592
2020,EN_LND_CNSPOP,Finland,FI_OULU,1.4749
2010,EN_LND_CNSPOP,France,FR_GRENOBLE,4.3009
2010,EN_LND_CNSPOP,France,FR_LYON,1.0924
2010,EN_LND_CNSPOP,France,FR_LILLE,9.485
2010,EN_LND_CNSPOP,France,FR_MARSEILLE,2.5467
2010,EN_LND_CNSPOP,France,FR_NIMES,1.3247
2010,EN_LND_CNSPOP,France,FR_TOULOUSE,0.5945
2010,EN_LND_CNSPOP,France,FR_STRASBOURG,1.169
2010,EN_LND_CNSPOP,France,FR_NICE,-5.206
2010,EN_LND_CNSPOP,France,FR_NANTES,3.1135
2015,EN_LND_CNSPOP,Portugal,PT_OUREM,-1.7405
2015,EN_LND_CNSPOP,Portugal,PT_PENACOVA,-0.0345
2015,EN_LND_CNSPOP,Portugal,PT_GRANDOLA,-6.1803
2015,EN_LND_CNSPOP,Portugal,PT_GAVIAO,0.0
2015,EN_LND_CNSPOP,Portugal,PT_GOIS,-0.0799
2015,EN_LND_CNSPOP,Portugal,PT_GUIMARAES,-0.668
2015,EN_LND_CNSPOP,Portugal,PT_IDANHA_A_NOVA,-0.1218
2015,EN_LND_CNSPOP,Portugal,PT_FIGUEIRO_DOS_VINHOS,-0.54
2015,EN_LND_CNSPOP,Portugal,PT_FORNOS_DE_ALGODRES,-0.4932
2015,EN_LND_CNSPOP,Portugal,PT_FIGUEIRA_DE_CASTELO_RODRIGO,-0.7549
2015,EN_LND_CNSPOP,Portugal,PT_FELGUEIRAS,-1.1508
2015,EN_LND_CNSPOP,Portugal,PT_FIGUEIRA_DA_FOZ,-0.3956
2015,EN_LND_CNSPOP,Portugal,PT_FAFE,-0.6106
2015,EN_LND_CNSPOP,Portugal,PT_FREIXO_DE_ESPADA_A_CINTA,-0.0597
2015,EN_LND_CNSPOP,Portugal,PT_FRONTEIRA,-0.1305
2015,EN_LND_CNSPOP,Portugal,PT_FUNDAO,-0.5056
2015,EN_LND_CNSPOP,Portugal,PT_ALANDROAL,-0.1112
2015,EN_LND_CNSPOP,Portugal,PT_ALBERGARIA_A_VELHA,-0.5283
2015,EN_LND_CNSPOP,Portugal,PT_AMARES,-0.1704
2015,EN_LND_CNSPOP,Portugal,PT_ANADIA,-0.4344
2015,EN_LND_CNSPOP,Portugal,PT_ALCOBACA,-0.9853
2015,EN_LND_CNSPOP,Portugal,PT_ALCANENA,-0.0541
2015,EN_LND_CNSPOP,Portugal,PT_AMADORA,2.0819
2015,EN_LND_CNSPOP,Portugal,PT_AMARANTE,-0.7942
2015,EN_LND_CNSPOP,Portugal,PT_ALVAIAZERE,-1.9724
2015,EN_LND_CNSPOP,Portugal,PT_ALIJO,-2.4501
2015,EN_LND_CNSPOP,Portugal,PT_ALFANDEGA_DA_FE,-3.9592
2015,EN_LND_CNSPOP,Portugal,PT_ARRAIOLOS,-0.8417
2015,EN_LND_CNSPOP,Portugal,PT_AROUCA,-0.3376
2015,EN_LND_CNSPOP,Portugal,PT_ARGANIL,-0.1636
2015,EN_LND_CNSPOP,Portugal,PT_ALENQUER,-2.8555
2015,EN_LND_CNSPOP,Portugal,PT_ARCOS_DE_VALDEVEZ,-0.4719
2015,EN_LND_CNSPOP,Portugal,PT_ALTER_DO_CHAO,-0.3674
2015,EN_LND_CNSPOP,Portugal,PT_ALCOUTIM,-0.4169
2015,EN_LND_CNSPOP,Portugal,PT_ALJEZUR,-0.1106
2015,EN_LND_CNSPOP,Portugal,PT_ALCOCHETE,0.4115
2015,EN_LND_CNSPOP,Portugal,PT_ALMODOVAR,-0.9781
2015,EN_LND_CNSPOP,Portugal,PT_ALPIARCA,-0.0352
2015,EN_LND_CNSPOP,Portugal,PT_ALMEIRIM,-2.406
2015,EN_LND_CNSPOP,Portugal,PT_ALJUSTREL,-0.1231
2015,EN_LND_CNSPOP,Portugal,PT_ALMADA,-0.7826
2015,EN_LND_CNSPOP,Portugal,PT_OLIVEIRA_DE_AZEMEIS,-1.5639
2015,EN_LND_CNSPOP,Portugal,PT_MONFORTE,-0.1304
2015,EN_LND_CNSPOP,Portugal,PT_OEIRAS,2.888
2015,EN_LND_CNSPOP,Portugal,PT_MURTOSA,-1.1182
2015,EN_LND_CNSPOP,Portugal,PT_NAZARE,-1.0411
2015,EN_LND_CNSPOP,Portugal,PT_NISA,0.035
2015,EN_LND_CNSPOP,Portugal,PT_OBIDOS,-6.5872
2015,EN_LND_CNSPOP,Portugal,PT_NELAS,-1.0419
2015,EN_LND_CNSPOP,Portugal,PT_ESTREMOZ,-0.3225
2015,EN_LND_CNSPOP,Portugal,PT_OLEIROS,-1.1025
2015,EN_LND_CNSPOP,Portugal,PT_ODIVELAS,0.1725
2015,EN_LND_CNSPOP,Portugal,PT_OLHAO,-4.1776
2015,EN_LND_CNSPOP,Portugal,PT_MOURAO,0.0
2015,EN_LND_CNSPOP,Portugal,PT_MONCHIQUE,0.0373
2015,EN_LND_CNSPOP,Portugal,PT_MONDIM_DE_BASTO,0.0771
2015,EN_LND_CNSPOP,Portugal,PT_MONCAO,-0.1636
2015,EN_LND_CNSPOP,Portugal,PT_MONTEMOR_O_NOVO,-0.9823
2015,EN_LND_CNSPOP,Portugal,PT_COIMBRA,-0.5913
2015,EN_LND_CNSPOP,Portugal,PT_CASTRO_DAIRE,-0.2789
2015,EN_LND_CNSPOP,Portugal,PT_CASTELO_BRANCO,-0.607
2015,EN_LND_CNSPOP,Portugal,PT_ESPOSENDE,-0.7759
2015,EN_LND_CNSPOP,Portugal,PT_CUBA,-0.5078
2015,EN_LND_CNSPOP,Portugal,PT_ENTRONCAMENTO,0.8565
2015,EN_LND_CNSPOP,Portugal,PT_ESTARREJA,-0.8465
2015,EN_LND_CNSPOP,Portugal,PT_ESPINHO,-0.2209
2020,EN_LND_CNSPOP,France,FR_TOULOUSE,0.3115
2020,EN_LND_CNSPOP,France,FR_STRASBOURG,1.3926
2020,EN_LND_CNSPOP,France,FR_NANTES,1.8873
2020,EN_LND_CNSPOP,France,FR_NICE,-0.4175
2020,EN_LND_CNSPOP,France,FR_NIMES,0.3754
2020,EN_LND_CNSPOP,France,FR_LILLE,4.511
2020,EN_LND_CNSPOP,France,FR_LYON,0.6982
2020,EN_LND_CNSPOP,France,FR_MARSEILLE,1.5638
2015,EN_LND_CNSPOP,Portugal,PT_ELVAS,-0.1358
2015,EN_LND_CNSPOP,Portugal,PT_CASTELO_DE_PAIVA,-0.1883
2015,EN_LND_CNSPOP,Portugal,PT_CASTELO_DE_VIDE,-0.0774
2015,EN_LND_CNSPOP,Portugal,PT_CASTRO_MARIM,-0.2592
2015,EN_LND_CNSPOP,Portugal,PT_CASCAIS,0.5738
2015,EN_LND_CNSPOP,Portugal,PT_CASTANHEIRA_DE_PERA,-0.1691
2020,EN_LND_CNSPOP,France,FR_GRENOBLE,9.5593
2010,EN_LND_CNSPOP,Germany,DE_HALLE,-1.9319
2010,EN_LND_CNSPOP,Germany,DE_BERLIN,-1.8567
2020,EN_LND_CNSPOP,Germany,DE_HALLE,-3.3874
2020,EN_LND_CNSPOP,Germany,DE_BERLIN,1.8556
2010,EN_LND_CNSPOP,Hungary,HU_BUDAPEST,-4.4955
2020,EN_LND_CNSPOP,Hungary,HU_BUDAPEST,4.2087
2012,EN_LND_CNSPOP,Iceland,NOCITI,-0.5429
2018,EN_LND_CNSPOP,Iceland,NOCITI,0.0839
2010,EN_LND_CNSPOP,India,IN_NELLORE,1.9075
2010,EN_LND_CNSPOP,India,IN_MUMBAI,1.0467
2010,EN_LND_CNSPOP,India,IN_KOLKATA,1.3045
2010,EN_LND_CNSPOP,India,IN_PATNA,0.9789
2010,EN_LND_CNSPOP,India,IN_KANPUR,2.0614
2010,EN_LND_CNSPOP,India,IN_KANCHIPURAM,0.7156
2010,EN_LND_CNSPOP,India,IN_HYDERABAD,1.6531
2010,EN_LND_CNSPOP,India,IN_AHMADABAD,1.1096
2010,EN_LND_CNSPOP,India,IN_BAREILLY,1.3776
2010,EN_LND_CNSPOP,India,IN_PUNE,0.8667
2010,EN_LND_CNSPOP,India,IN_SURAT,0.8038
2010,EN_LND_CNSPOP,India,IN_BENGALURU,1.4774
2010,EN_LND_CNSPOP,India,IN_COIMBATORE,2.1353
2010,EN_LND_CNSPOP,India,IN_CHANDIGARH,1.4876
2010,EN_LND_CNSPOP,India,IN_BHOPAL,2.4076
2010,EN_LND_CNSPOP,India,IN_BHIWANDI,0.7433
2010,EN_LND_CNSPOP,India,IN_BERHAMPORE,2.1021
2020,EN_LND_CNSPOP,India,IN_SURAT,0.1413
2020,EN_LND_CNSPOP,India,IN_PATNA,1.3752
2020,EN_LND_CNSPOP,India,IN_CHANDIGARH,1.1226
2015,EN_LND_CNSPOP,Portugal,PT_CHAVES,-0.5589
2015,EN_LND_CNSPOP,Portugal,PT_CINFAES,-0.4166
2015,EN_LND_CNSPOP,Portugal,PT_CHAMUSCA,-0.2139
2015,EN_LND_CNSPOP,Portugal,PT_CARRAZEDA_DE_ANSIAES,-2.7095
2015,EN_LND_CNSPOP,Portugal,PT_CARREGAL_DO_SAL,-0.2155
2015,EN_LND_CNSPOP,Portugal,PT_CALDAS_DA_RAINHA,-2.3716
2020,EN_LND_CNSPOP,India,IN_NELLORE,18.6396
2020,EN_LND_CNSPOP,India,IN_BAREILLY,0.2167
2020,EN_LND_CNSPOP,India,IN_BENGALURU,1.0842
2020,EN_LND_CNSPOP,India,IN_BHIWANDI,0.7462
2015,EN_LND_CNSPOP,Portugal,PT_CELORICO_DE_BASTO,-0.37
2015,EN_LND_CNSPOP,Portugal,PT_ARRONCHES,-0.3781
2015,EN_LND_CNSPOP,Portugal,PT_AGUEDA,-0.4085
2015,EN_LND_CNSPOP,Portugal,PT_AGUIAR_DA_BEIRA,-0.6834
2015,EN_LND_CNSPOP,Portugal,PT_ALBUFEIRA,-2.2953
2015,EN_LND_CNSPOP,Portugal,PT_ALCACER_DO_SAL,-0.5629
2020,EN_LND_CNSPOP,India,IN_AHMADABAD,0.6004
2020,EN_LND_CNSPOP,India,IN_BHOPAL,0.715
2020,EN_LND_CNSPOP,India,IN_HYDERABAD,1.1168
2020,EN_LND_CNSPOP,India,IN_KANCHIPURAM,0.9416
2020,EN_LND_CNSPOP,India,IN_KANPUR,2.1958
2020,EN_LND_CNSPOP,India,IN_MUMBAI,1.5992
2020,EN_LND_CNSPOP,India,IN_COIMBATORE,1.5601
2020,EN_LND_CNSPOP,India,IN_BERHAMPORE,1.522
2015,EN_LND_CNSPOP,Portugal,PT_CANTANHEDE,-0.6373
2015,EN_LND_CNSPOP,Portugal,PT_CAMINHA,-0.1407
2015,EN_LND_CNSPOP,Portugal,PT_CAMPO_MAIOR,-1.9704
2015,EN_LND_CNSPOP,Portugal,PT_BOMBARRAL,-0.5085
2015,EN_LND_CNSPOP,Portugal,PT_BAIAO,-0.214
2015,EN_LND_CNSPOP,Portugal,PT_AVIS,-0.3933
2015,EN_LND_CNSPOP,Portugal,PT_BENAVENTE,0.8476
2015,EN_LND_CNSPOP,Portugal,PT_AZAMBUJA,-0.2978
2015,EN_LND_CNSPOP,Portugal,PT_COVILHA,-0.0854
2015,EN_LND_CNSPOP,Portugal,PT_CORUCHE,-0.3917
2015,EN_LND_CNSPOP,Portugal,PT_CABECEIRAS_DE_BASTO,-0.9033
2015,EN_LND_CNSPOP,Portugal,PT_BEJA,-0.2167
2020,EN_LND_CNSPOP,India,IN_PUNE,0.6528
2020,EN_LND_CNSPOP,India,IN_KOLKATA,0.9191
2013,EN_LND_CNSPOP,Israel,NOCITI,0.3339
2013,EN_LND_CNSPOP,Israel,IL_TEL_AVIV_YAFO,0.9976
2013,EN_LND_CNSPOP,Israel,IL_JERUSALEM,1.7582
2013,EN_LND_CNSPOP,Israel,IL_BEER_SHEVA,0.4593
2013,EN_LND_CNSPOP,Israel,IL_HEFA,6.2596
2010,EN_LND_CNSPOP,Italy,IT_PALERMO,-0.7345
2020,EN_LND_CNSPOP,Italy,IT_PALERMO,-0.2247
2010,EN_LND_CNSPOP,Japan,JP_YAMAGUCHI,-0.2151
2015,EN_LND_CNSPOP,Portugal,PT_BELMONTE,-0.2164
2015,EN_LND_CNSPOP,Portugal,PT_BATALHA,120.7571
2015,EN_LND_CNSPOP,Portugal,PT_BARRANCOS,-0.1725
2015,EN_LND_CNSPOP,Portugal,PT_BARREIRO,-1.6241
2015,EN_LND_CNSPOP,Portugal,PT_CRATO,-0.1597
2015,EN_LND_CNSPOP,Portugal,PT_CADAVAL,-0.3289
2015,EN_LND_CNSPOP,Japan,JP_SENDAI,-1.7503
2015,EN_LND_CNSPOP,Japan,JP_OSAKA,1.0033
2015,EN_LND_CNSPOP,Japan,JP_KUMAMOTO,-18.8013
2015,EN_LND_CNSPOP,Japan,JP_CHIBA,-6.2409
2015,EN_LND_CNSPOP,Japan,JP_KAWASAKI,3.2927
2015,EN_LND_CNSPOP,Japan,JP_HAMAMATSU,16.0698
2015,EN_LND_CNSPOP,Japan,JP_HIROSHIMA,-12.068
2015,EN_LND_CNSPOP,Japan,JP_SAGAMIHARA,21.7979
2015,EN_LND_CNSPOP,Japan,JP_SAPPORO,-1.9093
2015,EN_LND_CNSPOP,Japan,JP_NAGOYA,3.2796
2015,EN_LND_CNSPOP,Portugal,PT_BRAGA,154.6718
2015,EN_LND_CNSPOP,Portugal,PT_BRAGANCA,-2.2836
2015,EN_LND_CNSPOP,Portugal,PT_BORBA,-0.1416
2015,EN_LND_CNSPOP,Portugal,PT_BOTICAS,-0.1339
2015,EN_LND_CNSPOP,Portugal,PT_CARTAXO,-0.5084
2015,EN_LND_CNSPOP,Portugal,PT_VILA_NOVA_DE_POIARES,-0.2274
2015,EN_LND_CNSPOP,Japan,JP_OKAYAMA,-0.4491
2015,EN_LND_CNSPOP,Japan,JP_YOKOHAMA,13.5329
2015,EN_LND_CNSPOP,Japan,JP_KYOTO,97.8372
2015,EN_LND_CNSPOP,Japan,JP_SHIZUOKA,15.6784
2015,EN_LND_CNSPOP,Japan,JP_KITAKYUSHU,3.6989
2015,EN_LND_CNSPOP,Portugal,PT_VILA_POUCA_DE_AGUIAR,-0.1492
2015,EN_LND_CNSPOP,Portugal,PT_SEIA,0.0133
2015,EN_LND_CNSPOP,Portugal,PT_POVOA_DE_LANHOSO,-2.2752
2015,EN_LND_CNSPOP,Portugal,PT_POVOA_DE_VARZIM,-0.8756
2015,EN_LND_CNSPOP,Portugal,PT_SAO_PEDRO_DO_SUL,-0.5179
2015,EN_LND_CNSPOP,Portugal,PT_VILA_REAL,-1.6086
2015,EN_LND_CNSPOP,Japan,JP_FUKUOKA,-1.1999
2015,EN_LND_CNSPOP,Japan,JP_KOBE,4.6538
2015,EN_LND_CNSPOP,Japan,JP_SAKAI,-33.9753
2015,EN_LND_CNSPOP,Japan,JP_SAITAMA,4.9488
2015,EN_LND_CNSPOP,Japan,JP_NIIGATA,2.4716
2020,EN_LND_CNSPOP,Japan,JP_KAWASAKI,-2.3569
2020,EN_LND_CNSPOP,Japan,JP_KITAKYUSHU,1.1008
2020,EN_LND_CNSPOP,Japan,JP_CHIBA,110.9715
2020,EN_LND_CNSPOP,Japan,JP_HIROSHIMA,8.2673
2020,EN_LND_CNSPOP,Japan,JP_FUKUOKA,0.2769
2020,EN_LND_CNSPOP,Japan,JP_NAGOYA,-3.5473
2020,EN_LND_CNSPOP,Japan,JP_YAMAGUCHI,-0.0336
2020,EN_LND_CNSPOP,Japan,JP_SENDAI,-3.2264
2020,EN_LND_CNSPOP,Japan,JP_SHIZUOKA,-11.1913
2020,EN_LND_CNSPOP,Japan,JP_SAPPORO,-14.6477
2015,EN_LND_CNSPOP,Portugal,PT_VILA_NOVA_DA_BARQUINHA,-3.2568
2015,EN_LND_CNSPOP,Portugal,PT_SERPA,-0.3607
2015,EN_LND_CNSPOP,Portugal,PT_SATAO,-0.4242
2015,EN_LND_CNSPOP,Portugal,PT_VILA_NOVA_DE_PAIVA,-0.369
2015,EN_LND_CNSPOP,Portugal,PT_REGUENGOS_DE_MONSARAZ,-0.2422
2015,EN_LND_CNSPOP,Portugal,PT_SABUGAL,-0.1512
2020,EN_LND_CNSPOP,Japan,JP_SAITAMA,-1.0574
2020,EN_LND_CNSPOP,Japan,JP_SAKAI,8.4018
2020,EN_LND_CNSPOP,Japan,JP_KUMAMOTO,-32.1127
2020,EN_LND_CNSPOP,Japan,JP_KOBE,4.8243
2020,EN_LND_CNSPOP,Japan,JP_HAMAMATSU,-21.466
2020,EN_LND_CNSPOP,Japan,JP_SAGAMIHARA,-7.2555
2020,EN_LND_CNSPOP,Japan,JP_KYOTO,12.2141
2020,EN_LND_CNSPOP,Japan,JP_YOKOHAMA,-7.3802
2020,EN_LND_CNSPOP,Japan,JP_OKAYAMA,-3.1832
2020,EN_LND_CNSPOP,Japan,JP_OSAKA,-2.6889
2015,EN_LND_CNSPOP,Portugal,PT_PORTIMAO,-10.142
2015,EN_LND_CNSPOP,Portugal,PT_RIO_MAIOR,-0.5848
2015,EN_LND_CNSPOP,Portugal,PT_PROENCA_A_NOVA,-1.5027
2015,EN_LND_CNSPOP,Portugal,PT_PORTO,-0.0803
2015,EN_LND_CNSPOP,Portugal,PT_PORTO_DE_MOS,-1.6353
2015,EN_LND_CNSPOP,Portugal,PT_RIBEIRA_DE_PENA,-0.2738
2020,EN_LND_CNSPOP,Japan,JP_NIIGATA,-1.2581
2010,EN_LND_CNSPOP,Казахстан,KZ_AQTOBE,1.3088
2010,EN_LND_CNSPOP,Казахстан,KZ_SHYMKENT,1.8612
2010,EN_LND_CNSPOP,Казахстан,KZ_ASTANA,1.2365
2010,EN_LND_CNSPOP,Казахстан,KZ_QASKELEN,0.6833
2015,EN_LND_CNSPOP,Portugal,PT_VALONGO,3.1536
2015,EN_LND_CNSPOP,Portugal,PT_VIDIGUEIRA,-0.6704
2015,EN_LND_CNSPOP,Portugal,PT_VILA_DO_CONDE,-8.3381
2015,EN_LND_CNSPOP,Portugal,PT_SILVES,-3.0963
2015,EN_LND_CNSPOP,Portugal,PT_VIANA_DO_ALENTEJO,-0.1216
2015,EN_LND_CNSPOP,Portugal,PT_SINES,-0.2032
2010,EN_LND_CNSPOP,Казахстан,KZ_TURKISTAN,3.7236
2010,EN_LND_CNSPOP,Казахстан,KZ_ALMATY,1.2765
2010,EN_LND_CNSPOP,Казахстан,KZ_AQTAY,0.2792
2020,EN_LND_CNSPOP,Казахстан,KZ_AQTAY,0.3476
2020,EN_LND_CNSPOP,Казахстан,KZ_ALMATY,0.784
2020,EN_LND_CNSPOP,Казахстан,KZ_TURKISTAN,0.4591
2020,EN_LND_CNSPOP,Казахстан,KZ_QASKELEN,0.4419
2020,EN_LND_CNSPOP,Казахстан,KZ_AQTOBE,3.5668
2020,EN_LND_CNSPOP,Казахстан,KZ_ASTANA,0.9742
2020,EN_LND_CNSPOP,Казахстан,KZ_SHYMKENT,0.7448
2010,EN_LND_CNSPOP,Republic of Korea,KR_CHEONAN,1.1511
2010,EN_LND_CNSPOP,Republic of Korea,KR_GWANGJU,3.4044
2020,EN_LND_CNSPOP,Republic of Korea,KR_GWANGJU,2.9097
2020,EN_LND_CNSPOP,Republic of Korea,KR_CHEONAN,1.8741
2010,EN_LND_CNSPOP,Кыргызстан,KG_OZGON,5.7573
2010,EN_LND_CNSPOP,Кыргызстан,KG_KYZYL_KYJA,16.1831
2010,EN_LND_CNSPOP,Кыргызстан,KG_OS,2.7492
2010,EN_LND_CNSPOP,Кыргызстан,KG_TALAS,0.1956
2010,EN_LND_CNSPOP,Кыргызстан,KG_ZALAL_ABAT,2.3892
2010,EN_LND_CNSPOP,Кыргызстан,KG_KARA_BALTA,-8.053
2010,EN_LND_CNSPOP,Кыргызстан,KG_BISKEK,6.7363
2020,EN_LND_CNSPOP,Кыргызстан,KG_ZALAL_ABAT,1.1486
2020,EN_LND_CNSPOP,Кыргызстан,KG_OS,2.164
2020,EN_LND_CNSPOP,Кыргызстан,KG_KYZYL_KYJA,1.4999
2020,EN_LND_CNSPOP,Кыргызстан,KG_BISKEK,0.7821
2020,EN_LND_CNSPOP,Кыргызстан,KG_KARA_BALTA,-39.3068
2020,EN_LND_CNSPOP,Кыргызстан,KG_OZGON,2.6129
2020,EN_LND_CNSPOP,Кыргызстан,KG_TALAS,0.1076
2010,EN_LND_CNSPOP,Mexico,MX_SON_SAN_LUIS_RIO_COLORADO,0.9984
2010,EN_LND_CNSPOP,Mexico,MX_COA_SALTILLO,1.4678
2010,EN_LND_CNSPOP,Mexico,MX_GRO_ACAPULCO_DE_JUAREZ,2.3205
2010,EN_LND_CNSPOP,Mexico,MX_GUA_LEON,1.4284
2010,EN_LND_CNSPOP,Mexico,MX_CAM_CAMPECHE,0.8912
2010,EN_LND_CNSPOP,Mexico,MX_NLE_MONTERREY,1.8914
2010,EN_LND_CNSPOP,Mexico,MX_MIC_APATZINGAN,0.4136
2010,EN_LND_CNSPOP,Mexico,MX_GUA_IRAPUATO,1.4073
2010,EN_LND_CNSPOP,Mexico,MX_JAL_PUERTO_VALLARTA,0.6356
2010,EN_LND_CNSPOP,Mexico,MX_PUE_PUEBLA,1.4904
2010,EN_LND_CNSPOP,Mexico,MX_BCN_ENSENADA,0.6058
2010,EN_LND_CNSPOP,Mexico,MX_JAL_GUADALAJARA,1.9494
2010,EN_LND_CNSPOP,Mexico,MX_SIN_CULIACAN,2.6658
2010,EN_LND_CNSPOP,Mexico,MX_VER_XALAPA,1.4451
2010,EN_LND_CNSPOP,Mexico,MX_PUE_TEHUACAN,1.7409
2010,EN_LND_CNSPOP,Mexico,MX_NAY_TEPIC,1.0647
2010,EN_LND_CNSPOP,Mexico,MX_QUE_SAN_JUAN_DEL_RIO,0.3715
2010,EN_LND_CNSPOP,Mexico,MX_VER_VERACRUZ,1.2114
2010,EN_LND_CNSPOP,Mexico,MX_TAB_VILLAHERMOSA,1.165
2010,EN_LND_CNSPOP,Mexico,MX_BCN_TIJUANA,0.4116
2010,EN_LND_CNSPOP,Mexico,MX_TAM_RIO_BRAVO,1.2816
2010,EN_LND_CNSPOP,Mexico,MX_TAM_REYNOSA,0.9666
2010,EN_LND_CNSPOP,Mexico,MX_CHP_COMITAN_DE_DOMINGUEZ,0.4826
2010,EN_LND_CNSPOP,Mexico,MX_GUA_GUANAJUATO,1.1921
2020,EN_LND_CNSPOP,Mexico,MX_PUE_TEHUACAN,7.1463
2020,EN_LND_CNSPOP,Mexico,MX_NAY_TEPIC,0.6781
2020,EN_LND_CNSPOP,Mexico,MX_SON_SAN_LUIS_RIO_COLORADO,0.1189
2020,EN_LND_CNSPOP,Mexico,MX_TAM_RIO_BRAVO,1.3082
2020,EN_LND_CNSPOP,Mexico,MX_VER_XALAPA,0.9388
2020,EN_LND_CNSPOP,Mexico,MX_VER_VERACRUZ,3.5134
2020,EN_LND_CNSPOP,Mexico,MX_TAB_VILLAHERMOSA,0.3828
2020,EN_LND_CNSPOP,Mexico,MX_NLE_MONTERREY,4.1199
2020,EN_LND_CNSPOP,Mexico,MX_TAM_REYNOSA,0.2695
2020,EN_LND_CNSPOP,Mexico,MX_BCN_TIJUANA,0.0795
2020,EN_LND_CNSPOP,Mexico,MX_SIN_CULIACAN,0.7818
2020,EN_LND_CNSPOP,Mexico,MX_GUA_GUANAJUATO,0.3267
2020,EN_LND_CNSPOP,Mexico,MX_JAL_GUADALAJARA,1.2997
2020,EN_LND_CNSPOP,Mexico,MX_BCN_ENSENADA,0.2412
2020,EN_LND_CNSPOP,Mexico,MX_PUE_PUEBLA,1.043
2020,EN_LND_CNSPOP,Mexico,MX_GUA_IRAPUATO,0.6528
2020,EN_LND_CNSPOP,Mexico,MX_JAL_PUERTO_VALLARTA,1.0523
2020,EN_LND_CNSPOP,Mexico,MX_CHP_COMITAN_DE_DOMINGUEZ,0.1387
2020,EN_LND_CNSPOP,Mexico,MX_GUA_LEON,1.6645
2020,EN_LND_CNSPOP,Mexico,MX_CAM_CAMPECHE,0.7187
2020,EN_LND_CNSPOP,Mexico,MX_MIC_APATZINGAN,0.3835
2020,EN_LND_CNSPOP,Mexico,MX_GRO_ACAPULCO_DE_JUAREZ,1.1216
2020,EN_LND_CNSPOP,Mexico,MX_COA_SALTILLO,0.3426
2020,EN_LND_CNSPOP,Mexico,MX_QUE_SAN_JUAN_DEL_RIO,1.1903
2015,EN_LND_CNSPOP,Portugal,PT_VENDAS_NOVAS,-0.1288
2015,EN_LND_CNSPOP,Portugal,PT_SINTRA,0.3781
2015,EN_LND_CNSPOP,Portugal,PT_VALPACOS,-0.4539
2015,EN_LND_CNSPOP,Portugal,PT_VILA_DO_BISPO,-0.1532
2015,EN_LND_CNSPOP,Portugal,PT_SAO_BRAS_DE_ALPORTEL,0.0
2015,EN_LND_CNSPOP,Portugal,PT_SANTO_TIRSO,-0.3378
2015,EN_LND_CNSPOP,Portugal,PT_VIMIOSO,-0.2189
2015,EN_LND_CNSPOP,Portugal,PT_VILA_VICOSA,-0.2641
2015,EN_LND_CNSPOP,Portugal,PT_SANTA_MARTA_DE_PENAGUIAO,0.0
2015,EN_LND_CNSPOP,Portugal,PT_SANTA_MARIA_DA_FEIRA,94.9836
2015,EN_LND_CNSPOP,Portugal,PT_VILA_VERDE,-0.7953
2015,EN_LND_CNSPOP,Portugal,PT_VILA_NOVA_DE_GAIA,-7.2749
2015,EN_LND_CNSPOP,Portugal,PT_VILA_NOVA_DE_FOZ_COA,-1.9949
2015,EN_LND_CNSPOP,Portugal,PT_SEIXAL,1.1174
2015,EN_LND_CNSPOP,Portugal,PT_VISEU,-0.8583
2015,EN_LND_CNSPOP,Portugal,PT_VOUZELA,-0.2093
2015,EN_LND_CNSPOP,Portugal,PT_SANTAREM,-0.307
2015,EN_LND_CNSPOP,Portugal,PT_VIZELA,6.9649
2015,EN_LND_CNSPOP,Portugal,PT_SANTIAGO_DO_CACEM,-1.0221
2015,EN_LND_CNSPOP,Portugal,PT_SAO_JOAO_DA_PESQUEIRA,-0.1679
2015,EN_LND_CNSPOP,Portugal,PT_VILA_NOVA_DE_FAMALICAO,-3.2769
2015,EN_LND_CNSPOP,Portugal,PT_SERNANCELHE,-0.3979
2015,EN_LND_CNSPOP,Portugal,PT_VILA_NOVA_DE_CERVEIRA,-0.2576
2015,EN_LND_CNSPOP,Portugal,PT_SESIMBRA,0.8503
2015,EN_LND_CNSPOP,Portugal,PT_SETUBAL,-0.5386
2015,EN_LND_CNSPOP,Portugal,PT_VILA_DE_REI,-0.5407
2015,EN_LND_CNSPOP,Portugal,PT_SEVER_DO_VOUGA,-0.4799
2015,EN_LND_CNSPOP,Portugal,PT_VIEIRA_DO_MINHO,-0.5471
2015,EN_LND_CNSPOP,Portugal,PT_VILA_FLOR,-5.6209
2015,EN_LND_CNSPOP,Portugal,PT_TABUA,0.3723
2015,EN_LND_CNSPOP,Portugal,PT_VALENCA,-0.2399
2015,EN_LND_CNSPOP,Portugal,PT_TAROUCA,-0.8066
2015,EN_LND_CNSPOP,Portugal,PT_TONDELA,-0.1039
2015,EN_LND_CNSPOP,Portugal,PT_TAVIRA,-0.5494
2015,EN_LND_CNSPOP,Portugal,PT_TORRES_NOVAS,-0.2203
2015,EN_LND_CNSPOP,Portugal,PT_TOMAR,-0.2713
2015,EN_LND_CNSPOP,Portugal,PT_TERRAS_DE_BOURO,-0.1391
2015,EN_LND_CNSPOP,Portugal,PT_VALE_DE_CAMBRA,-0.6691
2015,EN_LND_CNSPOP,Portugal,PT_VAGOS,25.9834
2015,EN_LND_CNSPOP,Portugal,PT_TORRES_VEDRAS,0.5376
2015,EN_LND_CNSPOP,Portugal,PT_SOURE,-0.2253
2015,EN_LND_CNSPOP,Portugal,PT_TROFA,-0.7888
2015,EN_LND_CNSPOP,Portugal,PT_SOUSEL,-0.2208
2015,EN_LND_CNSPOP,Portugal,PT_TRANCOSO,-3.3336
2015,EN_LND_CNSPOP,Portugal,PT_SERTA,-1.4483
2015,EN_LND_CNSPOP,Portugal,PT_MACAO,-0.075
2015,EN_LND_CNSPOP,Portugal,PT_LOUSA,-0.2977
2015,EN_LND_CNSPOP,Portugal,PT_LOULE,-2.2464
2018,EN_LND_CNSPOP,Portugal,PT_MOGADOURO,-0.2299
2018,EN_LND_CNSPOP,Portugal,PT_TROFA,17.3979
2018,EN_LND_CNSPOP,Portugal,PT_SOBRAL_DE_MONTE_AGRACO,0.1799
2018,EN_LND_CNSPOP,Portugal,PT_VALE_DE_CAMBRA,-0.0976
2018,EN_LND_CNSPOP,Portugal,PT_SALVATERRA_DE_MAGOS,0.1075
2018,EN_LND_CNSPOP,Portugal,PT_VILA_FLOR,-0.0623
2018,EN_LND_CNSPOP,Portugal,PT_SANTO_TIRSO,-0.4856
2018,EN_LND_CNSPOP,Portugal,PT_VAGOS,-2.0408
2018,EN_LND_CNSPOP,Portugal,PT_TRANCOSO,-0.3592
2018,EN_LND_CNSPOP,Portugal,PT_SOUSEL,-0.5825
2018,EN_LND_CNSPOP,Portugal,PT_SOURE,-0.3404
2018,EN_LND_CNSPOP,Portugal,PT_TABUA,0.1006
2018,EN_LND_CNSPOP,Portugal,PT_TORRE_DE_MONCORVO,-1.5283
2018,EN_LND_CNSPOP,Portugal,PT_TAROUCA,-1.9201
2018,EN_LND_CNSPOP,Portugal,PT_TOMAR,-0.1124
2018,EN_LND_CNSPOP,Portugal,PT_TONDELA,-0.1463
2018,EN_LND_CNSPOP,Portugal,PT_TAVIRA,-0.3458
2018,EN_LND_CNSPOP,Portugal,PT_TORRES_NOVAS,-0.159
2018,EN_LND_CNSPOP,Portugal,PT_VISEU,-0.6177
2018,EN_LND_CNSPOP,Portugal,PT_VIZELA,3.6983
2018,EN_LND_CNSPOP,Portugal,PT_VOUZELA,-0.1033
2018,EN_LND_CNSPOP,Portugal,PT_SETUBAL,-0.2581
2018,EN_LND_CNSPOP,Portugal,PT_VILA_DE_REI,-0.2189
2018,EN_LND_CNSPOP,Portugal,PT_SERNANCELHE,0.1084
2018,EN_LND_CNSPOP,Portugal,PT_VILA_NOVA_DE_FAMALICAO,-0.9234
2018,EN_LND_CNSPOP,Portugal,PT_VILA_NOVA_DE_FOZ_COA,-0.1272
2018,EN_LND_CNSPOP,Portugal,PT_SEIXAL,0.5894
2018,EN_LND_CNSPOP,Portugal,PT_SANTAREM,-0.381
2018,EN_LND_CNSPOP,Portugal,PT_VILA_REAL_DE_SANTO_ANTONIO,-0.2369
2018,EN_LND_CNSPOP,Portugal,PT_SANTIAGO_DO_CACEM,0.3736
2018,EN_LND_CNSPOP,Portugal,PT_SAO_JOAO_DA_MADEIRA,0.7446
2018,EN_LND_CNSPOP,Portugal,PT_VILA_VELHA_DE_RODAO,-0.8445
2018,EN_LND_CNSPOP,Portugal,PT_VILA_VERDE,-0.3134
2018,EN_LND_CNSPOP,Portugal,PT_VILA_VICOSA,-0.1799
2018,EN_LND_CNSPOP,Portugal,PT_SAO_BRAS_DE_ALPORTEL,-0.5411
2018,EN_LND_CNSPOP,Portugal,PT_SEVER_DO_VOUGA,-0.2879
2018,EN_LND_CNSPOP,Portugal,PT_VIANA_DO_ALENTEJO,-0.2187
2018,EN_LND_CNSPOP,Portugal,PT_SINES,-3.0607
2018,EN_LND_CNSPOP,Portugal,PT_SINTRA,0.3921
2018,EN_LND_CNSPOP,Portugal,PT_VILA_DO_CONDE,1.6173
2018,EN_LND_CNSPOP,Portugal,PT_SERTA,-0.1507
2018,EN_LND_CNSPOP,Portugal,PT_VENDAS_NOVAS,0.097
2018,EN_LND_CNSPOP,Portugal,PT_VALONGO,0.7937
2018,EN_LND_CNSPOP,Portugal,PT_VIDIGUEIRA,-1.6978
2018,EN_LND_CNSPOP,Portugal,PT_VIANA_DO_CASTELO,-0.3211
2018,EN_LND_CNSPOP,Portugal,PT_SILVES,-0.9173
2018,EN_LND_CNSPOP,Portugal,PT_TERRAS_DE_BOURO,-0.0924
2018,EN_LND_CNSPOP,Portugal,PT_SANTA_MARIA_DA_FEIRA,-0.6748
2018,EN_LND_CNSPOP,Portugal,PT_PORTO_DE_MOS,-0.0778
2018,EN_LND_CNSPOP,Portugal,PT_RIBEIRA_DE_PENA,-0.9195
2018,EN_LND_CNSPOP,Portugal,PT_SABROSA,-0.7461
2018,EN_LND_CNSPOP,Portugal,PT_PORTIMAO,-44.3745
2018,EN_LND_CNSPOP,Portugal,PT_VILA_NOVA_DE_PAIVA,-0.1025
2018,EN_LND_CNSPOP,Portugal,PT_VILA_NOVA_DE_POIARES,-0.612
2018,EN_LND_CNSPOP,Portugal,PT_SATAO,0.2722
2018,EN_LND_CNSPOP,Portugal,PT_REDONDO,-0.3649
2018,EN_LND_CNSPOP,Portugal,PT_RESENDE,-0.1613
2018,EN_LND_CNSPOP,Portugal,PT_REGUENGOS_DE_MONSARAZ,-0.4851
2018,EN_LND_CNSPOP,Portugal,PT_PORTEL,0.0443
2018,EN_LND_CNSPOP,Portugal,PT_PORTO,0.0872
2018,EN_LND_CNSPOP,Portugal,PT_RIO_MAIOR,-0.3514
2018,EN_LND_CNSPOP,Portugal,PT_VILA_REAL,-3.5176
2018,EN_LND_CNSPOP,Portugal,PT_VILA_FRANCA_DE_XIRA,0.1729
2018,EN_LND_CNSPOP,Portugal,PT_SERPA,-0.3137
2018,EN_LND_CNSPOP,Portugal,PT_SEIA,0.1386
2018,EN_LND_CNSPOP,Portugal,PT_VILA_NOVA_DE_GAIA,-1.0561
2018,EN_LND_CNSPOP,Portugal,PT_VILA_POUCA_DE_AGUIAR,-0.2624
2018,EN_LND_CNSPOP,Portugal,PT_SAO_PEDRO_DO_SUL,0.0478
2018,EN_LND_CNSPOP,Portugal,PT_BOTICAS,-0.0979
2018,EN_LND_CNSPOP,Portugal,PT_ARRONCHES,-0.105
2018,EN_LND_CNSPOP,Portugal,PT_CRATO,-0.0547
2018,EN_LND_CNSPOP,Portugal,PT_CARREGAL_DO_SAL,-0.1846
2018,EN_LND_CNSPOP,Portugal,PT_BRAGANCA,0.2038
2018,EN_LND_CNSPOP,Portugal,PT_CABECEIRAS_DE_BASTO,-0.476
2018,EN_LND_CNSPOP,Portugal,PT_CORUCHE,-0.198
2018,EN_LND_CNSPOP,Portugal,PT_COVILHA,0.0144
2018,EN_LND_CNSPOP,Portugal,PT_CUBA,-0.5843
2018,EN_LND_CNSPOP,Portugal,PT_CARTAXO,-0.3317
2018,EN_LND_CNSPOP,Portugal,PT_BARREIRO,-0.1008
2018,EN_LND_CNSPOP,Portugal,PT_BELMONTE,-0.1447
2018,EN_LND_CNSPOP,Portugal,PT_BENAVENTE,0.4525
2018,EN_LND_CNSPOP,Portugal,PT_BEJA,-1.3253
2018,EN_LND_CNSPOP,Portugal,PT_BATALHA,-41.3296
2018,EN_LND_CNSPOP,Portugal,PT_AVEIRO,0.0645
2018,EN_LND_CNSPOP,Portugal,PT_ARRUDA_DOS_VINHOS,0.1179
2018,EN_LND_CNSPOP,Portugal,PT_BARCELOS,-0.4577
2018,EN_LND_CNSPOP,Portugal,PT_AGUEDA,-0.5503
2018,EN_LND_CNSPOP,Portugal,PT_ABRANTES,-0.0213
2018,EN_LND_CNSPOP,Portugal,PT_CASTRO_VERDE,-0.2052
2018,EN_LND_CNSPOP,Portugal,PT_CAMINHA,-0.046
2018,EN_LND_CNSPOP,Portugal,PT_CANTANHEDE,-0.5914
2018,EN_LND_CNSPOP,Portugal,PT_CAMPO_MAIOR,-0.6384
2018,EN_LND_CNSPOP,Portugal,PT_CARRAZEDA_DE_ANSIAES,-0.0571
2018,EN_LND_CNSPOP,Portugal,PT_ALCACER_DO_SAL,-0.4531
2018,EN_LND_CNSPOP,Portugal,PT_ALCANENA,-0.351
2018,EN_LND_CNSPOP,Portugal,PT_CHAMUSCA,-0.3202
2018,EN_LND_CNSPOP,Portugal,PT_CELORICO_DE_BASTO,-0.0997
2018,EN_LND_CNSPOP,Portugal,PT_CHAVES,-0.2716
2018,EN_LND_CNSPOP,Portugal,PT_CINFAES,-0.2106
2018,EN_LND_CNSPOP,Portugal,PT_CASCAIS,0.363
2018,EN_LND_CNSPOP,Portugal,PT_CASTELO_BRANCO,-0.6626
2018,EN_LND_CNSPOP,Portugal,PT_CASTRO_DAIRE,-0.0689
2018,EN_LND_CNSPOP,Portugal,PT_COIMBRA,-0.281
2018,EN_LND_CNSPOP,Portugal,PT_MONDIM_DE_BASTO,0.1028
2018,EN_LND_CNSPOP,Portugal,PT_ODIVELAS,0.2513
2018,EN_LND_CNSPOP,Portugal,PT_OEIRAS,0.6377
2018,EN_LND_CNSPOP,Portugal,PT_ESTREMOZ,-1.017
2018,EN_LND_CNSPOP,Portugal,PT_ESTARREJA,-1.0604
2018,EN_LND_CNSPOP,Portugal,PT_ESPOSENDE,3.7612
2018,EN_LND_CNSPOP,Portugal,PT_ELVAS,-0.2958
2018,EN_LND_CNSPOP,Portugal,PT_CONDEIXA_A_NOVA,0.364
2018,EN_LND_CNSPOP,Portugal,PT_MONCAO,-0.0227
2018,EN_LND_CNSPOP,Portugal,PT_OLHAO,-1.052
2018,EN_LND_CNSPOP,Portugal,PT_MOURAO,-0.1209
2018,EN_LND_CNSPOP,Portugal,PT_NELAS,-0.203
2018,EN_LND_CNSPOP,Portugal,PT_OBIDOS,12.2845
2018,EN_LND_CNSPOP,Portugal,PT_EVORA,-1.9918
2018,EN_LND_CNSPOP,Portugal,PT_NAZARE,-0.6969
2018,EN_LND_CNSPOP,Portugal,PT_MURTOSA,-0.2981
2018,EN_LND_CNSPOP,Portugal,PT_ODEMIRA,-1.0839
2018,EN_LND_CNSPOP,Portugal,PT_ALCOUTIM,-0.1579
2018,EN_LND_CNSPOP,Portugal,PT_ALENQUER,0.3442
2018,EN_LND_CNSPOP,Portugal,PT_ALIJO,-0.1715
2018,EN_LND_CNSPOP,Portugal,PT_ALJUSTREL,-0.232
2018,EN_LND_CNSPOP,Portugal,PT_ALTER_DO_CHAO,-0.7255
2018,EN_LND_CNSPOP,Portugal,PT_ALMODOVAR,-0.258
2018,EN_LND_CNSPOP,Portugal,PT_ALMEIRIM,-0.4557
2018,EN_LND_CNSPOP,Portugal,PT_ALCOCHETE,0.6892
2018,EN_LND_CNSPOP,Portugal,PT_ALJEZUR,-1.2516
2018,EN_LND_CNSPOP,Portugal,PT_ANSIAO,-0.1797
2018,EN_LND_CNSPOP,Portugal,PT_ARCOS_DE_VALDEVEZ,-0.0828
2018,EN_LND_CNSPOP,Portugal,PT_AROUCA,-0.2998
2018,EN_LND_CNSPOP,Portugal,PT_ARGANIL,-0.032
2018,EN_LND_CNSPOP,Portugal,PT_ARRAIOLOS,-0.4525
2018,EN_LND_CNSPOP,Portugal,PT_ANADIA,-0.0574
2018,EN_LND_CNSPOP,Portugal,PT_ALVAIAZERE,-0.0738
2018,EN_LND_CNSPOP,Portugal,PT_ALVITO,-0.4398
2018,EN_LND_CNSPOP,Portugal,PT_FIGUEIRA_DA_FOZ,-0.195
2018,EN_LND_CNSPOP,Portugal,PT_FRONTEIRA,-6.9607
2018,EN_LND_CNSPOP,Portugal,PT_GAVIAO,-0.1122
2018,EN_LND_CNSPOP,Portugal,PT_ALCOBACA,-0.4901
2018,EN_LND_CNSPOP,Portugal,PT_ALBERGARIA_A_VELHA,-0.0439
2018,EN_LND_CNSPOP,Portugal,PT_AGUIAR_DA_BEIRA,-0.1979
2018,EN_LND_CNSPOP,Portugal,PT_ALBUFEIRA,0.3689
2018,EN_LND_CNSPOP,Portugal,PT_ALANDROAL,-0.0359
2018,EN_LND_CNSPOP,Portugal,PT_FIGUEIRA_DE_CASTELO_RODRIGO,-0.4535
2018,EN_LND_CNSPOP,Portugal,PT_FUNDAO,-0.1598
2018,EN_LND_CNSPOP,Portugal,PT_FAFE,-0.2661
2018,EN_LND_CNSPOP,Portugal,PT_FERREIRA_DO_ZEZERE,-0.1636
2018,EN_LND_CNSPOP,Portugal,PT_FARO,-24.9834
2018,EN_LND_CNSPOP,Portugal,PT_FERREIRA_DO_ALENTEJO,-4.3439
2018,EN_LND_CNSPOP,Portugal,PT_FELGUEIRAS,-0.6674
2018,EN_LND_CNSPOP,Portugal,PT_IDANHA_A_NOVA,-0.0697
2018,EN_LND_CNSPOP,Portugal,PT_ILHAVO,-3.2481
2018,EN_LND_CNSPOP,Portugal,PT_PAREDES,-1.506
2018,EN_LND_CNSPOP,Portugal,PT_PENACOVA,-0.0988
2018,EN_LND_CNSPOP,Portugal,PT_PAMPILHOSA_DA_SERRA,-0.1156
2018,EN_LND_CNSPOP,Portugal,PT_OVAR,-0.7469
2018,EN_LND_CNSPOP,Portugal,PT_OUREM,-0.2676
2018,EN_LND_CNSPOP,Portugal,PT_OLIVEIRA_DO_HOSPITAL,-0.0442
2018,EN_LND_CNSPOP,Portugal,PT_PACOS_DE_FERREIRA,-1.1399
2018,EN_LND_CNSPOP,Portugal,PT_PAREDES_DE_COURA,-0.1044
2018,EN_LND_CNSPOP,Portugal,PT_PEDROGAO_GRANDE,-0.0741
2018,EN_LND_CNSPOP,Portugal,PT_PALMELA,4.0248
2018,EN_LND_CNSPOP,Portugal,PT_LAGOA,-7.6034
2018,EN_LND_CNSPOP,Portugal,PT_GUIMARAES,-0.8043
2018,EN_LND_CNSPOP,Portugal,PT_LAGOS,-1.1896
2018,EN_LND_CNSPOP,Portugal,PT_GONDOMAR,-0.7974
2018,EN_LND_CNSPOP,Portugal,PT_GOLEGA,-0.1798
2018,EN_LND_CNSPOP,Portugal,PT_GOIS,-0.0675
2018,EN_LND_CNSPOP,Portugal,PT_GOUVEIA,-0.0276
2018,EN_LND_CNSPOP,Portugal,PT_PENAMACOR,0.134
2018,EN_LND_CNSPOP,Portugal,PT_PENICHE,-0.1717
2018,EN_LND_CNSPOP,Portugal,PT_OLIVEIRA_DO_BAIRRO,0.1124
2018,EN_LND_CNSPOP,Portugal,PT_PENALVA_DO_CASTELO,-0.051
2018,EN_LND_CNSPOP,Portugal,PT_PONTE_DE_SOR,0.0228
2018,EN_LND_CNSPOP,Portugal,PT_PORTALEGRE,-0.6639
2018,EN_LND_CNSPOP,Portugal,PT_PONTE_DE_LIMA,-0.0905
2018,EN_LND_CNSPOP,Portugal,PT_PONTE_DA_BARCA,-0.1
2018,EN_LND_CNSPOP,Portugal,PT_POMBAL,-0.2162
2018,EN_LND_CNSPOP,Portugal,PT_PENELA,-0.4439
2018,EN_LND_CNSPOP,Portugal,PT_MONTEMOR_O_VELHO,-0.1939
2018,EN_LND_CNSPOP,Portugal,PT_MOURA,-0.4867
2018,EN_LND_CNSPOP,Portugal,PT_MORTAGUA,-0.3966
2018,EN_LND_CNSPOP,Portugal,PT_OLIVEIRA_DE_FRADES,-0.4639
2018,EN_LND_CNSPOP,Portugal,PT_MONTIJO,0.8384
2018,EN_LND_CNSPOP,Portugal,PT_MONTEMOR_O_NOVO,-0.053
2018,EN_LND_CNSPOP,Portugal,PT_MORA,-0.2569
2018,EN_LND_CNSPOP,Portugal,PT_MELGACO,-0.0614
2018,EN_LND_CNSPOP,Portugal,PT_MARCO_DE_CANAVESES,-0.2516
2018,EN_LND_CNSPOP,Portugal,PT_MATOSINHOS,1.1754
2018,EN_LND_CNSPOP,Portugal,PT_MIRA,-0.279
2018,EN_LND_CNSPOP,Portugal,PT_MERTOLA,-0.0907
2018,EN_LND_CNSPOP,Portugal,PT_LOUSA,-0.9159
2018,EN_LND_CNSPOP,Portugal,PT_LOURES,0.2199
2018,EN_LND_CNSPOP,Portugal,PT_MIRANDA_DO_CORVO,-0.5346
2018,EN_LND_CNSPOP,Portugal,PT_MIRANDELA,0.122
2018,EN_LND_CNSPOP,Portugal,PT_MARINHA_GRANDE,-0.538
2018,EN_LND_CNSPOP,Portugal,PT_MARVAO,-0.0922
2018,EN_LND_CNSPOP,Portugal,PT_MEALHADA,-0.3613
2018,EN_LND_CNSPOP,Portugal,PT_MAIA,0.4677
2018,EN_LND_CNSPOP,Portugal,PT_MAFRA,0.4006
2018,EN_LND_CNSPOP,Portugal,PT_MANGUALDE,-0.5994
2018,EN_LND_CNSPOP,Portugal,PT_LEIRIA,-0.8187
2018,EN_LND_CNSPOP,Portugal,PT_LISBOA,-0.0529
2018,EN_LND_CNSPOP,Portugal,PT_TORRES_VEDRAS,-1.8689
2018,EN_LND_CNSPOP,Portugal,PT_VALENCA,-0.2192
2018,EN_LND_CNSPOP,Portugal,PT_VIEIRA_DO_MINHO,-0.486
2018,EN_LND_CNSPOP,Portugal,PT_VIMIOSO,-0.0615
2018,EN_LND_CNSPOP,Portugal,PT_SESIMBRA,0.4458
2018,EN_LND_CNSPOP,Portugal,PT_VILA_DO_BISPO,-1.0947
2018,EN_LND_CNSPOP,Portugal,PT_SANTA_COMBA_DAO,-0.3209
2018,EN_LND_CNSPOP,Portugal,PT_POVOA_DE_LANHOSO,-0.484
2018,EN_LND_CNSPOP,Portugal,PT_POVOA_DE_VARZIM,-28.0845
2018,EN_LND_CNSPOP,Portugal,PT_BRAGA,7.1963
2018,EN_LND_CNSPOP,Portugal,PT_CALDAS_DA_RAINHA,-227.0543
2018,EN_LND_CNSPOP,Portugal,PT_CADAVAL,-0.2013
2018,EN_LND_CNSPOP,Portugal,PT_AVIS,-0.7031
2018,EN_LND_CNSPOP,Portugal,PT_AZAMBUJA,0.7159
2018,EN_LND_CNSPOP,Portugal,PT_BAIAO,-0.122
2018,EN_LND_CNSPOP,Portugal,PT_ESPINHO,-0.4251
2018,EN_LND_CNSPOP,Portugal,PT_ENTRONCAMENTO,0.2096
2018,EN_LND_CNSPOP,Portugal,PT_CASTRO_MARIM,-0.086
2018,EN_LND_CNSPOP,Portugal,PT_OLIVEIRA_DE_AZEMEIS,-1.0065
2018,EN_LND_CNSPOP,Portugal,PT_OLEIROS,-0.3538
2018,EN_LND_CNSPOP,Portugal,PT_ALMADA,-1.3616
2018,EN_LND_CNSPOP,Portugal,PT_AMADORA,0.2655
2018,EN_LND_CNSPOP,Portugal,PT_AMARES,-1.5236
2018,EN_LND_CNSPOP,Portugal,PT_AMARANTE,-1.608
2018,EN_LND_CNSPOP,Portugal,PT_PINHEL,-0.1391
2018,EN_LND_CNSPOP,Portugal,PT_PENAFIEL,-1.0212
2018,EN_LND_CNSPOP,Portugal,PT_OURIQUE,-2.0533
2018,EN_LND_CNSPOP,Portugal,PT_GRANDOLA,-5.1544
2018,EN_LND_CNSPOP,Portugal,PT_GUARDA,-0.2099
2018,EN_LND_CNSPOP,Portugal,PT_LAMEGO,-0.5
2018,EN_LND_CNSPOP,Portugal,PT_MOIMENTA_DA_BEIRA,-0.7615
2018,EN_LND_CNSPOP,Portugal,PT_MOITA,-0.6282
2018,EN_LND_CNSPOP,Portugal,PT_LOURINHA,5.979
2018,EN_LND_CNSPOP,Portugal,PT_LOULE,-3.014
2018,EN_LND_CNSPOP,Portugal,PT_MACEDO_DE_CAVALEIROS,-0.225
2018,EN_LND_CNSPOP,Portugal,PT_LOUSADA,-1.0842
2010,EN_LND_CNSPOP,Romania,RO_TARGU_JIU,-0.7399
2010,EN_LND_CNSPOP,Romania,RO_CRAIOVA,-1.1292
2010,EN_LND_CNSPOP,Romania,RO_BUCURESTI,-21.0726
2010,EN_LND_CNSPOP,Romania,RO_ARAD,-0.3909
2020,EN_LND_CNSPOP,Romania,RO_TARGU_JIU,-0.7997
2020,EN_LND_CNSPOP,Romania,RO_CRAIOVA,-1.1017
2020,EN_LND_CNSPOP,Romania,RO_ARAD,-0.502
2020,EN_LND_CNSPOP,Romania,RO_BUCURESTI,-0.8061
2010,EN_LND_CNSPOP,Serbia,RS_NOVI_PAZAR,1.0224
2010,EN_LND_CNSPOP,Serbia,RS_BORCA,1.1248
2010,EN_LND_CNSPOP,Serbia,RS_ZRENJANIN,-0.0988
2020,EN_LND_CNSPOP,Serbia,RS_BORCA,2.0571
2020,EN_LND_CNSPOP,Serbia,RS_NOVI_PAZAR,10.1487
2020,EN_LND_CNSPOP,Serbia,RS_ZRENJANIN,-0.1238
2014,EN_LND_CNSPOP,Slovakia,SK_ZILINA,-0.152
2014,EN_LND_CNSPOP,Slovakia,SK_BANSKA_BYSTRICA,-1.7007
2014,EN_LND_CNSPOP,Slovakia,SK_BRATISLAVA,-1.069
2014,EN_LND_CNSPOP,Slovakia,SK_KOSICE,3.7037
2014,EN_LND_CNSPOP,Slovakia,SK_NITRA,-0.5383
2014,EN_LND_CNSPOP,Slovakia,NOCITI,-71.1749
2014,EN_LND_CNSPOP,Slovakia,SK_TRNAVA,-1.2712
2014,EN_LND_CNSPOP,Slovakia,SK_TRENCIN,-4.3029
2014,EN_LND_CNSPOP,Slovakia,SK_PRESOV,-0.1514
2019,EN_LND_CNSPOP,Slovakia,SK_KOSICE,-1.8214
2019,EN_LND_CNSPOP,Slovakia,SK_NITRA,-2.8547
2019,EN_LND_CNSPOP,Slovakia,SK_BRATISLAVA,0.7856
2019,EN_LND_CNSPOP,Slovakia,SK_TRNAVA,-2.9002
2019,EN_LND_CNSPOP,Slovakia,SK_TRENCIN,-2.7311
2019,EN_LND_CNSPOP,Slovakia,SK_ZILINA,-2.1214
2019,EN_LND_CNSPOP,Slovakia,SK_BANSKA_BYSTRICA,-1.3177
2019,EN_LND_CNSPOP,Slovakia,SK_PRESOV,-1.3078
2019,EN_LND_CNSPOP,Slovakia,NOCITI,5.3902
2010,EN_LND_CNSPOP,Viet Nam,VN_HA_NOI,2.4379
2020,EN_LND_CNSPOP,Viet Nam,VN_HA_NOI,0.8958
2010,EN_LND_CNSPOP,Spain,ES_MADRID,2.9533
2020,EN_LND_CNSPOP,Spain,ES_MADRID,0.791
2007,EN_LND_CNSPOP,Switzerland,NOCITI,1.4978
2016,EN_LND_CNSPOP,Switzerland,NOCITI,0.8716
2010,EN_LND_CNSPOP,Таджикистан,TJ_BOKHTAR,1.2072
2010,EN_LND_CNSPOP,Таджикистан,TJ_DUSANBE,0.9426
2010,EN_LND_CNSPOP,Таджикистан,TJ_ISFARA,1.8539
2010,EN_LND_CNSPOP,Таджикистан,TJ_VAHDAT,1.287
2010,EN_LND_CNSPOP,Таджикистан,TJ_TURSUNZODA,0.9458
2010,EN_LND_CNSPOP,Таджикистан,TJ_KULOB,1.078
2010,EN_LND_CNSPOP,Таджикистан,TJ_PANCAKENT,0.8855
2010,EN_LND_CNSPOP,Таджикистан,TJ_NORAK,0.491
2010,EN_LND_CNSPOP,Таджикистан,TJ_KHUJAND,1.4585
2010,EN_LND_CNSPOP,Таджикистан,TJ_KONIBODOM,4.6115
2010,EN_LND_CNSPOP,Таджикистан,TJ_ISTARAVSAN,2.046
2020,EN_LND_CNSPOP,Таджикистан,TJ_KHUJAND,0.8125
2020,EN_LND_CNSPOP,Таджикистан,TJ_ISTARAVSAN,3.0039
2020,EN_LND_CNSPOP,Таджикистан,TJ_ISFARA,1.1638
2020,EN_LND_CNSPOP,Таджикистан,TJ_NORAK,0.2068
2020,EN_LND_CNSPOP,Таджикистан,TJ_KULOB,0.5704
2020,EN_LND_CNSPOP,Таджикистан,TJ_TURSUNZODA,0.4542
2020,EN_LND_CNSPOP,Таджикистан,TJ_PANCAKENT,1.0249
2020,EN_LND_CNSPOP,Таджикистан,TJ_VAHDAT,0.2406
2020,EN_LND_CNSPOP,Таджикистан,TJ_BOKHTAR,0.9744
2020,EN_LND_CNSPOP,Таджикистан,TJ_KONIBODOM,15.1707
2020,EN_LND_CNSPOP,Таджикистан,TJ_DUSANBE,0.4023
2010,EN_LND_CNSPOP,United Arab Emirates,AE_DUBAYY,0.7124
2020,EN_LND_CNSPOP,United Arab Emirates,AE_DUBAYY,0.4478
2010,EN_LND_CNSPOP,Türkiye,TR_CERKEZKOY,0.3765
2010,EN_LND_CNSPOP,Türkiye,TR_BURSA,0.8097
2010,EN_LND_CNSPOP,Türkiye,TR_BALIKESIR,0.8825
2010,EN_LND_CNSPOP,Türkiye,TR_ANKARA,0.3007
2010,EN_LND_CNSPOP,Türkiye,TR_ADAPAZARI,1.3867
2010,EN_LND_CNSPOP,Türkiye,TR_ISTANBUL,0.4893
2010,EN_LND_CNSPOP,Türkiye,TR_GAZIANTEP,0.8866
2010,EN_LND_CNSPOP,Türkiye,TR_DENIZLI,1.246
2010,EN_LND_CNSPOP,Türkiye,TR_KONYA,0.8014
2010,EN_LND_CNSPOP,Türkiye,TR_MALATYA,6.279
2010,EN_LND_CNSPOP,Türkiye,TR_AGRI,0.5503
2010,EN_LND_CNSPOP,Türkiye,TR_NIGDE,1.9999
2010,EN_LND_CNSPOP,Türkiye,TR_SAMSUN,1.7182
2010,EN_LND_CNSPOP,Türkiye,TR_SANLIURFA,1.2368
2010,EN_LND_CNSPOP,Türkiye,TR_KAYSERI,0.7337
2020,EN_LND_CNSPOP,Türkiye,TR_KONYA,0.7392
2020,EN_LND_CNSPOP,Türkiye,TR_KAYSERI,0.3136
2020,EN_LND_CNSPOP,Türkiye,TR_SANLIURFA,1.6408
2020,EN_LND_CNSPOP,Türkiye,TR_MALATYA,8.6273
2020,EN_LND_CNSPOP,Türkiye,TR_NIGDE,4.435
2020,EN_LND_CNSPOP,Türkiye,TR_SAMSUN,0.9341
2020,EN_LND_CNSPOP,Türkiye,TR_ISTANBUL,3.0707
2020,EN_LND_CNSPOP,Türkiye,TR_BURSA,0.6395
2020,EN_LND_CNSPOP,Türkiye,TR_CERKEZKOY,0.1899
2020,EN_LND_CNSPOP,Türkiye,TR_AGRI,0.3729
2010,EN_LND_CNSPOP,New Zealand,NZ_LOWER_HUTT,0.7459
2010,EN_LND_CNSPOP,New Zealand,NZ_PALMERSTON,0.9399
2010,EN_LND_CNSPOP,New Zealand,NZ_TAURANGA,0.6126
2020,EN_LND_CNSPOP,Bosnia and Herzegovina,BA_ZENICA,-0.0176
2020,EN_LND_CNSPOP,Bosnia and Herzegovina,BA_TUZLA,-0.0401
2020,EN_LND_CNSPOP,Türkiye,TR_BALIKESIR,0.6221
2020,EN_LND_CNSPOP,Türkiye,TR_ANKARA,0.9869
2020,EN_LND_CNSPOP,Türkiye,TR_GAZIANTEP,5.2925
2020,EN_LND_CNSPOP,Türkiye,TR_DENIZLI,1.5888
2020,EN_LND_CNSPOP,Türkiye,TR_ADAPAZARI,1.6756
2010,EN_LND_CNSPOP,Туркменистан,TM_MARY,2.4906
2010,EN_LND_CNSPOP,Туркменистан,TM_DASOGUZ,1.531
2010,EN_LND_CNSPOP,Туркменистан,TM_BAYRAMALY,2.6557
2010,EN_LND_CNSPOP,Туркменистан,TM_TEJEN,2.8874
2010,EN_LND_CNSPOP,Туркменистан,TM_TURKMENABAT,0.4771
2010,EN_LND_CNSPOP,Туркменистан,TM_SERDAR,0.5799
2010,EN_LND_CNSPOP,Туркменистан,TM_TURKMENBASY,-0.3303
2010,EN_LND_CNSPOP,Туркменистан,TM_ASHGABAT,1.2717
2010,EN_LND_CNSPOP,Туркменистан,TM_BALKANABAT,-0.7204
2020,EN_LND_CNSPOP,Туркменистан,TM_TURKMENABAT,0.4736
2020,EN_LND_CNSPOP,Туркменистан,TM_TEJEN,-5.3483
2020,EN_LND_CNSPOP,Узбекистан,UZ_QOQON,0.3613
2020,EN_LND_CNSPOP,Узбекистан,UZ_TERMIZ,3.1249
2020,EN_LND_CNSPOP,Туркменистан,TM_SERDAR,2.5088
2020,EN_LND_CNSPOP,Туркменистан,TM_BALKANABAT,-0.209
2020,EN_LND_CNSPOP,Туркменистан,TM_ASHGABAT,0.7597
2020,EN_LND_CNSPOP,Туркменистан,TM_TURKMENBASY,-0.809
2020,EN_LND_CNSPOP,Туркменистан,TM_MARY,1.289
2020,EN_LND_CNSPOP,Туркменистан,TM_BAYRAMALY,0.7266
2020,EN_LND_CNSPOP,Туркменистан,TM_DASOGUZ,0.4265
2010,EN_LND_CNSPOP,Ukraine,UA_MYKOLAIV,-2.5356
2010,EN_LND_CNSPOP,Ukraine,UA_LVIV,-5.91
2010,EN_LND_CNSPOP,Ukraine,UA_RIVNE,-5.0354
2020,EN_LND_CNSPOP,Ukraine,UA_LVIV,-3.9416
2020,EN_LND_CNSPOP,Ukraine,UA_MYKOLAIV,-2.3634
2020,EN_LND_CNSPOP,Ukraine,UA_RIVNE,-4.0761
2010,EN_LND_CNSPOP,United Kingdom of Great Britain and Northern Ireland,GB_HASTINGS,0.7159
2010,EN_LND_CNSPOP,United Kingdom of Great Britain and Northern Ireland,GB_GLASGOW,1.0175
2010,EN_LND_CNSPOP,United Kingdom of Great Britain and Northern Ireland,GB_MANCHESTER,2.9373
2010,EN_LND_CNSPOP,United Kingdom of Great Britain and Northern Ireland,GB_EDINBURGH,0.2616
2010,EN_LND_CNSPOP,United Kingdom of Great Britain and Northern Ireland,GB_COVENTRY,0.4076
2010,EN_LND_CNSPOP,United Kingdom of Great Britain and Northern Ireland,GB_CARLISLE,0.2978
2010,EN_LND_CNSPOP,United Kingdom of Great Britain and Northern Ireland,GB_BANGOR,3.5783
2010,EN_LND_CNSPOP,United Kingdom of Great Britain and Northern Ireland,GB_BASINGSTOKE,0.4951
2010,EN_LND_CNSPOP,United Kingdom of Great Britain and Northern Ireland,GB_BURTON_UPON_TRENT,0.2746
2010,EN_LND_CNSPOP,United Kingdom of Great Britain and Northern Ireland,GB_CAMBRIDGE,0.446
2010,EN_LND_CNSPOP,United Kingdom of Great Britain and Northern Ireland,GB_SCARBOROUGH,1.5627
2010,EN_LND_CNSPOP,United Kingdom of Great Britain and Northern Ireland,GB_NORWICH,0.4605
2010,EN_LND_CNSPOP,United Kingdom of Great Britain and Northern Ireland,GB_OXFORD,0.2219
2020,EN_LND_CNSPOP,United Kingdom of Great Britain and Northern Ireland,GB_HASTINGS,0.8258
2020,EN_LND_CNSPOP,United Kingdom of Great Britain and Northern Ireland,GB_SCARBOROUGH,9.496
2020,EN_LND_CNSPOP,United Kingdom of Great Britain and Northern Ireland,GB_NORWICH,0.6912
2020,EN_LND_CNSPOP,United Kingdom of Great Britain and Northern Ireland,GB_OXFORD,0.6668
2020,EN_LND_CNSPOP,United Kingdom of Great Britain and Northern Ireland,GB_BASINGSTOKE,0.5442
2020,EN_LND_CNSPOP,United Kingdom of Great Britain and Northern Ireland,GB_BANGOR,0.5872
2020,EN_LND_CNSPOP,United Kingdom of Great Britain and Northern Ireland,GB_COVENTRY,0.2957
2020,EN_LND_CNSPOP,United Kingdom of Great Britain and Northern Ireland,GB_CARLISLE,0.7538
2020,EN_LND_CNSPOP,United Kingdom of Great Britain and Northern Ireland,GB_EDINBURGH,0.2442
2020,EN_LND_CNSPOP,United Kingdom of Great Britain and Northern Ireland,GB_GLASGOW,0.8266
2020,EN_LND_CNSPOP,United Kingdom of Great Britain and Northern Ireland,GB_MANCHESTER,2.0802
2020,EN_LND_CNSPOP,United Kingdom of Great Britain and Northern Ireland,GB_CAMBRIDGE,0.8706
2020,EN_LND_CNSPOP,United Kingdom of Great Britain and Northern Ireland,GB_BURTON_UPON_TRENT,0.6311
2020,EN_LND_CNSPOP,United Kingdom of Great Britain and Northern Ireland,GB_BURTON_UPON_TRENT,0.6311
