Year,SeriesCode,Страна ,Value
2000,AG_LND_FRSTBIOPHA,Chile,221.86
2010,AG_LND_FRSTBIOPHA,Chile,219.75
2015,AG_LND_FRSTBIOPHA,Chile,219.42
2016,AG_LND_FRSTBIOPHA,Chile,219.47
2017,AG_LND_FRSTBIOPHA,Chile,219.42
2018,AG_LND_FRSTBIOPHA,Chile,219.37
2019,AG_LND_FRSTBIOPHA,Chile,219.32
2020,AG_LND_FRSTBIOPHA,Chile,219.27
2000,AG_LND_FRSTBIOPHA,China,54.54
2010,AG_LND_FRSTBIOPHA,China,55.72
2015,AG_LND_FRSTBIOPHA,China,60.75
2016,AG_LND_FRSTBIOPHA,China,61.76
2017,AG_LND_FRSTBIOPHA,China,62.52
2018,AG_LND_FRSTBIOPHA,China,63.26
2019,AG_LND_FRSTBIOPHA,China,64.0
2020,AG_LND_FRSTBIOPHA,China,64.72
2000,AG_LND_FRSTBIOPHA,Colombia,184.13
2010,AG_LND_FRSTBIOPHA,Colombia,184.13
2015,AG_LND_FRSTBIOPHA,Colombia,184.13
2016,AG_LND_FRSTBIOPHA,Colombia,184.13
2017,AG_LND_FRSTBIOPHA,Colombia,184.13
2018,AG_LND_FRSTBIOPHA,Colombia,184.13
2019,AG_LND_FRSTBIOPHA,Colombia,184.13
2020,AG_LND_FRSTBIOPHA,Colombia,184.13
2000,AG_LND_FRSTBIOPHA,Costa Rica,196.0
2010,AG_LND_FRSTBIOPHA,Costa Rica,196.0
2015,AG_LND_FRSTBIOPHA,Costa Rica,196.0
2016,AG_LND_FRSTBIOPHA,Costa Rica,196.0
2017,AG_LND_FRSTBIOPHA,Costa Rica,196.0
2018,AG_LND_FRSTBIOPHA,Costa Rica,196.0
2019,AG_LND_FRSTBIOPHA,Costa Rica,196.0
2020,AG_LND_FRSTBIOPHA,Costa Rica,196.0
2000,AG_LND_FRSTBIOPHA,Croatia,169.55
2010,AG_LND_FRSTBIOPHA,Croatia,168.6
2015,AG_LND_FRSTBIOPHA,Croatia,170.53
2016,AG_LND_FRSTBIOPHA,Croatia,171.84
2017,AG_LND_FRSTBIOPHA,Croatia,172.2
2018,AG_LND_FRSTBIOPHA,Croatia,172.75
2019,AG_LND_FRSTBIOPHA,Croatia,173.38
2020,AG_LND_FRSTBIOPHA,Croatia,174.01
2000,AG_LND_FRSTBIOPHA,Cyprus,27.73
2010,AG_LND_FRSTBIOPHA,Cyprus,34.44
2015,AG_LND_FRSTBIOPHA,Cyprus,38.64
2016,AG_LND_FRSTBIOPHA,Cyprus,39.3
2017,AG_LND_FRSTBIOPHA,Cyprus,39.94
2018,AG_LND_FRSTBIOPHA,Cyprus,40.62
2019,AG_LND_FRSTBIOPHA,Cyprus,41.26
2020,AG_LND_FRSTBIOPHA,Cyprus,41.93
2000,AG_LND_FRSTBIOPHA,Czechia,145.14
2010,AG_LND_FRSTBIOPHA,Czechia,156.19
2015,AG_LND_FRSTBIOPHA,Czechia,158.7
2016,AG_LND_FRSTBIOPHA,Czechia,159.4
2017,AG_LND_FRSTBIOPHA,Czechia,160.1
2018,AG_LND_FRSTBIOPHA,Czechia,161.49
2019,AG_LND_FRSTBIOPHA,Czechia,162.36
2020,AG_LND_FRSTBIOPHA,Czechia,163.23
2000,AG_LND_FRSTBIOPHA,Denmark,100.47
2010,AG_LND_FRSTBIOPHA,Denmark,106.86
2015,AG_LND_FRSTBIOPHA,Denmark,112.15
2016,AG_LND_FRSTBIOPHA,Denmark,112.38
2017,AG_LND_FRSTBIOPHA,Denmark,112.58
2018,AG_LND_FRSTBIOPHA,Denmark,112.76
2019,AG_LND_FRSTBIOPHA,Denmark,112.93
2020,AG_LND_FRSTBIOPHA,Denmark,113.1
2000,AG_LND_FRSTBIOPHA,Estonia,109.47
2010,AG_LND_FRSTBIOPHA,Estonia,111.64
2015,AG_LND_FRSTBIOPHA,Estonia,116.14
2016,AG_LND_FRSTBIOPHA,Estonia,116.32
2017,AG_LND_FRSTBIOPHA,Estonia,115.87
2018,AG_LND_FRSTBIOPHA,Estonia,115.87
2019,AG_LND_FRSTBIOPHA,Estonia,115.87
2020,AG_LND_FRSTBIOPHA,Estonia,115.87
2000,AG_LND_FRSTBIOPHA,Australia,85.56
2010,AG_LND_FRSTBIOPHA,Australia,86.36
2015,AG_LND_FRSTBIOPHA,Australia,84.56
2016,AG_LND_FRSTBIOPHA,Australia,83.96
2017,AG_LND_FRSTBIOPHA,Australia,83.97
2018,AG_LND_FRSTBIOPHA,Australia,83.98
2019,AG_LND_FRSTBIOPHA,Australia,83.98
2020,AG_LND_FRSTBIOPHA,Australia,83.98
2000,AG_LND_FRSTBIOPHA,Austria,157.4
2010,AG_LND_FRSTBIOPHA,Austria,164.5
2015,AG_LND_FRSTBIOPHA,Austria,168.4
2016,AG_LND_FRSTBIOPHA,Austria,169.1
2017,AG_LND_FRSTBIOPHA,Austria,169.9
2018,AG_LND_FRSTBIOPHA,Austria,170.7
2019,AG_LND_FRSTBIOPHA,Austria,171.5
2020,AG_LND_FRSTBIOPHA,Austria,172.3
2000,AG_LND_FRSTBIOPHA,Armenia,81.38
2010,AG_LND_FRSTBIOPHA,Armenia,80.06
2015,AG_LND_FRSTBIOPHA,Armenia,80.72
2016,AG_LND_FRSTBIOPHA,Armenia,80.72
2017,AG_LND_FRSTBIOPHA,Armenia,80.72
2018,AG_LND_FRSTBIOPHA,Armenia,80.72
2019,AG_LND_FRSTBIOPHA,Armenia,80.72
2020,AG_LND_FRSTBIOPHA,Armenia,80.72
2000,AG_LND_FRSTBIOPHA,Belgium,148.48
2010,AG_LND_FRSTBIOPHA,Belgium,164.54
2015,AG_LND_FRSTBIOPHA,Belgium,172.3
2016,AG_LND_FRSTBIOPHA,Belgium,172.3
2017,AG_LND_FRSTBIOPHA,Belgium,172.3
2018,AG_LND_FRSTBIOPHA,Belgium,172.3
2019,AG_LND_FRSTBIOPHA,Belgium,172.3
2020,AG_LND_FRSTBIOPHA,Belgium,172.3
2000,AG_LND_FRSTBIOPHA,Bosnia and Herzegovina,156.36
2010,AG_LND_FRSTBIOPHA,Bosnia and Herzegovina,156.36
2015,AG_LND_FRSTBIOPHA,Bosnia and Herzegovina,156.36
2016,AG_LND_FRSTBIOPHA,Bosnia and Herzegovina,156.36
2017,AG_LND_FRSTBIOPHA,Bosnia and Herzegovina,156.36
2018,AG_LND_FRSTBIOPHA,Bosnia and Herzegovina,156.36
2019,AG_LND_FRSTBIOPHA,Bosnia and Herzegovina,156.36
2020,AG_LND_FRSTBIOPHA,Bosnia and Herzegovina,156.36
2000,AG_LND_FRSTBIOPHA,Bulgaria,139.9
2010,AG_LND_FRSTBIOPHA,Bulgaria,157.63
2015,AG_LND_FRSTBIOPHA,Bulgaria,161.84
2016,AG_LND_FRSTBIOPHA,Bulgaria,165.25
2017,AG_LND_FRSTBIOPHA,Bulgaria,169.14
2018,AG_LND_FRSTBIOPHA,Bulgaria,172.87
2019,AG_LND_FRSTBIOPHA,Bulgaria,176.68
2020,AG_LND_FRSTBIOPHA,Bulgaria,180.5
2000,AG_LND_FRSTBIOPHA,Belarus,114.6
2010,AG_LND_FRSTBIOPHA,Belarus,135.8
2015,AG_LND_FRSTBIOPHA,Belarus,146.8
2016,AG_LND_FRSTBIOPHA,Belarus,148.8
2017,AG_LND_FRSTBIOPHA,Belarus,150.8
2018,AG_LND_FRSTBIOPHA,Belarus,152.3
2019,AG_LND_FRSTBIOPHA,Belarus,154.6
2020,AG_LND_FRSTBIOPHA,Belarus,156.1
2000,AG_LND_FRSTBIOPHA,Canada,94.64
2010,AG_LND_FRSTBIOPHA,Canada,91.16
2000,AG_LND_FRSTBIOPHA,Finland,49.14
2010,AG_LND_FRSTBIOPHA,Finland,53.64
2015,AG_LND_FRSTBIOPHA,Finland,59.77
2016,AG_LND_FRSTBIOPHA,Finland,59.77
2017,AG_LND_FRSTBIOPHA,Finland,59.77
2018,AG_LND_FRSTBIOPHA,Finland,59.77
2019,AG_LND_FRSTBIOPHA,Finland,59.77
2020,AG_LND_FRSTBIOPHA,Finland,59.77
2000,AG_LND_FRSTBIOPHA,France,112.3
2010,AG_LND_FRSTBIOPHA,France,124.0
2015,AG_LND_FRSTBIOPHA,France,129.6
2016,AG_LND_FRSTBIOPHA,France,130.9
2017,AG_LND_FRSTBIOPHA,France,132.1
2018,AG_LND_FRSTBIOPHA,France,133.2
2019,AG_LND_FRSTBIOPHA,France,134.3
2020,AG_LND_FRSTBIOPHA,France,135.5
2000,AG_LND_FRSTBIOPHA,Georgia,116.5
2010,AG_LND_FRSTBIOPHA,Georgia,119.34
2015,AG_LND_FRSTBIOPHA,Georgia,119.34
2016,AG_LND_FRSTBIOPHA,Georgia,119.34
2017,AG_LND_FRSTBIOPHA,Georgia,119.34
2018,AG_LND_FRSTBIOPHA,Georgia,119.34
2019,AG_LND_FRSTBIOPHA,Georgia,119.34
2020,AG_LND_FRSTBIOPHA,Georgia,119.34
2000,AG_LND_FRSTBIOPHA,Germany,158.17
2010,AG_LND_FRSTBIOPHA,Germany,169.02
2015,AG_LND_FRSTBIOPHA,Germany,177.01
2016,AG_LND_FRSTBIOPHA,Germany,178.63
2017,AG_LND_FRSTBIOPHA,Germany,180.26
2018,AG_LND_FRSTBIOPHA,Germany,181.89
2019,AG_LND_FRSTBIOPHA,Germany,183.52
2020,AG_LND_FRSTBIOPHA,Germany,185.14
2000,AG_LND_FRSTBIOPHA,Greece,34.11
2010,AG_LND_FRSTBIOPHA,Greece,34.24
2015,AG_LND_FRSTBIOPHA,Greece,34.24
2016,AG_LND_FRSTBIOPHA,Greece,34.24
2017,AG_LND_FRSTBIOPHA,Greece,34.24
2018,AG_LND_FRSTBIOPHA,Greece,34.24
2019,AG_LND_FRSTBIOPHA,Greece,34.24
2020,AG_LND_FRSTBIOPHA,Greece,34.24
2000,AG_LND_FRSTBIOPHA,Hungary,99.42
2010,AG_LND_FRSTBIOPHA,Hungary,100.85
2015,AG_LND_FRSTBIOPHA,Hungary,104.92
2016,AG_LND_FRSTBIOPHA,Hungary,105.98
2017,AG_LND_FRSTBIOPHA,Hungary,107.06
2018,AG_LND_FRSTBIOPHA,Hungary,107.75
2019,AG_LND_FRSTBIOPHA,Hungary,108.62
2020,AG_LND_FRSTBIOPHA,Hungary,109.49
2000,AG_LND_FRSTBIOPHA,Iceland,14.19
2010,AG_LND_FRSTBIOPHA,Iceland,15.63
2015,AG_LND_FRSTBIOPHA,Iceland,19.86
2016,AG_LND_FRSTBIOPHA,Iceland,20.72
2017,AG_LND_FRSTBIOPHA,Iceland,21.46
2018,AG_LND_FRSTBIOPHA,Iceland,22.21
2019,AG_LND_FRSTBIOPHA,Iceland,22.94
2020,AG_LND_FRSTBIOPHA,Iceland,23.66
2000,AG_LND_FRSTBIOPHA,India,69.78
2010,AG_LND_FRSTBIOPHA,India,67.61
2015,AG_LND_FRSTBIOPHA,India,68.7
2016,AG_LND_FRSTBIOPHA,India,68.7
2017,AG_LND_FRSTBIOPHA,India,68.7
2018,AG_LND_FRSTBIOPHA,India,68.7
2019,AG_LND_FRSTBIOPHA,India,68.7
2020,AG_LND_FRSTBIOPHA,India,68.7
2000,AG_LND_FRSTBIOPHA,Ireland,89.19
2010,AG_LND_FRSTBIOPHA,Ireland,98.21
2015,AG_LND_FRSTBIOPHA,Ireland,103.91
2016,AG_LND_FRSTBIOPHA,Ireland,105.55
2017,AG_LND_FRSTBIOPHA,Ireland,105.9
2018,AG_LND_FRSTBIOPHA,Ireland,107.47
2019,AG_LND_FRSTBIOPHA,Ireland,109.74
2020,AG_LND_FRSTBIOPHA,Ireland,111.64
2000,AG_LND_FRSTBIOPHA,Israel,7.3
2010,AG_LND_FRSTBIOPHA,Israel,7.5
2015,AG_LND_FRSTBIOPHA,Israel,7.69
2016,AG_LND_FRSTBIOPHA,Israel,7.69
2017,AG_LND_FRSTBIOPHA,Israel,7.69
2018,AG_LND_FRSTBIOPHA,Israel,7.69
2019,AG_LND_FRSTBIOPHA,Israel,7.69
2020,AG_LND_FRSTBIOPHA,Israel,7.69
2000,AG_LND_FRSTBIOPHA,Italy,95.2
2010,AG_LND_FRSTBIOPHA,Italy,105.3
2015,AG_LND_FRSTBIOPHA,Italy,110.6
2016,AG_LND_FRSTBIOPHA,Italy,110.6
2017,AG_LND_FRSTBIOPHA,Italy,110.6
2018,AG_LND_FRSTBIOPHA,Italy,110.6
2019,AG_LND_FRSTBIOPHA,Italy,110.6
2020,AG_LND_FRSTBIOPHA,Italy,110.6
2000,AG_LND_FRSTBIOPHA,Japan,89.0
2010,AG_LND_FRSTBIOPHA,Japan,105.0
2015,AG_LND_FRSTBIOPHA,Japan,111.0
2016,AG_LND_FRSTBIOPHA,Japan,112.0
2017,AG_LND_FRSTBIOPHA,Japan,113.0
2018,AG_LND_FRSTBIOPHA,Japan,113.0
2019,AG_LND_FRSTBIOPHA,Japan,113.0
2020,AG_LND_FRSTBIOPHA,Japan,113.0
2000,AG_LND_FRSTBIOPHA,Казахстан,78.94
2010,AG_LND_FRSTBIOPHA,Казахстан,83.06
2015,AG_LND_FRSTBIOPHA,Казахстан,84.08
2016,AG_LND_FRSTBIOPHA,Казахстан,83.34
2017,AG_LND_FRSTBIOPHA,Казахстан,82.62
2018,AG_LND_FRSTBIOPHA,Казахстан,83.89
2019,AG_LND_FRSTBIOPHA,Казахстан,83.17
2020,AG_LND_FRSTBIOPHA,Казахстан,82.47
2000,AG_LND_FRSTBIOPHA,Republic of Korea,58.68
2010,AG_LND_FRSTBIOPHA,Republic of Korea,98.4
2015,AG_LND_FRSTBIOPHA,Republic of Korea,115.7
2016,AG_LND_FRSTBIOPHA,Republic of Korea,119.04
2017,AG_LND_FRSTBIOPHA,Republic of Korea,122.31
2018,AG_LND_FRSTBIOPHA,Republic of Korea,125.51
2019,AG_LND_FRSTBIOPHA,Republic of Korea,128.63
2020,AG_LND_FRSTBIOPHA,Republic of Korea,131.69
2000,AG_LND_FRSTBIOPHA,Кыргызстан,44.93
2010,AG_LND_FRSTBIOPHA,Кыргызстан,46.02
2015,AG_LND_FRSTBIOPHA,Кыргызстан,46.49
2016,AG_LND_FRSTBIOPHA,Кыргызстан,47.25
2017,AG_LND_FRSTBIOPHA,Кыргызстан,47.89
2018,AG_LND_FRSTBIOPHA,Кыргызстан,48.42
2019,AG_LND_FRSTBIOPHA,Кыргызстан,49.04
2020,AG_LND_FRSTBIOPHA,Кыргызстан,49.66
2000,AG_LND_FRSTBIOPHA,Latvia,107.7
2010,AG_LND_FRSTBIOPHA,Latvia,123.34
2015,AG_LND_FRSTBIOPHA,Latvia,125.73
2016,AG_LND_FRSTBIOPHA,Latvia,126.23
2017,AG_LND_FRSTBIOPHA,Latvia,126.7
2018,AG_LND_FRSTBIOPHA,Latvia,127.18
2019,AG_LND_FRSTBIOPHA,Latvia,127.65
2020,AG_LND_FRSTBIOPHA,Latvia,128.13
2000,AG_LND_FRSTBIOPHA,Liechtenstein,263.7
2010,AG_LND_FRSTBIOPHA,Liechtenstein,242.41
2015,AG_LND_FRSTBIOPHA,Liechtenstein,242.41
2016,AG_LND_FRSTBIOPHA,Liechtenstein,242.41
2017,AG_LND_FRSTBIOPHA,Liechtenstein,242.41
2018,AG_LND_FRSTBIOPHA,Liechtenstein,242.41
2019,AG_LND_FRSTBIOPHA,Liechtenstein,242.41
2020,AG_LND_FRSTBIOPHA,Liechtenstein,242.41
2000,AG_LND_FRSTBIOPHA,Lithuania,117.4
2010,AG_LND_FRSTBIOPHA,Lithuania,118.9
2015,AG_LND_FRSTBIOPHA,Lithuania,129.4
2016,AG_LND_FRSTBIOPHA,Lithuania,130.6
2017,AG_LND_FRSTBIOPHA,Lithuania,131.2
2018,AG_LND_FRSTBIOPHA,Lithuania,132.1
2019,AG_LND_FRSTBIOPHA,Lithuania,132.9
2020,AG_LND_FRSTBIOPHA,Lithuania,133.9
2000,AG_LND_FRSTBIOPHA,Luxembourg,146.36
2010,AG_LND_FRSTBIOPHA,Luxembourg,166.46
2015,AG_LND_FRSTBIOPHA,Luxembourg,173.08
2016,AG_LND_FRSTBIOPHA,Luxembourg,172.84
2017,AG_LND_FRSTBIOPHA,Luxembourg,174.7
2018,AG_LND_FRSTBIOPHA,Luxembourg,176.52
2019,AG_LND_FRSTBIOPHA,Luxembourg,178.35
2020,AG_LND_FRSTBIOPHA,Luxembourg,180.7
2000,AG_LND_FRSTBIOPHA,Mexico,46.69
2010,AG_LND_FRSTBIOPHA,Mexico,52.44
2015,AG_LND_FRSTBIOPHA,Mexico,52.44
2016,AG_LND_FRSTBIOPHA,Mexico,52.44
2017,AG_LND_FRSTBIOPHA,Mexico,52.44
2018,AG_LND_FRSTBIOPHA,Mexico,52.44
2019,AG_LND_FRSTBIOPHA,Mexico,52.44
2020,AG_LND_FRSTBIOPHA,Mexico,52.44
2000,AG_LND_FRSTBIOPHA,Republic of Moldova,88.61
2010,AG_LND_FRSTBIOPHA,Republic of Moldova,93.37
2015,AG_LND_FRSTBIOPHA,Republic of Moldova,93.37
2016,AG_LND_FRSTBIOPHA,Republic of Moldova,93.36
2017,AG_LND_FRSTBIOPHA,Republic of Moldova,93.36
2018,AG_LND_FRSTBIOPHA,Republic of Moldova,93.36
2019,AG_LND_FRSTBIOPHA,Republic of Moldova,93.63
2020,AG_LND_FRSTBIOPHA,Republic of Moldova,93.36
2000,AG_LND_FRSTBIOPHA,Montenegro,96.87
2010,AG_LND_FRSTBIOPHA,Montenegro,96.87
2015,AG_LND_FRSTBIOPHA,Montenegro,96.87
2016,AG_LND_FRSTBIOPHA,Montenegro,96.87
2017,AG_LND_FRSTBIOPHA,Montenegro,96.87
2018,AG_LND_FRSTBIOPHA,Montenegro,96.87
2019,AG_LND_FRSTBIOPHA,Montenegro,96.87
2020,AG_LND_FRSTBIOPHA,Montenegro,96.87
2000,AG_LND_FRSTBIOPHA,Netherlands (Kingdom of the),40.0
2010,AG_LND_FRSTBIOPHA,Netherlands (Kingdom of the),48.0
2015,AG_LND_FRSTBIOPHA,Netherlands (Kingdom of the),52.65
2016,AG_LND_FRSTBIOPHA,Netherlands (Kingdom of the),53.14
2017,AG_LND_FRSTBIOPHA,Netherlands (Kingdom of the),53.63
2018,AG_LND_FRSTBIOPHA,Netherlands (Kingdom of the),54.13
2019,AG_LND_FRSTBIOPHA,Netherlands (Kingdom of the),54.63
2020,AG_LND_FRSTBIOPHA,Netherlands (Kingdom of the),55.13
2000,AG_LND_FRSTBIOPHA,New Zealand,278.38
2010,AG_LND_FRSTBIOPHA,New Zealand,289.32
2015,AG_LND_FRSTBIOPHA,New Zealand,293.4
2016,AG_LND_FRSTBIOPHA,New Zealand,294.15
2017,AG_LND_FRSTBIOPHA,New Zealand,294.49
2018,AG_LND_FRSTBIOPHA,New Zealand,295.02
2019,AG_LND_FRSTBIOPHA,New Zealand,295.23
2020,AG_LND_FRSTBIOPHA,New Zealand,294.65
2000,AG_LND_FRSTBIOPHA,Norway,48.45
2010,AG_LND_FRSTBIOPHA,Norway,57.17
2015,AG_LND_FRSTBIOPHA,Norway,60.68
2016,AG_LND_FRSTBIOPHA,Norway,61.38
2017,AG_LND_FRSTBIOPHA,Norway,62.07
2018,AG_LND_FRSTBIOPHA,Norway,62.77
2019,AG_LND_FRSTBIOPHA,Norway,63.46
2020,AG_LND_FRSTBIOPHA,Norway,64.16
2000,AG_LND_FRSTBIOPHA,Poland,107.0
2010,AG_LND_FRSTBIOPHA,Poland,146.0
2015,AG_LND_FRSTBIOPHA,Poland,155.0
2016,AG_LND_FRSTBIOPHA,Poland,157.0
2017,AG_LND_FRSTBIOPHA,Poland,159.0
2018,AG_LND_FRSTBIOPHA,Poland,162.0
2019,AG_LND_FRSTBIOPHA,Poland,164.0
2020,AG_LND_FRSTBIOPHA,Poland,166.0
2000,AG_LND_FRSTBIOPHA,Portugal,41.03
2010,AG_LND_FRSTBIOPHA,Portugal,41.03
2015,AG_LND_FRSTBIOPHA,Portugal,40.91
2016,AG_LND_FRSTBIOPHA,Portugal,40.91
2017,AG_LND_FRSTBIOPHA,Portugal,40.91
2018,AG_LND_FRSTBIOPHA,Portugal,40.91
2019,AG_LND_FRSTBIOPHA,Portugal,40.91
2020,AG_LND_FRSTBIOPHA,Portugal,40.91
2000,AG_LND_FRSTBIOPHA,Romania,107.0
2010,AG_LND_FRSTBIOPHA,Romania,107.0
2015,AG_LND_FRSTBIOPHA,Romania,200.12
2016,AG_LND_FRSTBIOPHA,Romania,207.5
2017,AG_LND_FRSTBIOPHA,Romania,207.5
2018,AG_LND_FRSTBIOPHA,Romania,207.5
2019,AG_LND_FRSTBIOPHA,Romania,207.5
2020,AG_LND_FRSTBIOPHA,Romania,207.5
2000,AG_LND_FRSTBIOPHA,Serbia,103.05
2010,AG_LND_FRSTBIOPHA,Serbia,154.8
2015,AG_LND_FRSTBIOPHA,Serbia,156.89
2016,AG_LND_FRSTBIOPHA,Serbia,156.94
2017,AG_LND_FRSTBIOPHA,Serbia,156.6
2018,AG_LND_FRSTBIOPHA,Serbia,156.74
2019,AG_LND_FRSTBIOPHA,Serbia,156.87
2020,AG_LND_FRSTBIOPHA,Serbia,156.99
2000,AG_LND_FRSTBIOPHA,Slovakia,142.11
2010,AG_LND_FRSTBIOPHA,Slovakia,161.2
2015,AG_LND_FRSTBIOPHA,Slovakia,170.15
2016,AG_LND_FRSTBIOPHA,Slovakia,171.12
2017,AG_LND_FRSTBIOPHA,Slovakia,171.11
2018,AG_LND_FRSTBIOPHA,Slovakia,171.11
2019,AG_LND_FRSTBIOPHA,Slovakia,171.11
2020,AG_LND_FRSTBIOPHA,Slovakia,171.11
2000,AG_LND_FRSTBIOPHA,Viet Nam,73.95
2010,AG_LND_FRSTBIOPHA,Viet Nam,60.79
2015,AG_LND_FRSTBIOPHA,Viet Nam,62.46
2016,AG_LND_FRSTBIOPHA,Viet Nam,62.06
2017,AG_LND_FRSTBIOPHA,Viet Nam,62.97
2018,AG_LND_FRSTBIOPHA,Viet Nam,62.88
2019,AG_LND_FRSTBIOPHA,Viet Nam,62.63
2020,AG_LND_FRSTBIOPHA,Viet Nam,62.71
2000,AG_LND_FRSTBIOPHA,Slovenia,204.23
2010,AG_LND_FRSTBIOPHA,Slovenia,246.35
2015,AG_LND_FRSTBIOPHA,Slovenia,251.43
2016,AG_LND_FRSTBIOPHA,Slovenia,251.48
2017,AG_LND_FRSTBIOPHA,Slovenia,251.65
2018,AG_LND_FRSTBIOPHA,Slovenia,250.65
2019,AG_LND_FRSTBIOPHA,Slovenia,252.03
2020,AG_LND_FRSTBIOPHA,Slovenia,253.1
2000,AG_LND_FRSTBIOPHA,Spain,53.49
2010,AG_LND_FRSTBIOPHA,Spain,53.49
2015,AG_LND_FRSTBIOPHA,Spain,54.4
2016,AG_LND_FRSTBIOPHA,Spain,55.68
2017,AG_LND_FRSTBIOPHA,Spain,55.85
2018,AG_LND_FRSTBIOPHA,Spain,55.86
2019,AG_LND_FRSTBIOPHA,Spain,55.87
2020,AG_LND_FRSTBIOPHA,Spain,55.87
2000,AG_LND_FRSTBIOPHA,Sweden,66.42
2010,AG_LND_FRSTBIOPHA,Sweden,68.74
2015,AG_LND_FRSTBIOPHA,Sweden,70.96
2016,AG_LND_FRSTBIOPHA,Sweden,71.26
2017,AG_LND_FRSTBIOPHA,Sweden,71.56
2018,AG_LND_FRSTBIOPHA,Sweden,71.86
2019,AG_LND_FRSTBIOPHA,Sweden,72.17
2020,AG_LND_FRSTBIOPHA,Sweden,72.47
2000,AG_LND_FRSTBIOPHA,Switzerland,185.6
2010,AG_LND_FRSTBIOPHA,Switzerland,189.33
2015,AG_LND_FRSTBIOPHA,Switzerland,191.2
2016,AG_LND_FRSTBIOPHA,Switzerland,191.57
2017,AG_LND_FRSTBIOPHA,Switzerland,191.94
2018,AG_LND_FRSTBIOPHA,Switzerland,192.31
2019,AG_LND_FRSTBIOPHA,Switzerland,192.69
2020,AG_LND_FRSTBIOPHA,Switzerland,193.06
2000,AG_LND_FRSTBIOPHA,United Arab Emirates,74.35
2010,AG_LND_FRSTBIOPHA,United Arab Emirates,74.31
2015,AG_LND_FRSTBIOPHA,United Arab Emirates,74.43
2016,AG_LND_FRSTBIOPHA,United Arab Emirates,74.43
2017,AG_LND_FRSTBIOPHA,United Arab Emirates,74.43
2018,AG_LND_FRSTBIOPHA,United Arab Emirates,74.43
2019,AG_LND_FRSTBIOPHA,United Arab Emirates,74.43
2020,AG_LND_FRSTBIOPHA,United Arab Emirates,74.43
2000,AG_LND_FRSTBIOPHA,Türkiye,36.58
2010,AG_LND_FRSTBIOPHA,Türkiye,41.57
2015,AG_LND_FRSTBIOPHA,Türkiye,45.7
2016,AG_LND_FRSTBIOPHA,Türkiye,48.11
2017,AG_LND_FRSTBIOPHA,Türkiye,48.11
2018,AG_LND_FRSTBIOPHA,Türkiye,48.11
2019,AG_LND_FRSTBIOPHA,Türkiye,48.11
2020,AG_LND_FRSTBIOPHA,Türkiye,48.11
2000,AG_LND_FRSTBIOPHA,Туркменистан,4.09
2010,AG_LND_FRSTBIOPHA,Туркменистан,4.24
2015,AG_LND_FRSTBIOPHA,Туркменистан,4.24
2016,AG_LND_FRSTBIOPHA,Туркменистан,4.24
2017,AG_LND_FRSTBIOPHA,Туркменистан,4.24
2018,AG_LND_FRSTBIOPHA,Туркменистан,4.24
2019,AG_LND_FRSTBIOPHA,Туркменистан,4.24
2020,AG_LND_FRSTBIOPHA,Туркменистан,4.24
2000,AG_LND_FRSTBIOPHA,Ukraine,114.0
2010,AG_LND_FRSTBIOPHA,Ukraine,131.0
2015,AG_LND_FRSTBIOPHA,Ukraine,135.0
2016,AG_LND_FRSTBIOPHA,Ukraine,137.0
2017,AG_LND_FRSTBIOPHA,Ukraine,138.0
2018,AG_LND_FRSTBIOPHA,Ukraine,138.0
2019,AG_LND_FRSTBIOPHA,Ukraine,139.0
2020,AG_LND_FRSTBIOPHA,Ukraine,140.0
2000,AG_LND_FRSTBIOPHA,North Macedonia,76.95
2010,AG_LND_FRSTBIOPHA,North Macedonia,74.33
2015,AG_LND_FRSTBIOPHA,North Macedonia,72.09
2016,AG_LND_FRSTBIOPHA,North Macedonia,71.63
2017,AG_LND_FRSTBIOPHA,North Macedonia,71.64
2018,AG_LND_FRSTBIOPHA,North Macedonia,71.64
2019,AG_LND_FRSTBIOPHA,North Macedonia,71.64
2020,AG_LND_FRSTBIOPHA,North Macedonia,71.64
2000,AG_LND_FRSTBIOPHA,United Kingdom of Great Britain and Northern Ireland,89.0
2010,AG_LND_FRSTBIOPHA,United Kingdom of Great Britain and Northern Ireland,104.0
2015,AG_LND_FRSTBIOPHA,United Kingdom of Great Britain and Northern Ireland,109.0
2016,AG_LND_FRSTBIOPHA,United Kingdom of Great Britain and Northern Ireland,110.0
2017,AG_LND_FRSTBIOPHA,United Kingdom of Great Britain and Northern Ireland,112.0
2018,AG_LND_FRSTBIOPHA,United Kingdom of Great Britain and Northern Ireland,113.0
2019,AG_LND_FRSTBIOPHA,United Kingdom of Great Britain and Northern Ireland,114.0
2020,AG_LND_FRSTBIOPHA,United Kingdom of Great Britain and Northern Ireland,115.0
2000,AG_LND_FRSTBIOPHA,Узбекистан,39.89
2010,AG_LND_FRSTBIOPHA,Узбекистан,49.74
2015,AG_LND_FRSTBIOPHA,Узбекистан,48.18
2016,AG_LND_FRSTBIOPHA,Узбекистан,48.18
2015,AG_LND_FRSTBIOPHA,Canada,90.49
2016,AG_LND_FRSTBIOPHA,Canada,90.43
2017,AG_LND_FRSTBIOPHA,Canada,90.43
2018,AG_LND_FRSTBIOPHA,Canada,90.43
2019,AG_LND_FRSTBIOPHA,Canada,90.43
2020,AG_LND_FRSTBIOPHA,Canada,90.43
2017,AG_LND_FRSTBIOPHA,Узбекистан,48.18
2018,AG_LND_FRSTBIOPHA,Узбекистан,48.18
2019,AG_LND_FRSTBIOPHA,Узбекистан,48.18
2020,AG_LND_FRSTBIOPHA,Узбекистан,48.18
2020,AG_LND_FRSTBIOPHA,Узбекистан,48.18
