Year,SeriesCode,Страна ,Education level,Type of skill,Value
2007,SE_TOT_SESPI,Sweden,PRIMAR,SKILL_MATH,0.60363
2009,SE_TOT_SESPI,Sweden,LOWSEC,SKILL_READ,0.729
2009,SE_TOT_SESPI,Sweden,LOWSEC,SKILL_MATH,0.65853
2011,SE_TOT_SESPI,Sweden,PRIMAR,SKILL_READ,0.93956
2011,SE_TOT_SESPI,Sweden,PRIMAR,SKILL_MATH,0.6122
2012,SE_TOT_SESPI,Sweden,LOWSEC,SKILL_READ,0.72093
2012,SE_TOT_SESPI,Sweden,LOWSEC,SKILL_MATH,0.66781
2015,SE_TOT_SESPI,Sweden,LOWSEC,SKILL_MATH,0.72731
2015,SE_TOT_SESPI,Sweden,LOWSEC,SKILL_READ,0.78261
2015,SE_TOT_SESPI,Sweden,PRIMAR,SKILL_MATH,0.62739
2016,SE_TOT_SESPI,Sweden,PRIMAR,SKILL_READ,0.92927
2018,SE_TOT_SESPI,Sweden,LOWSEC,SKILL_READ,0.77481
2018,SE_TOT_SESPI,Sweden,LOWSEC,SKILL_MATH,0.72953
2019,SE_TOT_SESPI,Sweden,PRIMAR,SKILL_MATH,0.66138
2015,SE_TOT_SESPI,Switzerland,LOWSEC,SKILL_MATH,0.77501
2015,SE_TOT_SESPI,Switzerland,LOWSEC,SKILL_READ,0.72991
2018,SE_TOT_SESPI,Switzerland,LOWSEC,SKILL_READ,0.67816
2018,SE_TOT_SESPI,Switzerland,LOWSEC,SKILL_MATH,0.75679
2009,SE_TOT_SESPI,United Arab Emirates,LOWSEC,SKILL_READ,0.51582
2011,SE_TOT_SESPI,United Arab Emirates,PRIMAR,SKILL_READ,0.7953
2011,SE_TOT_SESPI,United Arab Emirates,LOWSEC,SKILL_MATH,0.78868
2011,SE_TOT_SESPI,United Arab Emirates,PRIMAR,SKILL_MATH,0.70822
2012,SE_TOT_SESPI,United Arab Emirates,LOWSEC,SKILL_READ,0.63282
2015,SE_TOT_SESPI,United Arab Emirates,LOWSEC,SKILL_READ,0.65727
2015,SE_TOT_SESPI,United Arab Emirates,LOWSEC,SKILL_MATH,0.58084
2015,SE_TOT_SESPI,United Arab Emirates,PRIMAR,SKILL_MATH,0.51319
2016,SE_TOT_SESPI,United Arab Emirates,PRIMAR,SKILL_READ,0.7997
2018,SE_TOT_SESPI,United Arab Emirates,LOWSEC,SKILL_READ,0.48379
2019,SE_TOT_SESPI,United Arab Emirates,LOWSEC,SKILL_MATH,0.87794
2019,SE_TOT_SESPI,United Arab Emirates,PRIMAR,SKILL_MATH,0.95044
2001,SE_TOT_SESPI,Türkiye,PRIMAR,SKILL_READ,0.77588
2003,SE_TOT_SESPI,Türkiye,LOWSEC,SKILL_READ,0.51787
2006,SE_TOT_SESPI,Türkiye,LOWSEC,SKILL_READ,0.64661
2007,SE_TOT_SESPI,Türkiye,LOWSEC,SKILL_MATH,0.38256
2009,SE_TOT_SESPI,Türkiye,LOWSEC,SKILL_READ,0.61079
2011,SE_TOT_SESPI,Türkiye,LOWSEC,SKILL_MATH,0.52614
2011,SE_TOT_SESPI,Türkiye,PRIMAR,SKILL_MATH,0.62322
2012,SE_TOT_SESPI,Türkiye,LOWSEC,SKILL_READ,0.73061
2015,SE_TOT_SESPI,Türkiye,LOWSEC,SKILL_READ,0.62478
2015,SE_TOT_SESPI,Türkiye,PRIMAR,SKILL_MATH,0.62633
2015,SE_TOT_SESPI,Türkiye,LOWSEC,SKILL_MATH,0.52312
2018,SE_TOT_SESPI,Türkiye,LOWSEC,SKILL_READ,0.71259
2019,SE_TOT_SESPI,Türkiye,LOWSEC,SKILL_MATH,0.64676
2019,SE_TOT_SESPI,Türkiye,PRIMAR,SKILL_MATH,0.78426
2007,SE_TOT_SESPI,Ukraine,PRIMAR,SKILL_MATH,0.90102
2018,SE_TOT_SESPI,Ukraine,LOWSEC,SKILL_READ,0.63149
2000,SE_TOT_SESPI,North Macedonia,LOWSEC,SKILL_READ,0.26378
2000,SE_TOT_SESPI,North Macedonia,LOWSEC,SKILL_MATH,0.28723
2001,SE_TOT_SESPI,North Macedonia,PRIMAR,SKILL_READ,0.75648
2006,SE_TOT_SESPI,North Macedonia,PRIMAR,SKILL_READ,0.73666
2015,SE_TOT_SESPI,North Macedonia,LOWSEC,SKILL_READ,0.45918
2015,SE_TOT_SESPI,North Macedonia,LOWSEC,SKILL_MATH,0.3957
2018,SE_TOT_SESPI,North Macedonia,LOWSEC,SKILL_READ,0.45112
2018,SE_TOT_SESPI,North Macedonia,LOWSEC,SKILL_MATH,0.3883
2019,SE_TOT_SESPI,North Macedonia,PRIMAR,SKILL_MATH,0.60386
2015,SE_TOT_SESPI,United Kingdom of Great Britain and Northern Ireland,LOWSEC,SKILL_MATH,0.75151
2000,SE_TOT_SESPI,Albania,LOWSEC,SKILL_READ,0.27339
2000,SE_TOT_SESPI,Albania,LOWSEC,SKILL_MATH,0.41048
2009,SE_TOT_SESPI,Albania,LOWSEC,SKILL_MATH,0.37906
2009,SE_TOT_SESPI,Albania,LOWSEC,SKILL_READ,0.41353
2012,SE_TOT_SESPI,Albania,LOWSEC,SKILL_READ,1.03566
2012,SE_TOT_SESPI,Albania,LOWSEC,SKILL_MATH,1.03127
2018,SE_TOT_SESPI,Albania,LOWSEC,SKILL_MATH,0.74998
2018,SE_TOT_SESPI,Albania,LOWSEC,SKILL_READ,0.50815
2019,SE_TOT_SESPI,Albania,PRIMAR,SKILL_MATH,0.70848
2011,SE_TOT_SESPI,Azerbaijan,PRIMAR,SKILL_READ,1.02502
2016,SE_TOT_SESPI,Azerbaijan,PRIMAR,SKILL_READ,0.90271
2019,SE_TOT_SESPI,Azerbaijan,PRIMAR,SKILL_MATH,1.06767
2000,SE_TOT_SESPI,Australia,LOWSEC,SKILL_MATH,0.81026
2000,SE_TOT_SESPI,Australia,LOWSEC,SKILL_READ,0.79579
2003,SE_TOT_SESPI,Australia,LOWSEC,SKILL_MATH,0.75666
2003,SE_TOT_SESPI,Australia,LOWSEC,SKILL_READ,0.80484
2003,SE_TOT_SESPI,Australia,GRAD23,SKILL_MATH,0.53046
2003,SE_TOT_SESPI,Australia,PRIMAR,SKILL_MATH,0.64717
2006,SE_TOT_SESPI,Australia,LOWSEC,SKILL_READ,0.78708
2006,SE_TOT_SESPI,Australia,LOWSEC,SKILL_MATH,0.78637
2007,SE_TOT_SESPI,Australia,GRAD23,SKILL_MATH,0.61851
2007,SE_TOT_SESPI,Australia,PRIMAR,SKILL_MATH,0.44465
2009,SE_TOT_SESPI,Australia,LOWSEC,SKILL_READ,0.76681
2009,SE_TOT_SESPI,Australia,LOWSEC,SKILL_MATH,0.73632
2011,SE_TOT_SESPI,Australia,GRAD23,SKILL_READ,0.85939
2011,SE_TOT_SESPI,Australia,GRAD23,SKILL_MATH,0.60307
2011,SE_TOT_SESPI,Australia,PRIMAR,SKILL_MATH,0.53759
2012,SE_TOT_SESPI,Australia,LOWSEC,SKILL_READ,0.78716
2012,SE_TOT_SESPI,Australia,LOWSEC,SKILL_MATH,0.69917
2015,SE_TOT_SESPI,Australia,GRAD23,SKILL_MATH,0.54698
2015,SE_TOT_SESPI,Australia,PRIMAR,SKILL_MATH,0.52346
2015,SE_TOT_SESPI,Australia,LOWSEC,SKILL_MATH,0.70889
2015,SE_TOT_SESPI,Australia,LOWSEC,SKILL_READ,0.76018
2016,SE_TOT_SESPI,Australia,GRAD23,SKILL_READ,0.89103
2018,SE_TOT_SESPI,Australia,LOWSEC,SKILL_READ,0.76186
2018,SE_TOT_SESPI,Australia,LOWSEC,SKILL_MATH,0.71435
2019,SE_TOT_SESPI,Australia,GRAD23,SKILL_MATH,0.57235
2019,SE_TOT_SESPI,Australia,PRIMAR,SKILL_MATH,0.53977
2000,SE_TOT_SESPI,Austria,LOWSEC,SKILL_READ,0.71508
2000,SE_TOT_SESPI,Austria,LOWSEC,SKILL_MATH,0.71906
2003,SE_TOT_SESPI,Austria,LOWSEC,SKILL_MATH,0.69172
2003,SE_TOT_SESPI,Austria,LOWSEC,SKILL_READ,0.63342
2006,SE_TOT_SESPI,Austria,LOWSEC,SKILL_READ,0.66346
2006,SE_TOT_SESPI,Austria,LOWSEC,SKILL_MATH,0.66862
2006,SE_TOT_SESPI,Austria,PRIMAR,SKILL_READ,0.91625
2009,SE_TOT_SESPI,Austria,LOWSEC,SKILL_MATH,0.62775
2009,SE_TOT_SESPI,Austria,LOWSEC,SKILL_READ,0.55399
2011,SE_TOT_SESPI,Austria,PRIMAR,SKILL_READ,0.92638
2015,SE_TOT_SESPI,Austria,LOWSEC,SKILL_READ,0.6978
2015,SE_TOT_SESPI,Austria,LOWSEC,SKILL_MATH,0.69739
2016,SE_TOT_SESPI,Austria,PRIMAR,SKILL_READ,0.92086
2018,SE_TOT_SESPI,Austria,LOWSEC,SKILL_MATH,0.70036
2018,SE_TOT_SESPI,Austria,LOWSEC,SKILL_READ,0.70467
2019,SE_TOT_SESPI,Austria,PRIMAR,SKILL_MATH,0.77291
2003,SE_TOT_SESPI,Armenia,LOWSEC,SKILL_MATH,0.9055
2003,SE_TOT_SESPI,Armenia,PRIMAR,SKILL_MATH,0.9933
2007,SE_TOT_SESPI,Armenia,LOWSEC,SKILL_MATH,1.02896
2007,SE_TOT_SESPI,Armenia,PRIMAR,SKILL_MATH,1.07182
2011,SE_TOT_SESPI,Armenia,PRIMAR,SKILL_MATH,0.93304
2011,SE_TOT_SESPI,Armenia,LOWSEC,SKILL_MATH,0.78614
2015,SE_TOT_SESPI,Armenia,LOWSEC,SKILL_MATH,0.98864
2015,SE_TOT_SESPI,Armenia,PRIMAR,SKILL_MATH,0.93835
2019,SE_TOT_SESPI,Armenia,PRIMAR,SKILL_MATH,0.93136
2000,SE_TOT_SESPI,Belgium,LOWSEC,SKILL_READ,0.68019
2000,SE_TOT_SESPI,Belgium,LOWSEC,SKILL_MATH,0.65963
2003,SE_TOT_SESPI,Belgium,LOWSEC,SKILL_MATH,0.63753
2003,SE_TOT_SESPI,Belgium,LOWSEC,SKILL_READ,0.6333
2006,SE_TOT_SESPI,Belgium,LOWSEC,SKILL_READ,0.67515
2006,SE_TOT_SESPI,Belgium,LOWSEC,SKILL_MATH,0.68995
2009,SE_TOT_SESPI,Belgium,LOWSEC,SKILL_READ,0.69317
2009,SE_TOT_SESPI,Belgium,LOWSEC,SKILL_MATH,0.65052
2012,SE_TOT_SESPI,Belgium,LOWSEC,SKILL_MATH,0.66563
2012,SE_TOT_SESPI,Belgium,LOWSEC,SKILL_READ,0.72243
2015,SE_TOT_SESPI,Belgium,LOWSEC,SKILL_READ,0.70719
2015,SE_TOT_SESPI,Belgium,LOWSEC,SKILL_MATH,0.68822
2018,SE_TOT_SESPI,Belgium,LOWSEC,SKILL_MATH,0.66628
2018,SE_TOT_SESPI,Belgium,LOWSEC,SKILL_READ,0.67817
2019,SE_TOT_SESPI,Belgium,PRIMAR,SKILL_MATH,0.70971
2018,SE_TOT_SESPI,Bosnia and Herzegovina,LOWSEC,SKILL_READ,0.49884
2019,SE_TOT_SESPI,Bosnia and Herzegovina,PRIMAR,SKILL_MATH,0.88226
2000,SE_TOT_SESPI,Bulgaria,LOWSEC,SKILL_READ,0.41866
2000,SE_TOT_SESPI,Bulgaria,LOWSEC,SKILL_MATH,0.38653
2001,SE_TOT_SESPI,Bulgaria,PRIMAR,SKILL_READ,0.91162
2006,SE_TOT_SESPI,Bulgaria,PRIMAR,SKILL_READ,0.92698
2006,SE_TOT_SESPI,Bulgaria,LOWSEC,SKILL_MATH,0.25503
2006,SE_TOT_SESPI,Bulgaria,LOWSEC,SKILL_READ,0.29497
2009,SE_TOT_SESPI,Bulgaria,LOWSEC,SKILL_READ,0.38274
2009,SE_TOT_SESPI,Bulgaria,LOWSEC,SKILL_MATH,0.32491
2011,SE_TOT_SESPI,Bulgaria,PRIMAR,SKILL_READ,0.88319
2012,SE_TOT_SESPI,Bulgaria,LOWSEC,SKILL_MATH,0.3614
2012,SE_TOT_SESPI,Bulgaria,LOWSEC,SKILL_READ,0.37612
2015,SE_TOT_SESPI,Bulgaria,LOWSEC,SKILL_READ,0.43001
2015,SE_TOT_SESPI,Bulgaria,PRIMAR,SKILL_MATH,0.70077
2015,SE_TOT_SESPI,Bulgaria,LOWSEC,SKILL_MATH,0.46792
2016,SE_TOT_SESPI,Bulgaria,PRIMAR,SKILL_READ,0.91135
2018,SE_TOT_SESPI,Bulgaria,LOWSEC,SKILL_MATH,0.44816
2018,SE_TOT_SESPI,Bulgaria,LOWSEC,SKILL_READ,0.39931
2019,SE_TOT_SESPI,Bulgaria,PRIMAR,SKILL_MATH,0.50452
2018,SE_TOT_SESPI,Belarus,LOWSEC,SKILL_READ,0.61239
2018,SE_TOT_SESPI,Belarus,LOWSEC,SKILL_MATH,0.54292
2000,SE_TOT_SESPI,Canada,LOWSEC,SKILL_READ,0.84563
2000,SE_TOT_SESPI,Canada,LOWSEC,SKILL_MATH,0.85115
2001,SE_TOT_SESPI,Canada,PRIMAR,SKILL_READ,0.95282
2003,SE_TOT_SESPI,Canada,LOWSEC,SKILL_MATH,0.85263
2003,SE_TOT_SESPI,Canada,LOWSEC,SKILL_READ,0.86096
2006,SE_TOT_SESPI,Canada,LOWSEC,SKILL_READ,0.84328
2006,SE_TOT_SESPI,Canada,LOWSEC,SKILL_MATH,0.85478
2009,SE_TOT_SESPI,Canada,LOWSEC,SKILL_MATH,0.83398
2009,SE_TOT_SESPI,Canada,LOWSEC,SKILL_READ,0.86881
2011,SE_TOT_SESPI,Canada,PRIMAR,SKILL_READ,0.97685
2012,SE_TOT_SESPI,Canada,LOWSEC,SKILL_READ,0.86355
2012,SE_TOT_SESPI,Canada,LOWSEC,SKILL_MATH,0.81555
2015,SE_TOT_SESPI,Canada,LOWSEC,SKILL_MATH,0.82466
2015,SE_TOT_SESPI,Canada,LOWSEC,SKILL_READ,0.86116
2015,SE_TOT_SESPI,Canada,PRIMAR,SKILL_MATH,0.69752
2016,SE_TOT_SESPI,Canada,PRIMAR,SKILL_READ,0.88805
2018,SE_TOT_SESPI,Canada,LOWSEC,SKILL_READ,0.85175
2018,SE_TOT_SESPI,Canada,LOWSEC,SKILL_MATH,0.80944
2019,SE_TOT_SESPI,Canada,PRIMAR,SKILL_MATH,0.73475
2000,SE_TOT_SESPI,Chile,LOWSEC,SKILL_READ,0.32557
2003,SE_TOT_SESPI,Chile,LOWSEC,SKILL_MATH,0.06235
2006,SE_TOT_SESPI,Chile,LOWSEC,SKILL_READ,0.50742
2009,SE_TOT_SESPI,Chile,LOWSEC,SKILL_READ,0.54727
2011,SE_TOT_SESPI,Chile,LOWSEC,SKILL_MATH,0.18592
2012,SE_TOT_SESPI,Chile,LOWSEC,SKILL_READ,0.49513
2015,SE_TOT_SESPI,Chile,LOWSEC,SKILL_READ,0.6229
2015,SE_TOT_SESPI,Chile,LOWSEC,SKILL_MATH,0.27705
2018,SE_TOT_SESPI,Chile,LOWSEC,SKILL_READ,0.63246
2019,SE_TOT_SESPI,Chile,LOWSEC,SKILL_MATH,0.28496
2006,SE_TOT_SESPI,Colombia,LOWSEC,SKILL_READ,0.4259
2006,SE_TOT_SESPI,Colombia,LOWSEC,SKILL_MATH,0.23413
2009,SE_TOT_SESPI,Colombia,LOWSEC,SKILL_READ,0.42887
2009,SE_TOT_SESPI,Colombia,LOWSEC,SKILL_MATH,0.19478
2012,SE_TOT_SESPI,Colombia,LOWSEC,SKILL_MATH,0.22206
2012,SE_TOT_SESPI,Colombia,LOWSEC,SKILL_READ,0.38962
2015,SE_TOT_SESPI,Colombia,LOWSEC,SKILL_READ,0.51833
2015,SE_TOT_SESPI,Colombia,LOWSEC,SKILL_MATH,0.33123
2018,SE_TOT_SESPI,Colombia,LOWSEC,SKILL_MATH,0.33675
2018,SE_TOT_SESPI,Colombia,LOWSEC,SKILL_READ,0.44042
2019,SE_TOT_SESPI,Colombia,GRAD23,SKILL_READ,0.49966
2019,SE_TOT_SESPI,Colombia,PRIMAR,SKILL_MATH,0.17141
2019,SE_TOT_SESPI,Colombia,GRAD23,SKILL_MATH,0.4679
2019,SE_TOT_SESPI,Colombia,PRIMAR,SKILL_READ,0.32337
2009,SE_TOT_SESPI,Costa Rica,LOWSEC,SKILL_READ,0.57799
2009,SE_TOT_SESPI,Costa Rica,LOWSEC,SKILL_MATH,0.34397
2012,SE_TOT_SESPI,Costa Rica,LOWSEC,SKILL_READ,0.58123
2012,SE_TOT_SESPI,Costa Rica,LOWSEC,SKILL_MATH,0.2831
2015,SE_TOT_SESPI,Costa Rica,LOWSEC,SKILL_MATH,0.36292
2015,SE_TOT_SESPI,Costa Rica,LOWSEC,SKILL_READ,0.51293
2018,SE_TOT_SESPI,Costa Rica,LOWSEC,SKILL_READ,0.49944
2018,SE_TOT_SESPI,Costa Rica,LOWSEC,SKILL_MATH,0.36612
2019,SE_TOT_SESPI,Costa Rica,PRIMAR,SKILL_MATH,0.15478
2019,SE_TOT_SESPI,Costa Rica,PRIMAR,SKILL_READ,0.43721
2019,SE_TOT_SESPI,Costa Rica,GRAD23,SKILL_MATH,0.59329
2019,SE_TOT_SESPI,Costa Rica,GRAD23,SKILL_READ,0.67855
2006,SE_TOT_SESPI,Croatia,LOWSEC,SKILL_MATH,0.61525
2006,SE_TOT_SESPI,Croatia,LOWSEC,SKILL_READ,0.71148
2009,SE_TOT_SESPI,Croatia,LOWSEC,SKILL_MATH,0.6058
2009,SE_TOT_SESPI,Croatia,LOWSEC,SKILL_READ,0.6976
2011,SE_TOT_SESPI,Croatia,PRIMAR,SKILL_MATH,0.70336
2011,SE_TOT_SESPI,Croatia,PRIMAR,SKILL_READ,0.98571
2012,SE_TOT_SESPI,Croatia,LOWSEC,SKILL_MATH,0.62327
2012,SE_TOT_SESPI,Croatia,LOWSEC,SKILL_READ,0.75762
2015,SE_TOT_SESPI,Croatia,PRIMAR,SKILL_MATH,0.82587
2015,SE_TOT_SESPI,Croatia,LOWSEC,SKILL_READ,0.77042
2015,SE_TOT_SESPI,Croatia,LOWSEC,SKILL_MATH,0.66021
2018,SE_TOT_SESPI,Croatia,LOWSEC,SKILL_READ,0.80376
2018,SE_TOT_SESPI,Croatia,LOWSEC,SKILL_MATH,0.68355
2019,SE_TOT_SESPI,Croatia,PRIMAR,SKILL_MATH,0.97937
2001,SE_TOT_SESPI,Cyprus,PRIMAR,SKILL_READ,0.89303
2003,SE_TOT_SESPI,Cyprus,PRIMAR,SKILL_MATH,0.79744
2015,SE_TOT_SESPI,Cyprus,PRIMAR,SKILL_MATH,0.79266
2018,SE_TOT_SESPI,Cyprus,LOWSEC,SKILL_READ,0.58378
2019,SE_TOT_SESPI,Cyprus,PRIMAR,SKILL_MATH,0.67098
2000,SE_TOT_SESPI,Czechia,LOWSEC,SKILL_READ,0.67537
2000,SE_TOT_SESPI,Czechia,LOWSEC,SKILL_MATH,0.58592
2001,SE_TOT_SESPI,Czechia,PRIMAR,SKILL_READ,0.96873
2003,SE_TOT_SESPI,Czechia,LOWSEC,SKILL_MATH,0.71907
2003,SE_TOT_SESPI,Czechia,LOWSEC,SKILL_READ,0.71572
2006,SE_TOT_SESPI,Czechia,LOWSEC,SKILL_READ,0.67431
2006,SE_TOT_SESPI,Czechia,LOWSEC,SKILL_MATH,0.6769
2007,SE_TOT_SESPI,Czechia,PRIMAR,SKILL_MATH,0.60901
2009,SE_TOT_SESPI,Czechia,LOWSEC,SKILL_READ,0.69716
2009,SE_TOT_SESPI,Czechia,LOWSEC,SKILL_MATH,0.66484
2011,SE_TOT_SESPI,Czechia,PRIMAR,SKILL_MATH,0.7746
2011,SE_TOT_SESPI,Czechia,PRIMAR,SKILL_READ,0.93666
2012,SE_TOT_SESPI,Czechia,LOWSEC,SKILL_READ,0.74042
2012,SE_TOT_SESPI,Czechia,LOWSEC,SKILL_MATH,0.6652
2015,SE_TOT_SESPI,Czechia,PRIMAR,SKILL_MATH,0.68722
2015,SE_TOT_SESPI,Czechia,LOWSEC,SKILL_MATH,0.63717
2015,SE_TOT_SESPI,Czechia,LOWSEC,SKILL_READ,0.6559
2016,SE_TOT_SESPI,Czechia,PRIMAR,SKILL_READ,0.8633
2018,SE_TOT_SESPI,Czechia,LOWSEC,SKILL_READ,0.677
2018,SE_TOT_SESPI,Czechia,LOWSEC,SKILL_MATH,0.6636
2019,SE_TOT_SESPI,Czechia,PRIMAR,SKILL_MATH,0.65603
2000,SE_TOT_SESPI,Denmark,LOWSEC,SKILL_READ,0.70428
2000,SE_TOT_SESPI,Denmark,LOWSEC,SKILL_MATH,0.75599
2003,SE_TOT_SESPI,Denmark,LOWSEC,SKILL_MATH,0.70837
2003,SE_TOT_SESPI,Denmark,LOWSEC,SKILL_READ,0.69907
2006,SE_TOT_SESPI,Denmark,LOWSEC,SKILL_READ,0.79214
2006,SE_TOT_SESPI,Denmark,GRAD23,SKILL_READ,0.9786
2006,SE_TOT_SESPI,Denmark,LOWSEC,SKILL_MATH,0.78438
2007,SE_TOT_SESPI,Denmark,GRAD23,SKILL_MATH,0.81605
2009,SE_TOT_SESPI,Denmark,LOWSEC,SKILL_MATH,0.73245
2009,SE_TOT_SESPI,Denmark,LOWSEC,SKILL_READ,0.75168
2011,SE_TOT_SESPI,Denmark,GRAD23,SKILL_READ,0.95941
2011,SE_TOT_SESPI,Denmark,GRAD23,SKILL_MATH,0.67631
2012,SE_TOT_SESPI,Denmark,LOWSEC,SKILL_READ,0.76893
2012,SE_TOT_SESPI,Denmark,LOWSEC,SKILL_MATH,0.72793
2015,SE_TOT_SESPI,Denmark,LOWSEC,SKILL_READ,0.81375
2015,SE_TOT_SESPI,Denmark,LOWSEC,SKILL_MATH,0.8176
2015,SE_TOT_SESPI,Denmark,GRAD23,SKILL_MATH,0.66041
2016,SE_TOT_SESPI,Denmark,GRAD23,SKILL_READ,0.96683
2018,SE_TOT_SESPI,Denmark,LOWSEC,SKILL_MATH,0.79653
2018,SE_TOT_SESPI,Denmark,LOWSEC,SKILL_READ,0.78296
2019,SE_TOT_SESPI,Denmark,GRAD23,SKILL_MATH,0.81865
2015,SE_TOT_SESPI,Estonia,LOWSEC,SKILL_MATH,0.84189
2015,SE_TOT_SESPI,Estonia,LOWSEC,SKILL_READ,0.88529
2018,SE_TOT_SESPI,Estonia,LOWSEC,SKILL_READ,0.89544
2018,SE_TOT_SESPI,Estonia,LOWSEC,SKILL_MATH,0.88171
2000,SE_TOT_SESPI,Finland,LOWSEC,SKILL_MATH,0.90358
2000,SE_TOT_SESPI,Finland,LOWSEC,SKILL_READ,0.91543
2003,SE_TOT_SESPI,Finland,LOWSEC,SKILL_READ,0.91311
2003,SE_TOT_SESPI,Finland,LOWSEC,SKILL_MATH,0.89486
2006,SE_TOT_SESPI,Finland,LOWSEC,SKILL_MATH,0.90823
2006,SE_TOT_SESPI,Finland,LOWSEC,SKILL_READ,0.93276
2009,SE_TOT_SESPI,Finland,LOWSEC,SKILL_READ,0.88569
2009,SE_TOT_SESPI,Finland,LOWSEC,SKILL_MATH,0.90107
2011,SE_TOT_SESPI,Finland,PRIMAR,SKILL_MATH,0.84481
2011,SE_TOT_SESPI,Finland,PRIMAR,SKILL_READ,0.99401
2012,SE_TOT_SESPI,Finland,LOWSEC,SKILL_READ,0.85039
2012,SE_TOT_SESPI,Finland,LOWSEC,SKILL_MATH,0.82475
2015,SE_TOT_SESPI,Finland,LOWSEC,SKILL_MATH,0.81166
2015,SE_TOT_SESPI,Finland,LOWSEC,SKILL_READ,0.85138
2015,SE_TOT_SESPI,Finland,PRIMAR,SKILL_MATH,1.02971
2016,SE_TOT_SESPI,Finland,PRIMAR,SKILL_READ,0.97918
2018,SE_TOT_SESPI,Finland,LOWSEC,SKILL_READ,0.84608
2018,SE_TOT_SESPI,Finland,LOWSEC,SKILL_MATH,0.79928
2019,SE_TOT_SESPI,Finland,PRIMAR,SKILL_MATH,0.73803
2000,SE_TOT_SESPI,France,LOWSEC,SKILL_READ,0.73027
2000,SE_TOT_SESPI,France,LOWSEC,SKILL_MATH,0.76076
2001,SE_TOT_SESPI,France,PRIMAR,SKILL_READ,0.87084
2003,SE_TOT_SESPI,France,LOWSEC,SKILL_MATH,0.68012
2003,SE_TOT_SESPI,France,LOWSEC,SKILL_READ,0.66267
2006,SE_TOT_SESPI,France,LOWSEC,SKILL_READ,0.6261
2006,SE_TOT_SESPI,France,LOWSEC,SKILL_MATH,0.58405
2006,SE_TOT_SESPI,France,PRIMAR,SKILL_READ,0.90458
2009,SE_TOT_SESPI,France,LOWSEC,SKILL_MATH,0.60431
2009,SE_TOT_SESPI,France,LOWSEC,SKILL_READ,0.65103
2011,SE_TOT_SESPI,France,PRIMAR,SKILL_READ,0.91014
2012,SE_TOT_SESPI,France,LOWSEC,SKILL_READ,0.66567
2012,SE_TOT_SESPI,France,LOWSEC,SKILL_MATH,0.60273
2015,SE_TOT_SESPI,France,LOWSEC,SKILL_READ,0.65857
2015,SE_TOT_SESPI,France,PRIMAR,SKILL_MATH,0.5218
2015,SE_TOT_SESPI,France,LOWSEC,SKILL_MATH,0.62166
2016,SE_TOT_SESPI,France,PRIMAR,SKILL_READ,0.91512
2018,SE_TOT_SESPI,France,LOWSEC,SKILL_READ,0.69706
2018,SE_TOT_SESPI,France,LOWSEC,SKILL_MATH,0.64375
2019,SE_TOT_SESPI,France,PRIMAR,SKILL_MATH,0.54467
2006,SE_TOT_SESPI,Georgia,PRIMAR,SKILL_READ,0.83485
2007,SE_TOT_SESPI,Georgia,PRIMAR,SKILL_MATH,1.05089
2009,SE_TOT_SESPI,Georgia,LOWSEC,SKILL_MATH,0.32446
2009,SE_TOT_SESPI,Georgia,LOWSEC,SKILL_READ,0.36177
2011,SE_TOT_SESPI,Georgia,PRIMAR,SKILL_MATH,0.7492
2011,SE_TOT_SESPI,Georgia,PRIMAR,SKILL_READ,0.9659
2015,SE_TOT_SESPI,Georgia,PRIMAR,SKILL_MATH,0.65155
2015,SE_TOT_SESPI,Georgia,LOWSEC,SKILL_READ,0.44882
2015,SE_TOT_SESPI,Georgia,LOWSEC,SKILL_MATH,0.3699
2016,SE_TOT_SESPI,Georgia,PRIMAR,SKILL_READ,0.96618
2018,SE_TOT_SESPI,Georgia,LOWSEC,SKILL_MATH,0.39693
2018,SE_TOT_SESPI,Georgia,LOWSEC,SKILL_READ,0.39097
2019,SE_TOT_SESPI,Georgia,PRIMAR,SKILL_MATH,0.84561
2000,SE_TOT_SESPI,Germany,LOWSEC,SKILL_READ,0.55181
2000,SE_TOT_SESPI,Germany,LOWSEC,SKILL_MATH,0.49902
2001,SE_TOT_SESPI,Germany,PRIMAR,SKILL_READ,0.92116
2003,SE_TOT_SESPI,Germany,LOWSEC,SKILL_MATH,0.60117
2003,SE_TOT_SESPI,Germany,LOWSEC,SKILL_READ,0.60627
2006,SE_TOT_SESPI,Germany,LOWSEC,SKILL_READ,0.63257
2006,SE_TOT_SESPI,Germany,LOWSEC,SKILL_MATH,0.62424
2006,SE_TOT_SESPI,Germany,PRIMAR,SKILL_READ,0.75452
2007,SE_TOT_SESPI,Germany,PRIMAR,SKILL_MATH,0.5534
2009,SE_TOT_SESPI,Germany,LOWSEC,SKILL_READ,0.64786
2009,SE_TOT_SESPI,Germany,LOWSEC,SKILL_MATH,0.62906
2011,SE_TOT_SESPI,Germany,PRIMAR,SKILL_MATH,0.55013
2011,SE_TOT_SESPI,Germany,PRIMAR,SKILL_READ,0.88339
2012,SE_TOT_SESPI,Germany,LOWSEC,SKILL_READ,0.76668
2012,SE_TOT_SESPI,Germany,LOWSEC,SKILL_MATH,0.69128
2015,SE_TOT_SESPI,Germany,PRIMAR,SKILL_MATH,0.67866
2015,SE_TOT_SESPI,Germany,LOWSEC,SKILL_MATH,0.75515
2015,SE_TOT_SESPI,Germany,LOWSEC,SKILL_READ,0.79995
2016,SE_TOT_SESPI,Germany,PRIMAR,SKILL_READ,0.81756
2018,SE_TOT_SESPI,Germany,LOWSEC,SKILL_READ,0.705
2018,SE_TOT_SESPI,Germany,LOWSEC,SKILL_MATH,0.68252
2019,SE_TOT_SESPI,Germany,PRIMAR,SKILL_MATH,0.5206
2000,SE_TOT_SESPI,Greece,LOWSEC,SKILL_READ,0.68283
2000,SE_TOT_SESPI,Greece,LOWSEC,SKILL_MATH,0.50983
2001,SE_TOT_SESPI,Greece,PRIMAR,SKILL_READ,0.95322
2003,SE_TOT_SESPI,Greece,LOWSEC,SKILL_MATH,0.48128
2003,SE_TOT_SESPI,Greece,LOWSEC,SKILL_READ,0.6766
2006,SE_TOT_SESPI,Greece,LOWSEC,SKILL_READ,0.6309
2006,SE_TOT_SESPI,Greece,LOWSEC,SKILL_MATH,0.5089
2009,SE_TOT_SESPI,Greece,LOWSEC,SKILL_MATH,0.59668
2009,SE_TOT_SESPI,Greece,LOWSEC,SKILL_READ,0.6695
2012,SE_TOT_SESPI,Greece,LOWSEC,SKILL_READ,0.68064
2012,SE_TOT_SESPI,Greece,LOWSEC,SKILL_MATH,0.52051
2015,SE_TOT_SESPI,Greece,LOWSEC,SKILL_MATH,0.60008
2015,SE_TOT_SESPI,Greece,LOWSEC,SKILL_READ,0.63769
2018,SE_TOT_SESPI,Greece,LOWSEC,SKILL_READ,0.63257
2018,SE_TOT_SESPI,Greece,LOWSEC,SKILL_MATH,0.57279
2000,SE_TOT_SESPI,Hungary,LOWSEC,SKILL_READ,0.54199
2001,SE_TOT_SESPI,Hungary,PRIMAR,SKILL_READ,0.96317
2003,SE_TOT_SESPI,Hungary,LOWSEC,SKILL_READ,0.60329
2003,SE_TOT_SESPI,Hungary,PRIMAR,SKILL_MATH,0.7844
2003,SE_TOT_SESPI,Hungary,LOWSEC,SKILL_MATH,0.76782
2006,SE_TOT_SESPI,Hungary,LOWSEC,SKILL_READ,0.59983
2006,SE_TOT_SESPI,Hungary,PRIMAR,SKILL_READ,0.92399
2007,SE_TOT_SESPI,Hungary,LOWSEC,SKILL_MATH,0.67982
2007,SE_TOT_SESPI,Hungary,PRIMAR,SKILL_MATH,0.58794
2009,SE_TOT_SESPI,Hungary,LOWSEC,SKILL_READ,0.59894
2011,SE_TOT_SESPI,Hungary,PRIMAR,SKILL_MATH,0.6002
2011,SE_TOT_SESPI,Hungary,LOWSEC,SKILL_MATH,0.5147
2011,SE_TOT_SESPI,Hungary,PRIMAR,SKILL_READ,0.88068
2012,SE_TOT_SESPI,Hungary,LOWSEC,SKILL_READ,0.60651
2015,SE_TOT_SESPI,Hungary,LOWSEC,SKILL_READ,0.55173
2015,SE_TOT_SESPI,Hungary,LOWSEC,SKILL_MATH,0.52673
2015,SE_TOT_SESPI,Hungary,PRIMAR,SKILL_MATH,0.59845
2016,SE_TOT_SESPI,Hungary,PRIMAR,SKILL_READ,0.93555
2018,SE_TOT_SESPI,Hungary,LOWSEC,SKILL_READ,0.58132
2019,SE_TOT_SESPI,Hungary,PRIMAR,SKILL_MATH,0.48292
2019,SE_TOT_SESPI,Hungary,LOWSEC,SKILL_MATH,0.42186
2000,SE_TOT_SESPI,Iceland,LOWSEC,SKILL_MATH,0.86593
2000,SE_TOT_SESPI,Iceland,LOWSEC,SKILL_READ,0.85946
2001,SE_TOT_SESPI,Iceland,GRAD23,SKILL_READ,1.06839
2003,SE_TOT_SESPI,Iceland,LOWSEC,SKILL_MATH,0.82745
2003,SE_TOT_SESPI,Iceland,LOWSEC,SKILL_READ,0.85186
2006,SE_TOT_SESPI,Iceland,LOWSEC,SKILL_READ,0.79961
2006,SE_TOT_SESPI,Iceland,LOWSEC,SKILL_MATH,0.78843
2006,SE_TOT_SESPI,Iceland,GRAD23,SKILL_READ,0.94164
2009,SE_TOT_SESPI,Iceland,LOWSEC,SKILL_MATH,0.79746
2009,SE_TOT_SESPI,Iceland,LOWSEC,SKILL_READ,0.8372
2012,SE_TOT_SESPI,Iceland,LOWSEC,SKILL_READ,0.78555
2012,SE_TOT_SESPI,Iceland,LOWSEC,SKILL_MATH,0.75299
2015,SE_TOT_SESPI,Iceland,LOWSEC,SKILL_MATH,0.77992
2015,SE_TOT_SESPI,Iceland,LOWSEC,SKILL_READ,0.82258
2018,SE_TOT_SESPI,Iceland,LOWSEC,SKILL_READ,0.7323
2018,SE_TOT_SESPI,Iceland,LOWSEC,SKILL_MATH,0.76399
2000,SE_TOT_SESPI,Ireland,LOWSEC,SKILL_MATH,0.766
2000,SE_TOT_SESPI,Ireland,LOWSEC,SKILL_READ,0.84724
2003,SE_TOT_SESPI,Ireland,LOWSEC,SKILL_READ,0.79212
2003,SE_TOT_SESPI,Ireland,LOWSEC,SKILL_MATH,0.69692
2006,SE_TOT_SESPI,Ireland,LOWSEC,SKILL_MATH,0.74327
2006,SE_TOT_SESPI,Ireland,LOWSEC,SKILL_READ,0.81699
2009,SE_TOT_SESPI,Ireland,LOWSEC,SKILL_READ,0.75565
2009,SE_TOT_SESPI,Ireland,LOWSEC,SKILL_MATH,0.68837
2011,SE_TOT_SESPI,Ireland,GRAD23,SKILL_READ,0.95633
2011,SE_TOT_SESPI,Ireland,GRAD23,SKILL_MATH,0.75275
2012,SE_TOT_SESPI,Ireland,LOWSEC,SKILL_MATH,0.71223
2012,SE_TOT_SESPI,Ireland,LOWSEC,SKILL_READ,0.81359
2015,SE_TOT_SESPI,Ireland,LOWSEC,SKILL_READ,0.84597
2015,SE_TOT_SESPI,Ireland,LOWSEC,SKILL_MATH,0.77805
2015,SE_TOT_SESPI,Ireland,GRAD23,SKILL_MATH,0.79886
2016,SE_TOT_SESPI,Ireland,GRAD23,SKILL_READ,0.96489
2018,SE_TOT_SESPI,Ireland,LOWSEC,SKILL_MATH,0.77503
2018,SE_TOT_SESPI,Ireland,LOWSEC,SKILL_READ,0.83875
2019,SE_TOT_SESPI,Ireland,GRAD23,SKILL_MATH,0.83688
2000,SE_TOT_SESPI,Israel,LOWSEC,SKILL_MATH,0.42127
2000,SE_TOT_SESPI,Israel,LOWSEC,SKILL_READ,0.49192
2001,SE_TOT_SESPI,Israel,PRIMAR,SKILL_READ,0.8101
2006,SE_TOT_SESPI,Israel,LOWSEC,SKILL_MATH,0.45476
2006,SE_TOT_SESPI,Israel,PRIMAR,SKILL_READ,0.68437
2006,SE_TOT_SESPI,Israel,LOWSEC,SKILL_READ,0.57364
2009,SE_TOT_SESPI,Israel,LOWSEC,SKILL_MATH,0.45019
2009,SE_TOT_SESPI,Israel,LOWSEC,SKILL_READ,0.64168
2011,SE_TOT_SESPI,Israel,PRIMAR,SKILL_READ,0.87635
2012,SE_TOT_SESPI,Israel,LOWSEC,SKILL_READ,0.68897
2012,SE_TOT_SESPI,Israel,LOWSEC,SKILL_MATH,0.48919
2015,SE_TOT_SESPI,Israel,LOWSEC,SKILL_MATH,0.60267
2015,SE_TOT_SESPI,Israel,LOWSEC,SKILL_READ,0.68438
2016,SE_TOT_SESPI,Israel,PRIMAR,SKILL_READ,0.77198
2018,SE_TOT_SESPI,Israel,LOWSEC,SKILL_MATH,0.53239
2018,SE_TOT_SESPI,Israel,LOWSEC,SKILL_READ,0.57027
2000,SE_TOT_SESPI,Italy,LOWSEC,SKILL_READ,0.75306
2001,SE_TOT_SESPI,Italy,PRIMAR,SKILL_READ,0.90706
2003,SE_TOT_SESPI,Italy,LOWSEC,SKILL_READ,0.6255
2003,SE_TOT_SESPI,Italy,LOWSEC,SKILL_MATH,0.59755
2003,SE_TOT_SESPI,Italy,PRIMAR,SKILL_MATH,0.87789
2006,SE_TOT_SESPI,Italy,LOWSEC,SKILL_READ,0.6998
2006,SE_TOT_SESPI,Italy,PRIMAR,SKILL_READ,0.9864
2007,SE_TOT_SESPI,Italy,LOWSEC,SKILL_MATH,0.41431
2007,SE_TOT_SESPI,Italy,PRIMAR,SKILL_MATH,0.80953
2009,SE_TOT_SESPI,Italy,LOWSEC,SKILL_READ,0.70057
2011,SE_TOT_SESPI,Italy,PRIMAR,SKILL_READ,0.99055
2011,SE_TOT_SESPI,Italy,LOWSEC,SKILL_MATH,0.60151
2011,SE_TOT_SESPI,Italy,PRIMAR,SKILL_MATH,0.954
2012,SE_TOT_SESPI,Italy,LOWSEC,SKILL_READ,0.73417
2015,SE_TOT_SESPI,Italy,PRIMAR,SKILL_MATH,0.76093
2015,SE_TOT_SESPI,Italy,LOWSEC,SKILL_READ,0.70419
2015,SE_TOT_SESPI,Italy,LOWSEC,SKILL_MATH,0.63853
2016,SE_TOT_SESPI,Italy,PRIMAR,SKILL_READ,0.97895
2018,SE_TOT_SESPI,Italy,LOWSEC,SKILL_READ,0.71899
2019,SE_TOT_SESPI,Italy,LOWSEC,SKILL_MATH,0.613
2019,SE_TOT_SESPI,Italy,PRIMAR,SKILL_MATH,0.8168
2007,SE_TOT_SESPI,Казахстан,PRIMAR,SKILL_MATH,1.17026
2009,SE_TOT_SESPI,Казахстан,LOWSEC,SKILL_MATH,0.41805
2009,SE_TOT_SESPI,Казахстан,LOWSEC,SKILL_READ,0.3808
2011,SE_TOT_SESPI,Казахстан,PRIMAR,SKILL_MATH,0.79132
2012,SE_TOT_SESPI,Казахстан,LOWSEC,SKILL_READ,0.36688
2012,SE_TOT_SESPI,Казахстан,LOWSEC,SKILL_MATH,0.55877
2015,SE_TOT_SESPI,Казахстан,PRIMAR,SKILL_MATH,0.81732
2016,SE_TOT_SESPI,Казахстан,PRIMAR,SKILL_READ,1.0008
2018,SE_TOT_SESPI,Казахстан,LOWSEC,SKILL_READ,0.56165
2018,SE_TOT_SESPI,Казахстан,LOWSEC,SKILL_MATH,0.74628
2019,SE_TOT_SESPI,Казахстан,PRIMAR,SKILL_MATH,0.83746
2000,SE_TOT_SESPI,Republic of Korea,LOWSEC,SKILL_READ,0.89859
2000,SE_TOT_SESPI,Republic of Korea,LOWSEC,SKILL_MATH,0.87011
2003,SE_TOT_SESPI,Republic of Korea,LOWSEC,SKILL_MATH,0.83159
2003,SE_TOT_SESPI,Republic of Korea,LOWSEC,SKILL_READ,0.88619
2006,SE_TOT_SESPI,Republic of Korea,LOWSEC,SKILL_READ,0.93392
2006,SE_TOT_SESPI,Republic of Korea,LOWSEC,SKILL_MATH,0.87916
2009,SE_TOT_SESPI,Republic of Korea,LOWSEC,SKILL_MATH,0.86981
2009,SE_TOT_SESPI,Republic of Korea,LOWSEC,SKILL_READ,0.89816
2011,SE_TOT_SESPI,Republic of Korea,PRIMAR,SKILL_MATH,0.94116
2012,SE_TOT_SESPI,Republic of Korea,LOWSEC,SKILL_READ,0.90639
2012,SE_TOT_SESPI,Republic of Korea,LOWSEC,SKILL_MATH,0.88993
2015,SE_TOT_SESPI,Republic of Korea,LOWSEC,SKILL_MATH,0.78525
2015,SE_TOT_SESPI,Republic of Korea,LOWSEC,SKILL_READ,0.83226
2015,SE_TOT_SESPI,Republic of Korea,PRIMAR,SKILL_MATH,0.93485
2018,SE_TOT_SESPI,Republic of Korea,LOWSEC,SKILL_MATH,0.79945
2018,SE_TOT_SESPI,Republic of Korea,LOWSEC,SKILL_READ,0.81618
2019,SE_TOT_SESPI,Republic of Korea,PRIMAR,SKILL_MATH,0.93616
2000,SE_TOT_SESPI,Latvia,LOWSEC,SKILL_READ,0.65382
2000,SE_TOT_SESPI,Latvia,LOWSEC,SKILL_MATH,0.65548
2001,SE_TOT_SESPI,Latvia,PRIMAR,SKILL_READ,0.99584
2003,SE_TOT_SESPI,Latvia,LOWSEC,SKILL_READ,0.81215
2003,SE_TOT_SESPI,Latvia,LOWSEC,SKILL_MATH,0.7103
2003,SE_TOT_SESPI,Latvia,PRIMAR,SKILL_MATH,0.76397
2006,SE_TOT_SESPI,Latvia,LOWSEC,SKILL_MATH,0.7156
2006,SE_TOT_SESPI,Latvia,LOWSEC,SKILL_READ,0.73914
2006,SE_TOT_SESPI,Latvia,PRIMAR,SKILL_READ,0.982
2007,SE_TOT_SESPI,Latvia,PRIMAR,SKILL_MATH,0.72646
2009,SE_TOT_SESPI,Latvia,LOWSEC,SKILL_READ,0.7754
2009,SE_TOT_SESPI,Latvia,LOWSEC,SKILL_MATH,0.67667
2012,SE_TOT_SESPI,Latvia,LOWSEC,SKILL_MATH,0.7148
2012,SE_TOT_SESPI,Latvia,LOWSEC,SKILL_READ,0.74428
2015,SE_TOT_SESPI,Latvia,LOWSEC,SKILL_READ,0.80293
2015,SE_TOT_SESPI,Latvia,LOWSEC,SKILL_MATH,0.73995
2016,SE_TOT_SESPI,Latvia,PRIMAR,SKILL_READ,0.97786
2018,SE_TOT_SESPI,Latvia,LOWSEC,SKILL_MATH,0.77905
2018,SE_TOT_SESPI,Latvia,LOWSEC,SKILL_READ,0.78214
2019,SE_TOT_SESPI,Latvia,PRIMAR,SKILL_MATH,0.67224
2001,SE_TOT_SESPI,Lithuania,PRIMAR,SKILL_READ,0.95785
2003,SE_TOT_SESPI,Lithuania,PRIMAR,SKILL_MATH,0.77248
2006,SE_TOT_SESPI,Lithuania,LOWSEC,SKILL_READ,0.6435
2006,SE_TOT_SESPI,Lithuania,PRIMAR,SKILL_READ,0.98652
2006,SE_TOT_SESPI,Lithuania,LOWSEC,SKILL_MATH,0.63854
2009,SE_TOT_SESPI,Lithuania,LOWSEC,SKILL_MATH,0.59473
2009,SE_TOT_SESPI,Lithuania,LOWSEC,SKILL_READ,0.667
2011,SE_TOT_SESPI,Lithuania,PRIMAR,SKILL_READ,0.94784
2011,SE_TOT_SESPI,Lithuania,PRIMAR,SKILL_MATH,0.80367
2012,SE_TOT_SESPI,Lithuania,LOWSEC,SKILL_READ,0.71039
2012,SE_TOT_SESPI,Lithuania,LOWSEC,SKILL_MATH,0.60835
2015,SE_TOT_SESPI,Lithuania,LOWSEC,SKILL_MATH,0.68326
2015,SE_TOT_SESPI,Lithuania,LOWSEC,SKILL_READ,0.69735
2015,SE_TOT_SESPI,Lithuania,PRIMAR,SKILL_MATH,0.79332
2016,SE_TOT_SESPI,Lithuania,PRIMAR,SKILL_READ,0.91455
2018,SE_TOT_SESPI,Lithuania,LOWSEC,SKILL_MATH,0.64529
2018,SE_TOT_SESPI,Lithuania,LOWSEC,SKILL_READ,0.67645
2019,SE_TOT_SESPI,Lithuania,PRIMAR,SKILL_MATH,0.65034
2000,SE_TOT_SESPI,Luxembourg,LOWSEC,SKILL_READ,0.4216
2000,SE_TOT_SESPI,Luxembourg,LOWSEC,SKILL_MATH,0.48294
2003,SE_TOT_SESPI,Luxembourg,LOWSEC,SKILL_MATH,0.64653
2003,SE_TOT_SESPI,Luxembourg,LOWSEC,SKILL_READ,0.58502
2006,SE_TOT_SESPI,Luxembourg,LOWSEC,SKILL_READ,0.56862
2006,SE_TOT_SESPI,Luxembourg,LOWSEC,SKILL_MATH,0.61544
2009,SE_TOT_SESPI,Luxembourg,LOWSEC,SKILL_READ,0.55272
2009,SE_TOT_SESPI,Luxembourg,LOWSEC,SKILL_MATH,0.60713
2012,SE_TOT_SESPI,Luxembourg,LOWSEC,SKILL_READ,0.6411
2012,SE_TOT_SESPI,Luxembourg,LOWSEC,SKILL_MATH,0.58649
2015,SE_TOT_SESPI,Luxembourg,LOWSEC,SKILL_MATH,0.60661
2015,SE_TOT_SESPI,Luxembourg,LOWSEC,SKILL_READ,0.60261
2018,SE_TOT_SESPI,Luxembourg,LOWSEC,SKILL_MATH,0.59476
2018,SE_TOT_SESPI,Luxembourg,LOWSEC,SKILL_READ,0.58258
2009,SE_TOT_SESPI,Malta,LOWSEC,SKILL_READ,0.56898
2011,SE_TOT_SESPI,Malta,PRIMAR,SKILL_READ,0.66731
2011,SE_TOT_SESPI,Malta,PRIMAR,SKILL_MATH,0.67663
2015,SE_TOT_SESPI,Malta,LOWSEC,SKILL_READ,0.59718
2016,SE_TOT_SESPI,Malta,PRIMAR,SKILL_READ,0.92722
2018,SE_TOT_SESPI,Malta,LOWSEC,SKILL_READ,0.64493
2019,SE_TOT_SESPI,Malta,PRIMAR,SKILL_MATH,0.6128
2000,SE_TOT_SESPI,Mexico,LOWSEC,SKILL_MATH,0.23465
2000,SE_TOT_SESPI,Mexico,LOWSEC,SKILL_READ,0.39471
2003,SE_TOT_SESPI,Mexico,LOWSEC,SKILL_MATH,0.21604
2003,SE_TOT_SESPI,Mexico,LOWSEC,SKILL_READ,0.33305
2006,SE_TOT_SESPI,Mexico,LOWSEC,SKILL_MATH,0.32756
2006,SE_TOT_SESPI,Mexico,LOWSEC,SKILL_READ,0.41139
2009,SE_TOT_SESPI,Mexico,LOWSEC,SKILL_READ,0.45478
2009,SE_TOT_SESPI,Mexico,LOWSEC,SKILL_MATH,0.38066
2012,SE_TOT_SESPI,Mexico,LOWSEC,SKILL_MATH,0.42768
2012,SE_TOT_SESPI,Mexico,LOWSEC,SKILL_READ,0.52188
2015,SE_TOT_SESPI,Mexico,LOWSEC,SKILL_READ,0.53123
2015,SE_TOT_SESPI,Mexico,LOWSEC,SKILL_MATH,0.47686
2018,SE_TOT_SESPI,Mexico,LOWSEC,SKILL_MATH,0.44045
2018,SE_TOT_SESPI,Mexico,LOWSEC,SKILL_READ,0.46809
2019,SE_TOT_SESPI,Mexico,PRIMAR,SKILL_READ,0.4255
2019,SE_TOT_SESPI,Mexico,PRIMAR,SKILL_MATH,0.49639
2019,SE_TOT_SESPI,Mexico,GRAD23,SKILL_MATH,0.65329
2019,SE_TOT_SESPI,Mexico,GRAD23,SKILL_READ,0.60161
2001,SE_TOT_SESPI,Republic of Moldova,PRIMAR,SKILL_READ,1.02064
2003,SE_TOT_SESPI,Republic of Moldova,PRIMAR,SKILL_MATH,1.10897
2006,SE_TOT_SESPI,Republic of Moldova,PRIMAR,SKILL_READ,1.00406
2009,SE_TOT_SESPI,Republic of Moldova,LOWSEC,SKILL_READ,0.37892
2009,SE_TOT_SESPI,Republic of Moldova,LOWSEC,SKILL_MATH,0.35052
2015,SE_TOT_SESPI,Republic of Moldova,LOWSEC,SKILL_MATH,0.4761
2015,SE_TOT_SESPI,Republic of Moldova,LOWSEC,SKILL_READ,0.48289
2018,SE_TOT_SESPI,Republic of Moldova,LOWSEC,SKILL_READ,0.43878
2018,SE_TOT_SESPI,Republic of Moldova,LOWSEC,SKILL_MATH,0.38107
2015,SE_TOT_SESPI,Montenegro,LOWSEC,SKILL_READ,0.64496
2015,SE_TOT_SESPI,Montenegro,LOWSEC,SKILL_MATH,0.59865
2018,SE_TOT_SESPI,Montenegro,LOWSEC,SKILL_READ,0.62797
2018,SE_TOT_SESPI,Montenegro,LOWSEC,SKILL_MATH,0.59556
2019,SE_TOT_SESPI,Montenegro,PRIMAR,SKILL_MATH,0.80506
2000,SE_TOT_SESPI,Netherlands (Kingdom of the),LOWSEC,SKILL_READ,0.82798
2000,SE_TOT_SESPI,Netherlands (Kingdom of the),LOWSEC,SKILL_MATH,0.86085
2001,SE_TOT_SESPI,Netherlands (Kingdom of the),PRIMAR,SKILL_READ,0.95058
2003,SE_TOT_SESPI,Netherlands (Kingdom of the),LOWSEC,SKILL_READ,0.81559
2003,SE_TOT_SESPI,Netherlands (Kingdom of the),LOWSEC,SKILL_MATH,0.81466
2003,SE_TOT_SESPI,Netherlands (Kingdom of the),PRIMAR,SKILL_MATH,0.71909
2006,SE_TOT_SESPI,Netherlands (Kingdom of the),LOWSEC,SKILL_MATH,0.78907
2006,SE_TOT_SESPI,Netherlands (Kingdom of the),PRIMAR,SKILL_READ,0.97408
2006,SE_TOT_SESPI,Netherlands (Kingdom of the),LOWSEC,SKILL_READ,0.76204
2007,SE_TOT_SESPI,Netherlands (Kingdom of the),PRIMAR,SKILL_MATH,0.63959
2009,SE_TOT_SESPI,Netherlands (Kingdom of the),LOWSEC,SKILL_READ,0.82515
2009,SE_TOT_SESPI,Netherlands (Kingdom of the),LOWSEC,SKILL_MATH,0.77643
2011,SE_TOT_SESPI,Netherlands (Kingdom of the),PRIMAR,SKILL_READ,0.98737
2011,SE_TOT_SESPI,Netherlands (Kingdom of the),PRIMAR,SKILL_MATH,0.81099
2012,SE_TOT_SESPI,Netherlands (Kingdom of the),LOWSEC,SKILL_MATH,0.78697
2012,SE_TOT_SESPI,Netherlands (Kingdom of the),LOWSEC,SKILL_READ,0.79348
2015,SE_TOT_SESPI,Netherlands (Kingdom of the),LOWSEC,SKILL_MATH,0.77436
2015,SE_TOT_SESPI,Netherlands (Kingdom of the),LOWSEC,SKILL_READ,0.77432
2015,SE_TOT_SESPI,Netherlands (Kingdom of the),PRIMAR,SKILL_MATH,0.93638
2016,SE_TOT_SESPI,Netherlands (Kingdom of the),PRIMAR,SKILL_READ,0.91728
2018,SE_TOT_SESPI,Netherlands (Kingdom of the),LOWSEC,SKILL_READ,0.73254
2018,SE_TOT_SESPI,Netherlands (Kingdom of the),LOWSEC,SKILL_MATH,0.77903
2019,SE_TOT_SESPI,Netherlands (Kingdom of the),PRIMAR,SKILL_MATH,0.84945
2000,SE_TOT_SESPI,New Zealand,LOWSEC,SKILL_MATH,0.79957
2000,SE_TOT_SESPI,New Zealand,LOWSEC,SKILL_READ,0.79879
2001,SE_TOT_SESPI,New Zealand,PRIMAR,SKILL_READ,0.82457
2003,SE_TOT_SESPI,New Zealand,LOWSEC,SKILL_READ,0.75028
2003,SE_TOT_SESPI,New Zealand,LOWSEC,SKILL_MATH,0.7323
2003,SE_TOT_SESPI,New Zealand,PRIMAR,SKILL_MATH,0.46084
2006,SE_TOT_SESPI,New Zealand,LOWSEC,SKILL_MATH,0.7896
2006,SE_TOT_SESPI,New Zealand,LOWSEC,SKILL_READ,0.78108
2007,SE_TOT_SESPI,New Zealand,PRIMAR,SKILL_MATH,0.43456
2009,SE_TOT_SESPI,New Zealand,LOWSEC,SKILL_MATH,0.69892
2009,SE_TOT_SESPI,New Zealand,LOWSEC,SKILL_READ,0.75509
2011,SE_TOT_SESPI,New Zealand,PRIMAR,SKILL_READ,0.84206
2011,SE_TOT_SESPI,New Zealand,PRIMAR,SKILL_MATH,0.41489
2012,SE_TOT_SESPI,New Zealand,LOWSEC,SKILL_READ,0.7176
2012,SE_TOT_SESPI,New Zealand,LOWSEC,SKILL_MATH,0.61202
2015,SE_TOT_SESPI,New Zealand,LOWSEC,SKILL_READ,0.77375
2015,SE_TOT_SESPI,New Zealand,PRIMAR,SKILL_MATH,0.40954
2015,SE_TOT_SESPI,New Zealand,LOWSEC,SKILL_MATH,0.70299
2016,SE_TOT_SESPI,New Zealand,PRIMAR,SKILL_READ,0.83416
2018,SE_TOT_SESPI,New Zealand,LOWSEC,SKILL_READ,0.75234
2018,SE_TOT_SESPI,New Zealand,LOWSEC,SKILL_MATH,0.70054
2019,SE_TOT_SESPI,New Zealand,PRIMAR,SKILL_MATH,0.38151
2000,SE_TOT_SESPI,Norway,LOWSEC,SKILL_READ,0.78945
2000,SE_TOT_SESPI,Norway,LOWSEC,SKILL_MATH,0.77691
2003,SE_TOT_SESPI,Norway,LOWSEC,SKILL_MATH,0.71594
2003,SE_TOT_SESPI,Norway,LOWSEC,SKILL_READ,0.75011
2006,SE_TOT_SESPI,Norway,LOWSEC,SKILL_READ,0.74986
2006,SE_TOT_SESPI,Norway,LOWSEC,SKILL_MATH,0.7371
2009,SE_TOT_SESPI,Norway,LOWSEC,SKILL_MATH,0.74858
2009,SE_TOT_SESPI,Norway,LOWSEC,SKILL_READ,0.80514
2011,SE_TOT_SESPI,Norway,GRAD23,SKILL_MATH,0.69581
2011,SE_TOT_SESPI,Norway,GRAD23,SKILL_READ,0.96525
2012,SE_TOT_SESPI,Norway,LOWSEC,SKILL_READ,0.83795
2012,SE_TOT_SESPI,Norway,LOWSEC,SKILL_MATH,0.73659
2015,SE_TOT_SESPI,Norway,LOWSEC,SKILL_MATH,0.79911
2015,SE_TOT_SESPI,Norway,LOWSEC,SKILL_READ,0.85418
2015,SE_TOT_SESPI,Norway,PRIMAR,SKILL_MATH,0.79076
2018,SE_TOT_SESPI,Norway,LOWSEC,SKILL_READ,0.80612
2018,SE_TOT_SESPI,Norway,LOWSEC,SKILL_MATH,0.78398
2019,SE_TOT_SESPI,Norway,PRIMAR,SKILL_MATH,0.7246
2019,SE_TOT_SESPI,Norway,GRAD23,SKILL_MATH,0.75237
2000,SE_TOT_SESPI,Poland,LOWSEC,SKILL_MATH,0.58845
2000,SE_TOT_SESPI,Poland,LOWSEC,SKILL_READ,0.68496
2003,SE_TOT_SESPI,Poland,LOWSEC,SKILL_READ,0.71388
2003,SE_TOT_SESPI,Poland,LOWSEC,SKILL_MATH,0.63895
2006,SE_TOT_SESPI,Poland,LOWSEC,SKILL_MATH,0.68218
2006,SE_TOT_SESPI,Poland,LOWSEC,SKILL_READ,0.74897
2006,SE_TOT_SESPI,Poland,PRIMAR,SKILL_READ,1.05173
2009,SE_TOT_SESPI,Poland,LOWSEC,SKILL_READ,0.75815
2009,SE_TOT_SESPI,Poland,LOWSEC,SKILL_MATH,0.66571
2011,SE_TOT_SESPI,Poland,PRIMAR,SKILL_MATH,0.65872
2011,SE_TOT_SESPI,Poland,PRIMAR,SKILL_READ,0.92972
2012,SE_TOT_SESPI,Poland,LOWSEC,SKILL_READ,0.82607
2012,SE_TOT_SESPI,Poland,LOWSEC,SKILL_MATH,0.74024
2015,SE_TOT_SESPI,Poland,LOWSEC,SKILL_MATH,0.76216
2015,SE_TOT_SESPI,Poland,PRIMAR,SKILL_MATH,0.81375
2015,SE_TOT_SESPI,Poland,LOWSEC,SKILL_READ,0.79174
2016,SE_TOT_SESPI,Poland,PRIMAR,SKILL_READ,0.9616
2018,SE_TOT_SESPI,Poland,LOWSEC,SKILL_READ,0.81008
2018,SE_TOT_SESPI,Poland,LOWSEC,SKILL_MATH,0.77565
2019,SE_TOT_SESPI,Poland,PRIMAR,SKILL_MATH,0.6495
2000,SE_TOT_SESPI,Portugal,LOWSEC,SKILL_MATH,0.53342
2000,SE_TOT_SESPI,Portugal,LOWSEC,SKILL_READ,0.63549
2003,SE_TOT_SESPI,Portugal,LOWSEC,SKILL_READ,0.6538
2003,SE_TOT_SESPI,Portugal,LOWSEC,SKILL_MATH,0.52417
2006,SE_TOT_SESPI,Portugal,LOWSEC,SKILL_READ,0.61023
2006,SE_TOT_SESPI,Portugal,LOWSEC,SKILL_MATH,0.55864
2009,SE_TOT_SESPI,Portugal,LOWSEC,SKILL_READ,0.72571
2009,SE_TOT_SESPI,Portugal,LOWSEC,SKILL_MATH,0.6247
2011,SE_TOT_SESPI,Portugal,PRIMAR,SKILL_READ,0.96094
2011,SE_TOT_SESPI,Portugal,PRIMAR,SKILL_MATH,0.78742
2012,SE_TOT_SESPI,Portugal,LOWSEC,SKILL_MATH,0.59721
2012,SE_TOT_SESPI,Portugal,LOWSEC,SKILL_READ,0.67333
2015,SE_TOT_SESPI,Portugal,PRIMAR,SKILL_MATH,0.84736
2015,SE_TOT_SESPI,Portugal,LOWSEC,SKILL_READ,0.75535
2015,SE_TOT_SESPI,Portugal,LOWSEC,SKILL_MATH,0.67143
2016,SE_TOT_SESPI,Portugal,PRIMAR,SKILL_READ,0.97159
2018,SE_TOT_SESPI,Portugal,LOWSEC,SKILL_MATH,0.64781
2018,SE_TOT_SESPI,Portugal,LOWSEC,SKILL_READ,0.714
2019,SE_TOT_SESPI,Portugal,PRIMAR,SKILL_MATH,0.81788
2001,SE_TOT_SESPI,Romania,PRIMAR,SKILL_READ,1.16366
2006,SE_TOT_SESPI,Romania,PRIMAR,SKILL_READ,0.80894
2006,SE_TOT_SESPI,Romania,LOWSEC,SKILL_READ,0.40922
2006,SE_TOT_SESPI,Romania,LOWSEC,SKILL_MATH,0.33588
2009,SE_TOT_SESPI,Romania,LOWSEC,SKILL_MATH,0.45031
2009,SE_TOT_SESPI,Romania,LOWSEC,SKILL_READ,0.49135
2011,SE_TOT_SESPI,Romania,PRIMAR,SKILL_MATH,0.75789
2011,SE_TOT_SESPI,Romania,PRIMAR,SKILL_READ,0.89925
2012,SE_TOT_SESPI,Romania,LOWSEC,SKILL_READ,0.49213
2012,SE_TOT_SESPI,Romania,LOWSEC,SKILL_MATH,0.4425
2015,SE_TOT_SESPI,Romania,LOWSEC,SKILL_MATH,0.51317
2015,SE_TOT_SESPI,Romania,LOWSEC,SKILL_READ,0.53503
2018,SE_TOT_SESPI,Romania,LOWSEC,SKILL_READ,0.46564
2018,SE_TOT_SESPI,Romania,LOWSEC,SKILL_MATH,0.40135
2011,SE_TOT_SESPI,Serbia,PRIMAR,SKILL_MATH,0.84558
2015,SE_TOT_SESPI,Serbia,PRIMAR,SKILL_MATH,0.886
2018,SE_TOT_SESPI,Serbia,LOWSEC,SKILL_READ,0.62287
2018,SE_TOT_SESPI,Serbia,LOWSEC,SKILL_MATH,0.59935
2019,SE_TOT_SESPI,Serbia,PRIMAR,SKILL_MATH,0.69734
2001,SE_TOT_SESPI,Slovakia,PRIMAR,SKILL_READ,0.93481
2003,SE_TOT_SESPI,Slovakia,LOWSEC,SKILL_READ,0.50895
2003,SE_TOT_SESPI,Slovakia,LOWSEC,SKILL_MATH,0.57518
2006,SE_TOT_SESPI,Slovakia,LOWSEC,SKILL_MATH,0.62324
2006,SE_TOT_SESPI,Slovakia,PRIMAR,SKILL_READ,0.77964
2006,SE_TOT_SESPI,Slovakia,LOWSEC,SKILL_READ,0.56927
2009,SE_TOT_SESPI,Slovakia,LOWSEC,SKILL_READ,0.65406
2009,SE_TOT_SESPI,Slovakia,LOWSEC,SKILL_MATH,0.64485
2011,SE_TOT_SESPI,Slovakia,PRIMAR,SKILL_READ,0.84516
2012,SE_TOT_SESPI,Slovakia,LOWSEC,SKILL_READ,0.45859
2012,SE_TOT_SESPI,Slovakia,LOWSEC,SKILL_MATH,0.47047
2015,SE_TOT_SESPI,Slovakia,LOWSEC,SKILL_MATH,0.60549
2015,SE_TOT_SESPI,Slovakia,LOWSEC,SKILL_READ,0.56536
2016,SE_TOT_SESPI,Slovakia,PRIMAR,SKILL_READ,0.58529
2018,SE_TOT_SESPI,Slovakia,LOWSEC,SKILL_READ,0.56045
2018,SE_TOT_SESPI,Slovakia,LOWSEC,SKILL_MATH,0.567
2019,SE_TOT_SESPI,Slovakia,PRIMAR,SKILL_MATH,0.43414
2015,SE_TOT_SESPI,Viet Nam,LOWSEC,SKILL_MATH,0.77965
2015,SE_TOT_SESPI,Viet Nam,LOWSEC,SKILL_READ,0.84401
2001,SE_TOT_SESPI,Slovenia,PRIMAR,SKILL_READ,0.86478
2003,SE_TOT_SESPI,Slovenia,PRIMAR,SKILL_MATH,0.90744
2006,SE_TOT_SESPI,Slovenia,LOWSEC,SKILL_READ,0.72973
2006,SE_TOT_SESPI,Slovenia,LOWSEC,SKILL_MATH,0.68758
2006,SE_TOT_SESPI,Slovenia,PRIMAR,SKILL_READ,0.9586
2007,SE_TOT_SESPI,Slovenia,PRIMAR,SKILL_MATH,0.88974
2009,SE_TOT_SESPI,Slovenia,LOWSEC,SKILL_MATH,0.6775
2009,SE_TOT_SESPI,Slovenia,LOWSEC,SKILL_READ,0.66557
2011,SE_TOT_SESPI,Slovenia,PRIMAR,SKILL_READ,0.97004
2011,SE_TOT_SESPI,Slovenia,PRIMAR,SKILL_MATH,0.88024
2012,SE_TOT_SESPI,Slovenia,LOWSEC,SKILL_MATH,0.681
2012,SE_TOT_SESPI,Slovenia,LOWSEC,SKILL_READ,0.6874
2015,SE_TOT_SESPI,Slovenia,LOWSEC,SKILL_MATH,0.80412
2015,SE_TOT_SESPI,Slovenia,PRIMAR,SKILL_MATH,0.99275
2015,SE_TOT_SESPI,Slovenia,LOWSEC,SKILL_READ,0.81451
2016,SE_TOT_SESPI,Slovenia,PRIMAR,SKILL_READ,0.98737
2018,SE_TOT_SESPI,Slovenia,LOWSEC,SKILL_READ,0.7938
2018,SE_TOT_SESPI,Slovenia,LOWSEC,SKILL_MATH,0.76934
2000,SE_TOT_SESPI,Spain,LOWSEC,SKILL_READ,0.72622
2000,SE_TOT_SESPI,Spain,LOWSEC,SKILL_MATH,0.62007
2003,SE_TOT_SESPI,Spain,LOWSEC,SKILL_MATH,0.65706
2003,SE_TOT_SESPI,Spain,LOWSEC,SKILL_READ,0.71838
2006,SE_TOT_SESPI,Spain,LOWSEC,SKILL_READ,0.62787
2006,SE_TOT_SESPI,Spain,LOWSEC,SKILL_MATH,0.6283
2006,SE_TOT_SESPI,Spain,PRIMAR,SKILL_READ,0.83708
2009,SE_TOT_SESPI,Spain,LOWSEC,SKILL_READ,0.69091
2009,SE_TOT_SESPI,Spain,LOWSEC,SKILL_MATH,0.6233
2011,SE_TOT_SESPI,Spain,PRIMAR,SKILL_READ,0.87303
2011,SE_TOT_SESPI,Spain,PRIMAR,SKILL_MATH,0.52161
2012,SE_TOT_SESPI,Spain,LOWSEC,SKILL_READ,0.71938
2012,SE_TOT_SESPI,Spain,LOWSEC,SKILL_MATH,0.62962
2015,SE_TOT_SESPI,Spain,LOWSEC,SKILL_MATH,0.68097
2015,SE_TOT_SESPI,Spain,LOWSEC,SKILL_READ,0.7674
2015,SE_TOT_SESPI,Spain,PRIMAR,SKILL_MATH,0.57115
2016,SE_TOT_SESPI,Spain,PRIMAR,SKILL_READ,0.95789
2018,SE_TOT_SESPI,Spain,LOWSEC,SKILL_MATH,0.68005
2019,SE_TOT_SESPI,Spain,PRIMAR,SKILL_MATH,0.63114
2000,SE_TOT_SESPI,Sweden,LOWSEC,SKILL_MATH,0.76883
2000,SE_TOT_SESPI,Sweden,LOWSEC,SKILL_READ,0.84007
2001,SE_TOT_SESPI,Sweden,PRIMAR,SKILL_READ,0.95361
2003,SE_TOT_SESPI,Sweden,LOWSEC,SKILL_MATH,0.72711
2003,SE_TOT_SESPI,Sweden,LOWSEC,SKILL_READ,0.78215
2006,SE_TOT_SESPI,Sweden,LOWSEC,SKILL_MATH,0.73043
2006,SE_TOT_SESPI,Sweden,LOWSEC,SKILL_READ,0.81092
2006,SE_TOT_SESPI,Sweden,PRIMAR,SKILL_READ,0.95771
2015,SE_TOT_SESPI,United Kingdom of Great Britain and Northern Ireland,LOWSEC,SKILL_READ,0.80883
2018,SE_TOT_SESPI,United Kingdom of Great Britain and Northern Ireland,LOWSEC,SKILL_READ,0.81057
2018,SE_TOT_SESPI,United Kingdom of Great Britain and Northern Ireland,LOWSEC,SKILL_MATH,0.75881
2019,SE_TOT_SESPI,United Kingdom of Great Britain and Northern Ireland,PRIMAR,SKILL_MATH,0.82035
2019,SE_TOT_SESPI,United Kingdom of Great Britain and Northern Ireland,PRIMAR,SKILL_MATH,0.82035
