Year,Poverty Line,GeoAreaName,Value
2020,Poverty line at $3.65 a day (LMIC),Albania,1.5
2019,Poverty line at $3.65 a day (LMIC),Albania,1.2
2018,Poverty line at $3.65 a day (LMIC),Albania,2.7
2017,Poverty line at $3.65 a day (LMIC),Albania,3.6
2016,Poverty line at $3.65 a day (LMIC),Albania,4.7
2015,Poverty line at $3.65 a day (LMIC),Albania,3.7
2014,Poverty line at $3.65 a day (LMIC),Albania,9.7
2012,Poverty line at $3.65 a day (LMIC),Albania,4.8
2008,Poverty line at $3.65 a day (LMIC),Albania,3.9
2005,Poverty line at $3.65 a day (LMIC),Albania,7.3
2002,Poverty line at $3.65 a day (LMIC),Albania,11.4
1996,Poverty line at $3.65 a day (LMIC),Albania,8.9
2021,Poverty line at $3.65 a day (LMIC),Armenia,8.7
2020,Poverty line at $3.65 a day (LMIC),Armenia,6.7
2019,Poverty line at $3.65 a day (LMIC),Armenia,9.8
2018,Poverty line at $3.65 a day (LMIC),Armenia,9.4
2017,Poverty line at $3.65 a day (LMIC),Armenia,8.1
2016,Poverty line at $3.65 a day (LMIC),Armenia,9.5
2015,Poverty line at $3.65 a day (LMIC),Armenia,9.4
2014,Poverty line at $3.65 a day (LMIC),Armenia,11.4
2013,Poverty line at $3.65 a day (LMIC),Armenia,11.3
2012,Poverty line at $3.65 a day (LMIC),Armenia,11.2
2011,Poverty line at $3.65 a day (LMIC),Armenia,13.1
2010,Poverty line at $3.65 a day (LMIC),Armenia,14
2009,Poverty line at $3.65 a day (LMIC),Armenia,13.8
2008,Poverty line at $3.65 a day (LMIC),Armenia,9.2
2007,Poverty line at $3.65 a day (LMIC),Armenia,13.7
2006,Poverty line at $3.65 a day (LMIC),Armenia,15.5
2005,Poverty line at $3.65 a day (LMIC),Armenia,19.4
2004,Poverty line at $3.65 a day (LMIC),Armenia,28.9
2003,Poverty line at $3.65 a day (LMIC),Armenia,39.7
2002,Poverty line at $3.65 a day (LMIC),Armenia,43.7
2001,Poverty line at $3.65 a day (LMIC),Armenia,47.2
1999,Poverty line at $3.65 a day (LMIC),Armenia,44.8
2020,Poverty line at $3.65 a day (LMIC),Austria,0.9
2019,Poverty line at $3.65 a day (LMIC),Austria,0.7
2018,Poverty line at $3.65 a day (LMIC),Austria,0.7
2017,Poverty line at $3.65 a day (LMIC),Austria,0.4
2016,Poverty line at $3.65 a day (LMIC),Austria,0.9
2015,Poverty line at $3.65 a day (LMIC),Austria,0.7
2014,Poverty line at $3.65 a day (LMIC),Austria,0.3
2013,Poverty line at $3.65 a day (LMIC),Austria,0.4
2012,Poverty line at $3.65 a day (LMIC),Austria,0.7
2011,Poverty line at $3.65 a day (LMIC),Austria,0.6
2010,Poverty line at $3.65 a day (LMIC),Austria,0.6
2009,Poverty line at $3.65 a day (LMIC),Austria,0.7
2008,Poverty line at $3.65 a day (LMIC),Austria,0.6
2007,Poverty line at $3.65 a day (LMIC),Austria,0.6
2006,Poverty line at $3.65 a day (LMIC),Austria,0.2
2005,Poverty line at $3.65 a day (LMIC),Austria,0.2
2004,Poverty line at $3.65 a day (LMIC),Austria,0.1
2003,Poverty line at $3.65 a day (LMIC),Austria,0.4
2000,Poverty line at $3.65 a day (LMIC),Austria,0.2
1999,Poverty line at $3.65 a day (LMIC),Austria,0.2
1998,Poverty line at $3.65 a day (LMIC),Austria,0.5
1997,Poverty line at $3.65 a day (LMIC),Austria,0.2
1996,Poverty line at $3.65 a day (LMIC),Austria,0.2
1995,Poverty line at $3.65 a day (LMIC),Austria,0.2
1994,Poverty line at $3.65 a day (LMIC),Austria,0.2
2005,Poverty line at $3.65 a day (LMIC),Azerbaijan,0.3
2004,Poverty line at $3.65 a day (LMIC),Azerbaijan,1
2003,Poverty line at $3.65 a day (LMIC),Azerbaijan,3.3
2002,Poverty line at $3.65 a day (LMIC),Azerbaijan,2.6
2001,Poverty line at $3.65 a day (LMIC),Azerbaijan,28.3
1995,Poverty line at $3.65 a day (LMIC),Azerbaijan,38.7
2020,Poverty line at $3.65 a day (LMIC),Belgium,0.1
2019,Poverty line at $3.65 a day (LMIC),Belgium,0.1
2018,Poverty line at $3.65 a day (LMIC),Belgium,0.1
2017,Poverty line at $3.65 a day (LMIC),Belgium,0.2
2016,Poverty line at $3.65 a day (LMIC),Belgium,0.1
2015,Poverty line at $3.65 a day (LMIC),Belgium,0.2
2014,Poverty line at $3.65 a day (LMIC),Belgium,0.1
2013,Poverty line at $3.65 a day (LMIC),Belgium,0.2
2012,Poverty line at $3.65 a day (LMIC),Belgium,0.2
2011,Poverty line at $3.65 a day (LMIC),Belgium,0.3
2010,Poverty line at $3.65 a day (LMIC),Belgium,0.2
2009,Poverty line at $3.65 a day (LMIC),Belgium,0.2
2008,Poverty line at $3.65 a day (LMIC),Belgium,0.1
2007,Poverty line at $3.65 a day (LMIC),Belgium,0.2
2006,Poverty line at $3.65 a day (LMIC),Belgium,0.2
2005,Poverty line at $3.65 a day (LMIC),Belgium,0.3
2004,Poverty line at $3.65 a day (LMIC),Belgium,0.1
2003,Poverty line at $3.65 a day (LMIC),Belgium,0.5
2000,Poverty line at $3.65 a day (LMIC),Belgium,0.7
1997,Poverty line at $3.65 a day (LMIC),Belgium,0.5
1995,Poverty line at $3.65 a day (LMIC),Belgium,0.7
1992,Poverty line at $3.65 a day (LMIC),Belgium,1
2020,Poverty line at $3.65 a day (LMIC),Bulgaria,1.4
2019,Poverty line at $3.65 a day (LMIC),Bulgaria,2.8
2018,Poverty line at $3.65 a day (LMIC),Bulgaria,2.3
2017,Poverty line at $3.65 a day (LMIC),Bulgaria,3.5
2016,Poverty line at $3.65 a day (LMIC),Bulgaria,4.8
2015,Poverty line at $3.65 a day (LMIC),Bulgaria,6.1
2014,Poverty line at $3.65 a day (LMIC),Bulgaria,3.9
2013,Poverty line at $3.65 a day (LMIC),Bulgaria,5
2012,Poverty line at $3.65 a day (LMIC),Bulgaria,5.5
2011,Poverty line at $3.65 a day (LMIC),Bulgaria,5.1
2010,Poverty line at $3.65 a day (LMIC),Bulgaria,4.6
2009,Poverty line at $3.65 a day (LMIC),Bulgaria,3
2008,Poverty line at $3.65 a day (LMIC),Bulgaria,3.5
2007,Poverty line at $3.65 a day (LMIC),Bulgaria,4.9
2006,Poverty line at $3.65 a day (LMIC),Bulgaria,11.5
2011,Poverty line at $3.65 a day (LMIC),Bosnia and Herzegovina,0.8
2007,Poverty line at $3.65 a day (LMIC),Bosnia and Herzegovina,0.4
2004,Poverty line at $3.65 a day (LMIC),Bosnia and Herzegovina,0.7
2001,Poverty line at $3.65 a day (LMIC),Bosnia and Herzegovina,1.1
2020,Poverty line at $3.65 a day (LMIC),Belarus,0.1
2019,Poverty line at $3.65 a day (LMIC),Belarus,0
2018,Poverty line at $3.65 a day (LMIC),Belarus,0.1
2017,Poverty line at $3.65 a day (LMIC),Belarus,0.1
2016,Poverty line at $3.65 a day (LMIC),Belarus,0.1
2015,Poverty line at $3.65 a day (LMIC),Belarus,0.1
2014,Poverty line at $3.65 a day (LMIC),Belarus,0.1
2013,Poverty line at $3.65 a day (LMIC),Belarus,0.1
2012,Poverty line at $3.65 a day (LMIC),Belarus,0.1
2011,Poverty line at $3.65 a day (LMIC),Belarus,0.6
2010,Poverty line at $3.65 a day (LMIC),Belarus,0.9
2009,Poverty line at $3.65 a day (LMIC),Belarus,1.8
2008,Poverty line at $3.65 a day (LMIC),Belarus,1.7
2007,Poverty line at $3.65 a day (LMIC),Belarus,2.7
2006,Poverty line at $3.65 a day (LMIC),Belarus,3.5
2005,Poverty line at $3.65 a day (LMIC),Belarus,6
2004,Poverty line at $3.65 a day (LMIC),Belarus,10.6
2003,Poverty line at $3.65 a day (LMIC),Belarus,18.8
2002,Poverty line at $3.65 a day (LMIC),Belarus,22.3
2001,Poverty line at $3.65 a day (LMIC),Belarus,28.1
2000,Poverty line at $3.65 a day (LMIC),Belarus,43.3
1999,Poverty line at $3.65 a day (LMIC),Belarus,51.1
1998,Poverty line at $3.65 a day (LMIC),Belarus,56.7
2018,Poverty line at $3.65 a day (LMIC),Switzerland,0
2017,Poverty line at $3.65 a day (LMIC),Switzerland,0
2016,Poverty line at $3.65 a day (LMIC),Switzerland,0.1
2015,Poverty line at $3.65 a day (LMIC),Switzerland,0
2014,Poverty line at $3.65 a day (LMIC),Switzerland,0
2013,Poverty line at $3.65 a day (LMIC),Switzerland,0
2012,Poverty line at $3.65 a day (LMIC),Switzerland,0
2011,Poverty line at $3.65 a day (LMIC),Switzerland,0
2010,Poverty line at $3.65 a day (LMIC),Switzerland,0.1
2009,Poverty line at $3.65 a day (LMIC),Switzerland,0.1
2008,Poverty line at $3.65 a day (LMIC),Switzerland,0.1
2007,Poverty line at $3.65 a day (LMIC),Switzerland,0.1
2006,Poverty line at $3.65 a day (LMIC),Switzerland,0.2
2002,Poverty line at $3.65 a day (LMIC),Switzerland,0
2000,Poverty line at $3.65 a day (LMIC),Switzerland,0.2
1992,Poverty line at $3.65 a day (LMIC),Switzerland,0.7
2020,Poverty line at $3.65 a day (LMIC),Cyprus,0.1
2019,Poverty line at $3.65 a day (LMIC),Cyprus,0.2
2018,Poverty line at $3.65 a day (LMIC),Cyprus,0.1
2017,Poverty line at $3.65 a day (LMIC),Cyprus,0.1
2016,Poverty line at $3.65 a day (LMIC),Cyprus,0.1
2015,Poverty line at $3.65 a day (LMIC),Cyprus,0.1
2014,Poverty line at $3.65 a day (LMIC),Cyprus,0.2
2013,Poverty line at $3.65 a day (LMIC),Cyprus,0.2
2012,Poverty line at $3.65 a day (LMIC),Cyprus,0
2011,Poverty line at $3.65 a day (LMIC),Cyprus,0
2010,Poverty line at $3.65 a day (LMIC),Cyprus,0.1
2009,Poverty line at $3.65 a day (LMIC),Cyprus,0.1
2008,Poverty line at $3.65 a day (LMIC),Cyprus,0
2007,Poverty line at $3.65 a day (LMIC),Cyprus,0
2006,Poverty line at $3.65 a day (LMIC),Cyprus,0
2005,Poverty line at $3.65 a day (LMIC),Cyprus,0.1
2004,Poverty line at $3.65 a day (LMIC),Cyprus,0.1
2020,Poverty line at $3.65 a day (LMIC),Czechia,0
2019,Poverty line at $3.65 a day (LMIC),Czechia,0
2018,Poverty line at $3.65 a day (LMIC),Czechia,0
2017,Poverty line at $3.65 a day (LMIC),Czechia,0.1
2016,Poverty line at $3.65 a day (LMIC),Czechia,0.1
2015,Poverty line at $3.65 a day (LMIC),Czechia,0
2014,Poverty line at $3.65 a day (LMIC),Czechia,0.1
2013,Poverty line at $3.65 a day (LMIC),Czechia,0.1
2012,Poverty line at $3.65 a day (LMIC),Czechia,0.1
2011,Poverty line at $3.65 a day (LMIC),Czechia,0.1
2010,Poverty line at $3.65 a day (LMIC),Czechia,0.1
2009,Poverty line at $3.65 a day (LMIC),Czechia,0.1
2008,Poverty line at $3.65 a day (LMIC),Czechia,0.1
2007,Poverty line at $3.65 a day (LMIC),Czechia,0.2
2006,Poverty line at $3.65 a day (LMIC),Czechia,0.1
2005,Poverty line at $3.65 a day (LMIC),Czechia,0.1
2004,Poverty line at $3.65 a day (LMIC),Czechia,0
2002,Poverty line at $3.65 a day (LMIC),Czechia,0
1996,Poverty line at $3.65 a day (LMIC),Czechia,0.2
1993,Poverty line at $3.65 a day (LMIC),Czechia,0
1992,Poverty line at $3.65 a day (LMIC),Czechia,0
2019,Poverty line at $3.65 a day (LMIC),Germany,0.2
2018,Poverty line at $3.65 a day (LMIC),Germany,0.2
2017,Poverty line at $3.65 a day (LMIC),Germany,0.5
2016,Poverty line at $3.65 a day (LMIC),Germany,0.2
2015,Poverty line at $3.65 a day (LMIC),Germany,0
2014,Poverty line at $3.65 a day (LMIC),Germany,0.2
2013,Poverty line at $3.65 a day (LMIC),Germany,0
2012,Poverty line at $3.65 a day (LMIC),Germany,0
2011,Poverty line at $3.65 a day (LMIC),Germany,0
2010,Poverty line at $3.65 a day (LMIC),Germany,0.2
2009,Poverty line at $3.65 a day (LMIC),Germany,0
2008,Poverty line at $3.65 a day (LMIC),Germany,0.2
2007,Poverty line at $3.65 a day (LMIC),Germany,0
2006,Poverty line at $3.65 a day (LMIC),Germany,0
2005,Poverty line at $3.65 a day (LMIC),Germany,0
2004,Poverty line at $3.65 a day (LMIC),Germany,0
2003,Poverty line at $3.65 a day (LMIC),Germany,0.2
2002,Poverty line at $3.65 a day (LMIC),Germany,0
2001,Poverty line at $3.65 a day (LMIC),Germany,0.2
2000,Poverty line at $3.65 a day (LMIC),Germany,0
1999,Poverty line at $3.65 a day (LMIC),Germany,0.2
1998,Poverty line at $3.65 a day (LMIC),Germany,0
1997,Poverty line at $3.65 a day (LMIC),Germany,0.2
1996,Poverty line at $3.65 a day (LMIC),Germany,0.2
1995,Poverty line at $3.65 a day (LMIC),Germany,0.2
1994,Poverty line at $3.65 a day (LMIC),Germany,0.2
1993,Poverty line at $3.65 a day (LMIC),Germany,0
1992,Poverty line at $3.65 a day (LMIC),Germany,0.2
1991,Poverty line at $3.65 a day (LMIC),Germany,0
2020,Poverty line at $3.65 a day (LMIC),Denmark,0.2
2019,Poverty line at $3.65 a day (LMIC),Denmark,0.3
2018,Poverty line at $3.65 a day (LMIC),Denmark,0.2
2017,Poverty line at $3.65 a day (LMIC),Denmark,0.2
2016,Poverty line at $3.65 a day (LMIC),Denmark,0.3
2015,Poverty line at $3.65 a day (LMIC),Denmark,0.3
2014,Poverty line at $3.65 a day (LMIC),Denmark,0.2
2013,Poverty line at $3.65 a day (LMIC),Denmark,0.3
2012,Poverty line at $3.65 a day (LMIC),Denmark,0
2011,Poverty line at $3.65 a day (LMIC),Denmark,0
2010,Poverty line at $3.65 a day (LMIC),Denmark,0.1
2009,Poverty line at $3.65 a day (LMIC),Denmark,0.6
2008,Poverty line at $3.65 a day (LMIC),Denmark,0.4
2007,Poverty line at $3.65 a day (LMIC),Denmark,0.3
2006,Poverty line at $3.65 a day (LMIC),Denmark,0.2
2005,Poverty line at $3.65 a day (LMIC),Denmark,0.3
2004,Poverty line at $3.65 a day (LMIC),Denmark,0.3
2003,Poverty line at $3.65 a day (LMIC),Denmark,0.4
2000,Poverty line at $3.65 a day (LMIC),Denmark,0
1995,Poverty line at $3.65 a day (LMIC),Denmark,0.2
1992,Poverty line at $3.65 a day (LMIC),Denmark,0.7
2020,Poverty line at $3.65 a day (LMIC),Spain,1.4
2019,Poverty line at $3.65 a day (LMIC),Spain,1.1
2018,Poverty line at $3.65 a day (LMIC),Spain,1.2
2017,Poverty line at $3.65 a day (LMIC),Spain,1.1
2016,Poverty line at $3.65 a day (LMIC),Spain,1.7
2015,Poverty line at $3.65 a day (LMIC),Spain,1.5
2014,Poverty line at $3.65 a day (LMIC),Spain,1.5
2013,Poverty line at $3.65 a day (LMIC),Spain,1.7
2012,Poverty line at $3.65 a day (LMIC),Spain,1.5
2011,Poverty line at $3.65 a day (LMIC),Spain,1.6
2010,Poverty line at $3.65 a day (LMIC),Spain,1.1
2009,Poverty line at $3.65 a day (LMIC),Spain,1.1
2008,Poverty line at $3.65 a day (LMIC),Spain,0.9
2007,Poverty line at $3.65 a day (LMIC),Spain,0.7
2006,Poverty line at $3.65 a day (LMIC),Spain,1.1
2005,Poverty line at $3.65 a day (LMIC),Spain,1.1
2004,Poverty line at $3.65 a day (LMIC),Spain,1.3
2003,Poverty line at $3.65 a day (LMIC),Spain,1.2
2000,Poverty line at $3.65 a day (LMIC),Spain,0.7
1995,Poverty line at $3.65 a day (LMIC),Spain,1.7
1990,Poverty line at $3.65 a day (LMIC),Spain,0.7
2020,Poverty line at $3.65 a day (LMIC),Estonia,0.5
2019,Poverty line at $3.65 a day (LMIC),Estonia,0.9
2018,Poverty line at $3.65 a day (LMIC),Estonia,0.5
2017,Poverty line at $3.65 a day (LMIC),Estonia,0.6
2016,Poverty line at $3.65 a day (LMIC),Estonia,0.7
2015,Poverty line at $3.65 a day (LMIC),Estonia,0.9
2014,Poverty line at $3.65 a day (LMIC),Estonia,1.4
2013,Poverty line at $3.65 a day (LMIC),Estonia,1.6
2012,Poverty line at $3.65 a day (LMIC),Estonia,1.5
2011,Poverty line at $3.65 a day (LMIC),Estonia,1.6
2010,Poverty line at $3.65 a day (LMIC),Estonia,1.8
2009,Poverty line at $3.65 a day (LMIC),Estonia,1.2
2008,Poverty line at $3.65 a day (LMIC),Estonia,0.9
2007,Poverty line at $3.65 a day (LMIC),Estonia,0.9
2006,Poverty line at $3.65 a day (LMIC),Estonia,1.4
2005,Poverty line at $3.65 a day (LMIC),Estonia,1.9
2004,Poverty line at $3.65 a day (LMIC),Estonia,3.2
2003,Poverty line at $3.65 a day (LMIC),Estonia,5.5
2020,Poverty line at $3.65 a day (LMIC),Finland,0
2019,Poverty line at $3.65 a day (LMIC),Finland,0.1
2018,Poverty line at $3.65 a day (LMIC),Finland,0.1
2017,Poverty line at $3.65 a day (LMIC),Finland,0.1
2016,Poverty line at $3.65 a day (LMIC),Finland,0.1
2015,Poverty line at $3.65 a day (LMIC),Finland,0.1
2014,Poverty line at $3.65 a day (LMIC),Finland,0.1
2013,Poverty line at $3.65 a day (LMIC),Finland,0.1
2012,Poverty line at $3.65 a day (LMIC),Finland,0.1
2011,Poverty line at $3.65 a day (LMIC),Finland,0.1
2010,Poverty line at $3.65 a day (LMIC),Finland,0.1
2009,Poverty line at $3.65 a day (LMIC),Finland,0.1
2008,Poverty line at $3.65 a day (LMIC),Finland,0.1
2007,Poverty line at $3.65 a day (LMIC),Finland,0.1
2006,Poverty line at $3.65 a day (LMIC),Finland,0.1
2005,Poverty line at $3.65 a day (LMIC),Finland,0.1
2004,Poverty line at $3.65 a day (LMIC),Finland,0.1
2003,Poverty line at $3.65 a day (LMIC),Finland,0.1
2000,Poverty line at $3.65 a day (LMIC),Finland,0
1995,Poverty line at $3.65 a day (LMIC),Finland,0
1991,Poverty line at $3.65 a day (LMIC),Finland,0
2020,Poverty line at $3.65 a day (LMIC),France,0.2
2019,Poverty line at $3.65 a day (LMIC),France,0.1
2018,Poverty line at $3.65 a day (LMIC),France,0.1
2017,Poverty line at $3.65 a day (LMIC),France,0
2016,Poverty line at $3.65 a day (LMIC),France,0.1
2015,Poverty line at $3.65 a day (LMIC),France,0.2
2014,Poverty line at $3.65 a day (LMIC),France,0
2013,Poverty line at $3.65 a day (LMIC),France,0.1
2012,Poverty line at $3.65 a day (LMIC),France,0.1
2011,Poverty line at $3.65 a day (LMIC),France,0.1
2010,Poverty line at $3.65 a day (LMIC),France,0.1
2009,Poverty line at $3.65 a day (LMIC),France,0.1
2008,Poverty line at $3.65 a day (LMIC),France,0
2007,Poverty line at $3.65 a day (LMIC),France,0
2006,Poverty line at $3.65 a day (LMIC),France,0.1
2005,Poverty line at $3.65 a day (LMIC),France,0.1
2004,Poverty line at $3.65 a day (LMIC),France,0.1
2003,Poverty line at $3.65 a day (LMIC),France,0.2
2002,Poverty line at $3.65 a day (LMIC),France,0
2001,Poverty line at $3.65 a day (LMIC),France,0.2
2000,Poverty line at $3.65 a day (LMIC),France,0.2
1999,Poverty line at $3.65 a day (LMIC),France,0.2
1998,Poverty line at $3.65 a day (LMIC),France,0.2
1997,Poverty line at $3.65 a day (LMIC),France,0.2
1996,Poverty line at $3.65 a day (LMIC),France,0.2
1990,Poverty line at $3.65 a day (LMIC),France,0.2
2021,Poverty line at $3.65 a day (LMIC),Georgia,19.1
2020,Poverty line at $3.65 a day (LMIC),Georgia,21.4
2019,Poverty line at $3.65 a day (LMIC),Georgia,18.5
2018,Poverty line at $3.65 a day (LMIC),Georgia,19.6
2017,Poverty line at $3.65 a day (LMIC),Georgia,20.1
2016,Poverty line at $3.65 a day (LMIC),Georgia,20.1
2015,Poverty line at $3.65 a day (LMIC),Georgia,20
2014,Poverty line at $3.65 a day (LMIC),Georgia,22
2013,Poverty line at $3.65 a day (LMIC),Georgia,25.3
2012,Poverty line at $3.65 a day (LMIC),Georgia,29.6
2011,Poverty line at $3.65 a day (LMIC),Georgia,33.3
2010,Poverty line at $3.65 a day (LMIC),Georgia,35.7
2009,Poverty line at $3.65 a day (LMIC),Georgia,34.3
2008,Poverty line at $3.65 a day (LMIC),Georgia,34.1
2007,Poverty line at $3.65 a day (LMIC),Georgia,37.8
2006,Poverty line at $3.65 a day (LMIC),Georgia,35.6
2005,Poverty line at $3.65 a day (LMIC),Georgia,35.2
2004,Poverty line at $3.65 a day (LMIC),Georgia,32.7
2003,Poverty line at $3.65 a day (LMIC),Georgia,35.9
2002,Poverty line at $3.65 a day (LMIC),Georgia,35.5
2001,Poverty line at $3.65 a day (LMIC),Georgia,52.4
2000,Poverty line at $3.65 a day (LMIC),Georgia,49.6
1999,Poverty line at $3.65 a day (LMIC),Georgia,47.1
1998,Poverty line at $3.65 a day (LMIC),Georgia,39.4
1997,Poverty line at $3.65 a day (LMIC),Georgia,40.7
1996,Poverty line at $3.65 a day (LMIC),Georgia,19.9
2020,Poverty line at $3.65 a day (LMIC),Greece,1.6
2019,Poverty line at $3.65 a day (LMIC),Greece,1.3
2018,Poverty line at $3.65 a day (LMIC),Greece,0.3
2017,Poverty line at $3.65 a day (LMIC),Greece,1.6
2016,Poverty line at $3.65 a day (LMIC),Greece,2
2015,Poverty line at $3.65 a day (LMIC),Greece,2.8
2014,Poverty line at $3.65 a day (LMIC),Greece,2.9
2013,Poverty line at $3.65 a day (LMIC),Greece,2.6
2012,Poverty line at $3.65 a day (LMIC),Greece,2.8
2011,Poverty line at $3.65 a day (LMIC),Greece,2
2010,Poverty line at $3.65 a day (LMIC),Greece,1.3
2009,Poverty line at $3.65 a day (LMIC),Greece,0.7
2008,Poverty line at $3.65 a day (LMIC),Greece,0.5
2007,Poverty line at $3.65 a day (LMIC),Greece,0.7
2006,Poverty line at $3.65 a day (LMIC),Greece,0.9
2005,Poverty line at $3.65 a day (LMIC),Greece,0.5
2004,Poverty line at $3.65 a day (LMIC),Greece,1
2003,Poverty line at $3.65 a day (LMIC),Greece,0.7
2000,Poverty line at $3.65 a day (LMIC),Greece,1
1995,Poverty line at $3.65 a day (LMIC),Greece,2.2
2020,Poverty line at $3.65 a day (LMIC),Croatia,0.7
2019,Poverty line at $3.65 a day (LMIC),Croatia,0.6
2018,Poverty line at $3.65 a day (LMIC),Croatia,0.7
2017,Poverty line at $3.65 a day (LMIC),Croatia,1.1
2016,Poverty line at $3.65 a day (LMIC),Croatia,1.3
2015,Poverty line at $3.65 a day (LMIC),Croatia,1.3
2014,Poverty line at $3.65 a day (LMIC),Croatia,1.7
2013,Poverty line at $3.65 a day (LMIC),Croatia,2
2012,Poverty line at $3.65 a day (LMIC),Croatia,2
2011,Poverty line at $3.65 a day (LMIC),Croatia,1.8
2010,Poverty line at $3.65 a day (LMIC),Croatia,2.2
2009,Poverty line at $3.65 a day (LMIC),Croatia,1.6
2020,Poverty line at $3.65 a day (LMIC),Hungary,0.8
2019,Poverty line at $3.65 a day (LMIC),Hungary,0.9
2018,Poverty line at $3.65 a day (LMIC),Hungary,0.7
2017,Poverty line at $3.65 a day (LMIC),Hungary,1.5
2016,Poverty line at $3.65 a day (LMIC),Hungary,1.9
2015,Poverty line at $3.65 a day (LMIC),Hungary,1.3
2014,Poverty line at $3.65 a day (LMIC),Hungary,1.1
2013,Poverty line at $3.65 a day (LMIC),Hungary,0.9
2012,Poverty line at $3.65 a day (LMIC),Hungary,1
2011,Poverty line at $3.65 a day (LMIC),Hungary,0.3
2010,Poverty line at $3.65 a day (LMIC),Hungary,0.3
2009,Poverty line at $3.65 a day (LMIC),Hungary,0.2
2008,Poverty line at $3.65 a day (LMIC),Hungary,0.2
2007,Poverty line at $3.65 a day (LMIC),Hungary,0.4
2006,Poverty line at $3.65 a day (LMIC),Hungary,0.3
2005,Poverty line at $3.65 a day (LMIC),Hungary,1.5
2004,Poverty line at $3.65 a day (LMIC),Hungary,0.4
2020,Poverty line at $3.65 a day (LMIC),Ireland,0.2
2019,Poverty line at $3.65 a day (LMIC),Ireland,0.1
2018,Poverty line at $3.65 a day (LMIC),Ireland,0.1
2017,Poverty line at $3.65 a day (LMIC),Ireland,0.3
2016,Poverty line at $3.65 a day (LMIC),Ireland,0.4
2015,Poverty line at $3.65 a day (LMIC),Ireland,0.5
2014,Poverty line at $3.65 a day (LMIC),Ireland,0.5
2013,Poverty line at $3.65 a day (LMIC),Ireland,1
2012,Poverty line at $3.65 a day (LMIC),Ireland,0.7
2011,Poverty line at $3.65 a day (LMIC),Ireland,0.9
2010,Poverty line at $3.65 a day (LMIC),Ireland,0.9
2009,Poverty line at $3.65 a day (LMIC),Ireland,0.7
2008,Poverty line at $3.65 a day (LMIC),Ireland,0.3
2007,Poverty line at $3.65 a day (LMIC),Ireland,0.1
2006,Poverty line at $3.65 a day (LMIC),Ireland,0.5
2005,Poverty line at $3.65 a day (LMIC),Ireland,0.1
2004,Poverty line at $3.65 a day (LMIC),Ireland,0.1
2003,Poverty line at $3.65 a day (LMIC),Ireland,0.2
2002,Poverty line at $3.65 a day (LMIC),Ireland,0.5
2000,Poverty line at $3.65 a day (LMIC),Ireland,0.2
1996,Poverty line at $3.65 a day (LMIC),Ireland,0.2
1995,Poverty line at $3.65 a day (LMIC),Ireland,0.5
1994,Poverty line at $3.65 a day (LMIC),Ireland,0.5
2017,Poverty line at $3.65 a day (LMIC),Iceland,0
2016,Poverty line at $3.65 a day (LMIC),Iceland,0.1
2015,Poverty line at $3.65 a day (LMIC),Iceland,0
2014,Poverty line at $3.65 a day (LMIC),Iceland,0.1
2013,Poverty line at $3.65 a day (LMIC),Iceland,0.1
2012,Poverty line at $3.65 a day (LMIC),Iceland,0.1
2011,Poverty line at $3.65 a day (LMIC),Iceland,0.2
2010,Poverty line at $3.65 a day (LMIC),Iceland,0.2
2009,Poverty line at $3.65 a day (LMIC),Iceland,0.1
2008,Poverty line at $3.65 a day (LMIC),Iceland,0.1
2007,Poverty line at $3.65 a day (LMIC),Iceland,0.1
2006,Poverty line at $3.65 a day (LMIC),Iceland,0.3
2005,Poverty line at $3.65 a day (LMIC),Iceland,0.1
2004,Poverty line at $3.65 a day (LMIC),Iceland,0.2
2003,Poverty line at $3.65 a day (LMIC),Iceland,0.1
2020,Poverty line at $3.65 a day (LMIC),Italy,1.2
2019,Poverty line at $3.65 a day (LMIC),Italy,1.3
2018,Poverty line at $3.65 a day (LMIC),Italy,2.1
2017,Poverty line at $3.65 a day (LMIC),Italy,1.8
2016,Poverty line at $3.65 a day (LMIC),Italy,2.3
2015,Poverty line at $3.65 a day (LMIC),Italy,2.6
2014,Poverty line at $3.65 a day (LMIC),Italy,1.8
2013,Poverty line at $3.65 a day (LMIC),Italy,2
2012,Poverty line at $3.65 a day (LMIC),Italy,1.8
2011,Poverty line at $3.65 a day (LMIC),Italy,1.5
2010,Poverty line at $3.65 a day (LMIC),Italy,1.6
2009,Poverty line at $3.65 a day (LMIC),Italy,1.3
2008,Poverty line at $3.65 a day (LMIC),Italy,1
2007,Poverty line at $3.65 a day (LMIC),Italy,1.1
2006,Poverty line at $3.65 a day (LMIC),Italy,0.9
2005,Poverty line at $3.65 a day (LMIC),Italy,1
2004,Poverty line at $3.65 a day (LMIC),Italy,0.9
2003,Poverty line at $3.65 a day (LMIC),Italy,1.1
2000,Poverty line at $3.65 a day (LMIC),Italy,1.7
1998,Poverty line at $3.65 a day (LMIC),Italy,2.2
1995,Poverty line at $3.65 a day (LMIC),Italy,1.2
1993,Poverty line at $3.65 a day (LMIC),Italy,1.9
1991,Poverty line at $3.65 a day (LMIC),Italy,0.2
2018,Poverty line at $3.65 a day (LMIC),Kazakhstan,0.5
2017,Poverty line at $3.65 a day (LMIC),Kazakhstan,0.7
2016,Poverty line at $3.65 a day (LMIC),Kazakhstan,1.3
2015,Poverty line at $3.65 a day (LMIC),Kazakhstan,0.7
2014,Poverty line at $3.65 a day (LMIC),Kazakhstan,0.5
2013,Poverty line at $3.65 a day (LMIC),Kazakhstan,0.4
2012,Poverty line at $3.65 a day (LMIC),Kazakhstan,0.9
2011,Poverty line at $3.65 a day (LMIC),Kazakhstan,1.1
2010,Poverty line at $3.65 a day (LMIC),Kazakhstan,2.9
2009,Poverty line at $3.65 a day (LMIC),Kazakhstan,4
2008,Poverty line at $3.65 a day (LMIC),Kazakhstan,3.4
2007,Poverty line at $3.65 a day (LMIC),Kazakhstan,4.5
2006,Poverty line at $3.65 a day (LMIC),Kazakhstan,8.4
2005,Poverty line at $3.65 a day (LMIC),Kazakhstan,28.4
2004,Poverty line at $3.65 a day (LMIC),Kazakhstan,21.6
2003,Poverty line at $3.65 a day (LMIC),Kazakhstan,28
2002,Poverty line at $3.65 a day (LMIC),Kazakhstan,33.4
2001,Poverty line at $3.65 a day (LMIC),Kazakhstan,37.6
1996,Poverty line at $3.65 a day (LMIC),Kazakhstan,29.3
2020,Poverty line at $3.65 a day (LMIC),Kyrgyzstan,18.7
2019,Poverty line at $3.65 a day (LMIC),Kyrgyzstan,11.7
2018,Poverty line at $3.65 a day (LMIC),Kyrgyzstan,13.2
2017,Poverty line at $3.65 a day (LMIC),Kyrgyzstan,17.3
2016,Poverty line at $3.65 a day (LMIC),Kyrgyzstan,17
2015,Poverty line at $3.65 a day (LMIC),Kyrgyzstan,21.1
2014,Poverty line at $3.65 a day (LMIC),Kyrgyzstan,17.6
2013,Poverty line at $3.65 a day (LMIC),Kyrgyzstan,24.1
2012,Poverty line at $3.65 a day (LMIC),Kyrgyzstan,20
2011,Poverty line at $3.65 a day (LMIC),Kyrgyzstan,19.3
2010,Poverty line at $3.65 a day (LMIC),Kyrgyzstan,21.4
2009,Poverty line at $3.65 a day (LMIC),Kyrgyzstan,18.7
2008,Poverty line at $3.65 a day (LMIC),Kyrgyzstan,22.7
2007,Poverty line at $3.65 a day (LMIC),Kyrgyzstan,33.6
2006,Poverty line at $3.65 a day (LMIC),Kyrgyzstan,37
2005,Poverty line at $3.65 a day (LMIC),Kyrgyzstan,49.7
2004,Poverty line at $3.65 a day (LMIC),Kyrgyzstan,44.2
2003,Poverty line at $3.65 a day (LMIC),Kyrgyzstan,67.5
2002,Poverty line at $3.65 a day (LMIC),Kyrgyzstan,69.7
2001,Poverty line at $3.65 a day (LMIC),Kyrgyzstan,71.5
2000,Poverty line at $3.65 a day (LMIC),Kyrgyzstan,75.7
2020,Poverty line at $3.65 a day (LMIC),Lithuania,0.6
2019,Poverty line at $3.65 a day (LMIC),Lithuania,0.7
2018,Poverty line at $3.65 a day (LMIC),Lithuania,1.3
2017,Poverty line at $3.65 a day (LMIC),Lithuania,1.5
2016,Poverty line at $3.65 a day (LMIC),Lithuania,2.2
2015,Poverty line at $3.65 a day (LMIC),Lithuania,1.4
2014,Poverty line at $3.65 a day (LMIC),Lithuania,2.7
2013,Poverty line at $3.65 a day (LMIC),Lithuania,2
2012,Poverty line at $3.65 a day (LMIC),Lithuania,2
2011,Poverty line at $3.65 a day (LMIC),Lithuania,1.6
2010,Poverty line at $3.65 a day (LMIC),Lithuania,3.2
2009,Poverty line at $3.65 a day (LMIC),Lithuania,4.3
2008,Poverty line at $3.65 a day (LMIC),Lithuania,2.3
2007,Poverty line at $3.65 a day (LMIC),Lithuania,1.9
2006,Poverty line at $3.65 a day (LMIC),Lithuania,2.9
2005,Poverty line at $3.65 a day (LMIC),Lithuania,4.4
2004,Poverty line at $3.65 a day (LMIC),Lithuania,7.3
2020,Poverty line at $3.65 a day (LMIC),Luxembourg,0
2019,Poverty line at $3.65 a day (LMIC),Luxembourg,0.1
2018,Poverty line at $3.65 a day (LMIC),Luxembourg,0.4
2017,Poverty line at $3.65 a day (LMIC),Luxembourg,0.4
2016,Poverty line at $3.65 a day (LMIC),Luxembourg,0.1
2015,Poverty line at $3.65 a day (LMIC),Luxembourg,0.4
2014,Poverty line at $3.65 a day (LMIC),Luxembourg,0.2
2013,Poverty line at $3.65 a day (LMIC),Luxembourg,0.1
2012,Poverty line at $3.65 a day (LMIC),Luxembourg,0.1
2011,Poverty line at $3.65 a day (LMIC),Luxembourg,0.1
2010,Poverty line at $3.65 a day (LMIC),Luxembourg,0
2009,Poverty line at $3.65 a day (LMIC),Luxembourg,0.1
2008,Poverty line at $3.65 a day (LMIC),Luxembourg,0
2007,Poverty line at $3.65 a day (LMIC),Luxembourg,0
2006,Poverty line at $3.65 a day (LMIC),Luxembourg,0
2005,Poverty line at $3.65 a day (LMIC),Luxembourg,0.1
2004,Poverty line at $3.65 a day (LMIC),Luxembourg,0
2003,Poverty line at $3.65 a day (LMIC),Luxembourg,0.1
2000,Poverty line at $3.65 a day (LMIC),Luxembourg,0
1997,Poverty line at $3.65 a day (LMIC),Luxembourg,0
1994,Poverty line at $3.65 a day (LMIC),Luxembourg,0
1991,Poverty line at $3.65 a day (LMIC),Luxembourg,0
2020,Poverty line at $3.65 a day (LMIC),Latvia,0.8
2019,Poverty line at $3.65 a day (LMIC),Latvia,0.8
2018,Poverty line at $3.65 a day (LMIC),Latvia,0.9
2017,Poverty line at $3.65 a day (LMIC),Latvia,1.5
2016,Poverty line at $3.65 a day (LMIC),Latvia,1.5
2015,Poverty line at $3.65 a day (LMIC),Latvia,1.6
2014,Poverty line at $3.65 a day (LMIC),Latvia,1.9
2013,Poverty line at $3.65 a day (LMIC),Latvia,2.5
2012,Poverty line at $3.65 a day (LMIC),Latvia,2.8
2011,Poverty line at $3.65 a day (LMIC),Latvia,3.1
2010,Poverty line at $3.65 a day (LMIC),Latvia,3.8
2009,Poverty line at $3.65 a day (LMIC),Latvia,3.9
2008,Poverty line at $3.65 a day (LMIC),Latvia,2.4
2007,Poverty line at $3.65 a day (LMIC),Latvia,1.7
2006,Poverty line at $3.65 a day (LMIC),Latvia,2.7
2005,Poverty line at $3.65 a day (LMIC),Latvia,5.2
2004,Poverty line at $3.65 a day (LMIC),Latvia,5.8
2021,Poverty line at $3.65 a day (LMIC),Moldova,0.3
2019,Poverty line at $3.65 a day (LMIC),Moldova,0.4
2018,Poverty line at $3.65 a day (LMIC),Moldova,0.6
2017,Poverty line at $3.65 a day (LMIC),Moldova,0.7
2016,Poverty line at $3.65 a day (LMIC),Moldova,1.1
2015,Poverty line at $3.65 a day (LMIC),Moldova,0.9
2014,Poverty line at $3.65 a day (LMIC),Moldova,0.8
2013,Poverty line at $3.65 a day (LMIC),Moldova,1.6
2012,Poverty line at $3.65 a day (LMIC),Moldova,2.3
2011,Poverty line at $3.65 a day (LMIC),Moldova,3.1
2010,Poverty line at $3.65 a day (LMIC),Moldova,4.5
2009,Poverty line at $3.65 a day (LMIC),Moldova,6.6
2008,Poverty line at $3.65 a day (LMIC),Moldova,7.2
2007,Poverty line at $3.65 a day (LMIC),Moldova,6.5
2006,Poverty line at $3.65 a day (LMIC),Moldova,10.6
2005,Poverty line at $3.65 a day (LMIC),Moldova,35.7
2004,Poverty line at $3.65 a day (LMIC),Moldova,28.7
2003,Poverty line at $3.65 a day (LMIC),Moldova,27.7
2002,Poverty line at $3.65 a day (LMIC),Moldova,40.5
2001,Poverty line at $3.65 a day (LMIC),Moldova,55.1
2000,Poverty line at $3.65 a day (LMIC),Moldova,64.7
1999,Poverty line at $3.65 a day (LMIC),Moldova,66
1998,Poverty line at $3.65 a day (LMIC),Moldova,53.1
1997,Poverty line at $3.65 a day (LMIC),Moldova,39.1
2019,Poverty line at $3.65 a day (LMIC),North Macedonia,7.5
2018,Poverty line at $3.65 a day (LMIC),North Macedonia,7.1
2017,Poverty line at $3.65 a day (LMIC),North Macedonia,9.2
2016,Poverty line at $3.65 a day (LMIC),North Macedonia,9.7
2015,Poverty line at $3.65 a day (LMIC),North Macedonia,10.1
2014,Poverty line at $3.65 a day (LMIC),North Macedonia,10.5
2013,Poverty line at $3.65 a day (LMIC),North Macedonia,12
2012,Poverty line at $3.65 a day (LMIC),North Macedonia,14.1
2011,Poverty line at $3.65 a day (LMIC),North Macedonia,15.5
2010,Poverty line at $3.65 a day (LMIC),North Macedonia,17.9
2009,Poverty line at $3.65 a day (LMIC),North Macedonia,18.6
2020,Poverty line at $3.65 a day (LMIC),Malta,0.7
2019,Poverty line at $3.65 a day (LMIC),Malta,0.4
2018,Poverty line at $3.65 a day (LMIC),Malta,0.2
2017,Poverty line at $3.65 a day (LMIC),Malta,0.2
2016,Poverty line at $3.65 a day (LMIC),Malta,0.2
2015,Poverty line at $3.65 a day (LMIC),Malta,0.1
2014,Poverty line at $3.65 a day (LMIC),Malta,0
2013,Poverty line at $3.65 a day (LMIC),Malta,0
2012,Poverty line at $3.65 a day (LMIC),Malta,0.3
2011,Poverty line at $3.65 a day (LMIC),Malta,0.4
2010,Poverty line at $3.65 a day (LMIC),Malta,0.3
2009,Poverty line at $3.65 a day (LMIC),Malta,0.5
2008,Poverty line at $3.65 a day (LMIC),Malta,0.2
2007,Poverty line at $3.65 a day (LMIC),Malta,0.7
2006,Poverty line at $3.65 a day (LMIC),Malta,0.6
2018,Poverty line at $3.65 a day (LMIC),Montenegro,6.3
2017,Poverty line at $3.65 a day (LMIC),Montenegro,7
2016,Poverty line at $3.65 a day (LMIC),Montenegro,5.9
2015,Poverty line at $3.65 a day (LMIC),Montenegro,8
2014,Poverty line at $3.65 a day (LMIC),Montenegro,8.4
2013,Poverty line at $3.65 a day (LMIC),Montenegro,8.2
2012,Poverty line at $3.65 a day (LMIC),Montenegro,10.4
2020,Poverty line at $3.65 a day (LMIC),Netherlands,0.1
2019,Poverty line at $3.65 a day (LMIC),Netherlands,0.1
2018,Poverty line at $3.65 a day (LMIC),Netherlands,0.2
2017,Poverty line at $3.65 a day (LMIC),Netherlands,0.3
2016,Poverty line at $3.65 a day (LMIC),Netherlands,0.2
2015,Poverty line at $3.65 a day (LMIC),Netherlands,0.1
2014,Poverty line at $3.65 a day (LMIC),Netherlands,0.2
2013,Poverty line at $3.65 a day (LMIC),Netherlands,0.2
2012,Poverty line at $3.65 a day (LMIC),Netherlands,0.1
2011,Poverty line at $3.65 a day (LMIC),Netherlands,0.2
2010,Poverty line at $3.65 a day (LMIC),Netherlands,0.1
2009,Poverty line at $3.65 a day (LMIC),Netherlands,0.2
2008,Poverty line at $3.65 a day (LMIC),Netherlands,0.2
2007,Poverty line at $3.65 a day (LMIC),Netherlands,0.1
2006,Poverty line at $3.65 a day (LMIC),Netherlands,0.1
2005,Poverty line at $3.65 a day (LMIC),Netherlands,0.2
2004,Poverty line at $3.65 a day (LMIC),Netherlands,0.4
1999,Poverty line at $3.65 a day (LMIC),Netherlands,0.5
1993,Poverty line at $3.65 a day (LMIC),Netherlands,2
1990,Poverty line at $3.65 a day (LMIC),Netherlands,1.5
2019,Poverty line at $3.65 a day (LMIC),Norway,0.3
2018,Poverty line at $3.65 a day (LMIC),Norway,0.3
2017,Poverty line at $3.65 a day (LMIC),Norway,0.3
2016,Poverty line at $3.65 a day (LMIC),Norway,0.4
2015,Poverty line at $3.65 a day (LMIC),Norway,0.2
2014,Poverty line at $3.65 a day (LMIC),Norway,0.1
2013,Poverty line at $3.65 a day (LMIC),Norway,0.2
2012,Poverty line at $3.65 a day (LMIC),Norway,0.2
2011,Poverty line at $3.65 a day (LMIC),Norway,0.1
2010,Poverty line at $3.65 a day (LMIC),Norway,0.2
2009,Poverty line at $3.65 a day (LMIC),Norway,0.1
2008,Poverty line at $3.65 a day (LMIC),Norway,0.3
2007,Poverty line at $3.65 a day (LMIC),Norway,0.3
2006,Poverty line at $3.65 a day (LMIC),Norway,0.3
2005,Poverty line at $3.65 a day (LMIC),Norway,0.3
2004,Poverty line at $3.65 a day (LMIC),Norway,0.3
2003,Poverty line at $3.65 a day (LMIC),Norway,0.2
2000,Poverty line at $3.65 a day (LMIC),Norway,0.2
1995,Poverty line at $3.65 a day (LMIC),Norway,0.5
1991,Poverty line at $3.65 a day (LMIC),Norway,0.5
2019,Poverty line at $3.65 a day (LMIC),Poland,0.2
2018,Poverty line at $3.65 a day (LMIC),Poland,0.4
2017,Poverty line at $3.65 a day (LMIC),Poland,0.6
2016,Poverty line at $3.65 a day (LMIC),Poland,0.6
2015,Poverty line at $3.65 a day (LMIC),Poland,0.9
2014,Poverty line at $3.65 a day (LMIC),Poland,1.1
2013,Poverty line at $3.65 a day (LMIC),Poland,0.9
2012,Poverty line at $3.65 a day (LMIC),Poland,0.7
2011,Poverty line at $3.65 a day (LMIC),Poland,0.9
2010,Poverty line at $3.65 a day (LMIC),Poland,1.1
2009,Poverty line at $3.65 a day (LMIC),Poland,0.9
2008,Poverty line at $3.65 a day (LMIC),Poland,0.7
2007,Poverty line at $3.65 a day (LMIC),Poland,1.3
2006,Poverty line at $3.65 a day (LMIC),Poland,1.8
2005,Poverty line at $3.65 a day (LMIC),Poland,2.8
2004,Poverty line at $3.65 a day (LMIC),Poland,5
2020,Poverty line at $3.65 a day (LMIC),Portugal,1
2019,Poverty line at $3.65 a day (LMIC),Portugal,0.2
2018,Poverty line at $3.65 a day (LMIC),Portugal,0.7
2017,Poverty line at $3.65 a day (LMIC),Portugal,0.7
2016,Poverty line at $3.65 a day (LMIC),Portugal,0.7
2015,Poverty line at $3.65 a day (LMIC),Portugal,1.2
2014,Poverty line at $3.65 a day (LMIC),Portugal,1.5
2013,Poverty line at $3.65 a day (LMIC),Portugal,1.8
2012,Poverty line at $3.65 a day (LMIC),Portugal,1.5
2011,Poverty line at $3.65 a day (LMIC),Portugal,0.9
2010,Poverty line at $3.65 a day (LMIC),Portugal,0.5
2009,Poverty line at $3.65 a day (LMIC),Portugal,0.5
2008,Poverty line at $3.65 a day (LMIC),Portugal,0.9
2007,Poverty line at $3.65 a day (LMIC),Portugal,0.9
2006,Poverty line at $3.65 a day (LMIC),Portugal,0.6
2005,Poverty line at $3.65 a day (LMIC),Portugal,1.1
2004,Poverty line at $3.65 a day (LMIC),Portugal,1.1
2003,Poverty line at $3.65 a day (LMIC),Portugal,1.5
2020,Poverty line at $3.65 a day (LMIC),Romania,3.9
2019,Poverty line at $3.65 a day (LMIC),Romania,4.7
2018,Poverty line at $3.65 a day (LMIC),Romania,5.7
2017,Poverty line at $3.65 a day (LMIC),Romania,6.7
2016,Poverty line at $3.65 a day (LMIC),Romania,8.9
2015,Poverty line at $3.65 a day (LMIC),Romania,12.2
2014,Poverty line at $3.65 a day (LMIC),Romania,13.9
2013,Poverty line at $3.65 a day (LMIC),Romania,15.1
2012,Poverty line at $3.65 a day (LMIC),Romania,12.8
2011,Poverty line at $3.65 a day (LMIC),Romania,12.6
2010,Poverty line at $3.65 a day (LMIC),Romania,11
2009,Poverty line at $3.65 a day (LMIC),Romania,9.9
2008,Poverty line at $3.65 a day (LMIC),Romania,10.3
2007,Poverty line at $3.65 a day (LMIC),Romania,13.9
2006,Poverty line at $3.65 a day (LMIC),Romania,18
2020,Poverty line at $3.65 a day (LMIC),Serbia,2.8
2019,Poverty line at $3.65 a day (LMIC),Serbia,4
2018,Poverty line at $3.65 a day (LMIC),Serbia,5.9
2017,Poverty line at $3.65 a day (LMIC),Serbia,9
2016,Poverty line at $3.65 a day (LMIC),Serbia,11
2015,Poverty line at $3.65 a day (LMIC),Serbia,11.6
2014,Poverty line at $3.65 a day (LMIC),Serbia,12.2
2013,Poverty line at $3.65 a day (LMIC),Serbia,11.6
2012,Poverty line at $3.65 a day (LMIC),Serbia,10.2
2019,Poverty line at $3.65 a day (LMIC),Slovak Republic,0.5
2018,Poverty line at $3.65 a day (LMIC),Slovak Republic,1.3
2017,Poverty line at $3.65 a day (LMIC),Slovak Republic,1.3
2016,Poverty line at $3.65 a day (LMIC),Slovak Republic,2.1
2015,Poverty line at $3.65 a day (LMIC),Slovak Republic,1.2
2014,Poverty line at $3.65 a day (LMIC),Slovak Republic,1.8
2013,Poverty line at $3.65 a day (LMIC),Slovak Republic,1.2
2012,Poverty line at $3.65 a day (LMIC),Slovak Republic,1.1
2011,Poverty line at $3.65 a day (LMIC),Slovak Republic,0.9
2010,Poverty line at $3.65 a day (LMIC),Slovak Republic,1.2
2009,Poverty line at $3.65 a day (LMIC),Slovak Republic,1.1
2008,Poverty line at $3.65 a day (LMIC),Slovak Republic,1.1
2007,Poverty line at $3.65 a day (LMIC),Slovak Republic,1
2006,Poverty line at $3.65 a day (LMIC),Slovak Republic,0.8
2005,Poverty line at $3.65 a day (LMIC),Slovak Republic,0.9
2004,Poverty line at $3.65 a day (LMIC),Slovak Republic,1
2020,Poverty line at $3.65 a day (LMIC),Slovenia,0
2019,Poverty line at $3.65 a day (LMIC),Slovenia,0
2018,Poverty line at $3.65 a day (LMIC),Slovenia,0
2017,Poverty line at $3.65 a day (LMIC),Slovenia,0
2016,Poverty line at $3.65 a day (LMIC),Slovenia,0
2015,Poverty line at $3.65 a day (LMIC),Slovenia,0
2014,Poverty line at $3.65 a day (LMIC),Slovenia,0
2013,Poverty line at $3.65 a day (LMIC),Slovenia,0.1
2012,Poverty line at $3.65 a day (LMIC),Slovenia,0
2011,Poverty line at $3.65 a day (LMIC),Slovenia,0
2010,Poverty line at $3.65 a day (LMIC),Slovenia,0
2009,Poverty line at $3.65 a day (LMIC),Slovenia,0
2008,Poverty line at $3.65 a day (LMIC),Slovenia,0
2007,Poverty line at $3.65 a day (LMIC),Slovenia,0.1
2006,Poverty line at $3.65 a day (LMIC),Slovenia,0.1
2005,Poverty line at $3.65 a day (LMIC),Slovenia,0.2
2004,Poverty line at $3.65 a day (LMIC),Slovenia,0.2
2020,Poverty line at $3.65 a day (LMIC),Sweden,0.5
2019,Poverty line at $3.65 a day (LMIC),Sweden,0.4
2018,Poverty line at $3.65 a day (LMIC),Sweden,0.9
2017,Poverty line at $3.65 a day (LMIC),Sweden,0.3
2016,Poverty line at $3.65 a day (LMIC),Sweden,0.5
2015,Poverty line at $3.65 a day (LMIC),Sweden,0.8
2014,Poverty line at $3.65 a day (LMIC),Sweden,0.7
2013,Poverty line at $3.65 a day (LMIC),Sweden,0.8
2012,Poverty line at $3.65 a day (LMIC),Sweden,0.6
2011,Poverty line at $3.65 a day (LMIC),Sweden,0.8
2010,Poverty line at $3.65 a day (LMIC),Sweden,0.8
2009,Poverty line at $3.65 a day (LMIC),Sweden,0.8
2008,Poverty line at $3.65 a day (LMIC),Sweden,0.8
2007,Poverty line at $3.65 a day (LMIC),Sweden,0.6
2006,Poverty line at $3.65 a day (LMIC),Sweden,0.5
2005,Poverty line at $3.65 a day (LMIC),Sweden,1.3
2004,Poverty line at $3.65 a day (LMIC),Sweden,0.6
2003,Poverty line at $3.65 a day (LMIC),Sweden,0.5
2000,Poverty line at $3.65 a day (LMIC),Sweden,0
1995,Poverty line at $3.65 a day (LMIC),Sweden,0.5
1992,Poverty line at $3.65 a day (LMIC),Sweden,0.2
2015,Poverty line at $3.65 a day (LMIC),Tajikistan,25.7
2009,Poverty line at $3.65 a day (LMIC),Tajikistan,32
2007,Poverty line at $3.65 a day (LMIC),Tajikistan,42.7
2004,Poverty line at $3.65 a day (LMIC),Tajikistan,55
2003,Poverty line at $3.65 a day (LMIC),Tajikistan,72.7
1999,Poverty line at $3.65 a day (LMIC),Tajikistan,90.4
1998,Poverty line at $3.65 a day (LMIC),Turkmenistan,71.1
2019,Poverty line at $3.65 a day (LMIC),Türkiye,2.2
2018,Poverty line at $3.65 a day (LMIC),Türkiye,1.4
2017,Poverty line at $3.65 a day (LMIC),Türkiye,1.5
2016,Poverty line at $3.65 a day (LMIC),Türkiye,1.6
2015,Poverty line at $3.65 a day (LMIC),Türkiye,2.5
2014,Poverty line at $3.65 a day (LMIC),Türkiye,2.2
2013,Poverty line at $3.65 a day (LMIC),Türkiye,2.7
2012,Poverty line at $3.65 a day (LMIC),Türkiye,3.2
2011,Poverty line at $3.65 a day (LMIC),Türkiye,4
2010,Poverty line at $3.65 a day (LMIC),Türkiye,4.4
2009,Poverty line at $3.65 a day (LMIC),Türkiye,4.8
2008,Poverty line at $3.65 a day (LMIC),Türkiye,5.6
2007,Poverty line at $3.65 a day (LMIC),Türkiye,6.4
2006,Poverty line at $3.65 a day (LMIC),Türkiye,8
2005,Poverty line at $3.65 a day (LMIC),Türkiye,9.5
2004,Poverty line at $3.65 a day (LMIC),Türkiye,9.9
2003,Poverty line at $3.65 a day (LMIC),Türkiye,14.6
2002,Poverty line at $3.65 a day (LMIC),Türkiye,12.3
1994,Poverty line at $3.65 a day (LMIC),Türkiye,14.5
2020,Poverty line at $3.65 a day (LMIC),Ukraine,0.2
2019,Poverty line at $3.65 a day (LMIC),Ukraine,0.3
2018,Poverty line at $3.65 a day (LMIC),Ukraine,0.5
2017,Poverty line at $3.65 a day (LMIC),Ukraine,0.6
2016,Poverty line at $3.65 a day (LMIC),Ukraine,0.7
2015,Poverty line at $3.65 a day (LMIC),Ukraine,0.9
2014,Poverty line at $3.65 a day (LMIC),Ukraine,0.2
2013,Poverty line at $3.65 a day (LMIC),Ukraine,0.3
2012,Poverty line at $3.65 a day (LMIC),Ukraine,0.4
2011,Poverty line at $3.65 a day (LMIC),Ukraine,0.5
2010,Poverty line at $3.65 a day (LMIC),Ukraine,0.4
2009,Poverty line at $3.65 a day (LMIC),Ukraine,1
2008,Poverty line at $3.65 a day (LMIC),Ukraine,0.9
2007,Poverty line at $3.65 a day (LMIC),Ukraine,2.1
2006,Poverty line at $3.65 a day (LMIC),Ukraine,2.7
2005,Poverty line at $3.65 a day (LMIC),Ukraine,3.9
2004,Poverty line at $3.65 a day (LMIC),Ukraine,8.3
2003,Poverty line at $3.65 a day (LMIC),Ukraine,10.4
2002,Poverty line at $3.65 a day (LMIC),Ukraine,17
1996,Poverty line at $3.65 a day (LMIC),Ukraine,28
1995,Poverty line at $3.65 a day (LMIC),Ukraine,24.8
1993,Poverty line at $3.65 a day (LMIC),Ukraine,13.8
1992,Poverty line at $3.65 a day (LMIC),Ukraine,16.3
2003,Poverty line at $3.65 a day (LMIC),Uzbekistan,94.6
2002,Poverty line at $3.65 a day (LMIC),Uzbekistan,94.2
2000,Poverty line at $3.65 a day (LMIC),Uzbekistan,94.7
1998,Poverty line at $3.65 a day (LMIC),Uzbekistan,82.3
2017,Poverty line at $3.65 a day (LMIC),Kosovo⁎,4.2
2016,Poverty line at $3.65 a day (LMIC),Kosovo⁎,4.7
2015,Poverty line at $3.65 a day (LMIC),Kosovo⁎,3.8
2014,Poverty line at $3.65 a day (LMIC),Kosovo⁎,6.2
2013,Poverty line at $3.65 a day (LMIC),Kosovo⁎,4.7
2012,Poverty line at $3.65 a day (LMIC),Kosovo⁎,7
2011,Poverty line at $3.65 a day (LMIC),Kosovo⁎,12.3
2010,Poverty line at $3.65 a day (LMIC),Kosovo⁎,17.9
2009,Poverty line at $3.65 a day (LMIC),Kosovo⁎,17.4
2006,Poverty line at $3.65 a day (LMIC),Kosovo⁎,22.3
2005,Poverty line at $3.65 a day (LMIC),Kosovo⁎,22.4
2003,Poverty line at $3.65 a day (LMIC),Kosovo⁎,21.8
2020,Poverty line at $6.85 a day (UMIC),Albania,13.7
2019,Poverty line at $6.85 a day (UMIC),Albania,14.9
2018,Poverty line at $6.85 a day (UMIC),Albania,18.2
2017,Poverty line at $6.85 a day (UMIC),Albania,25.5
2016,Poverty line at $6.85 a day (UMIC),Albania,25.4
2015,Poverty line at $6.85 a day (UMIC),Albania,26.2
2014,Poverty line at $6.85 a day (UMIC),Albania,38.7
2012,Poverty line at $6.85 a day (UMIC),Albania,36.7
2008,Poverty line at $6.85 a day (UMIC),Albania,33.4
2005,Poverty line at $6.85 a day (UMIC),Albania,40.4
2002,Poverty line at $6.85 a day (UMIC),Albania,52.1
1996,Poverty line at $6.85 a day (UMIC),Albania,47.9
2021,Poverty line at $6.85 a day (UMIC),Armenia,51.7
2020,Poverty line at $6.85 a day (UMIC),Armenia,53.2
2019,Poverty line at $6.85 a day (UMIC),Armenia,52.1
2018,Poverty line at $6.85 a day (UMIC),Armenia,48.9
2017,Poverty line at $6.85 a day (UMIC),Armenia,48.7
2016,Poverty line at $6.85 a day (UMIC),Armenia,42.4
2015,Poverty line at $6.85 a day (UMIC),Armenia,46.7
2014,Poverty line at $6.85 a day (UMIC),Armenia,51.1
2013,Poverty line at $6.85 a day (UMIC),Armenia,53.1
2012,Poverty line at $6.85 a day (UMIC),Armenia,55.2
2011,Poverty line at $6.85 a day (UMIC),Armenia,59.3
2010,Poverty line at $6.85 a day (UMIC),Armenia,62.1
2009,Poverty line at $6.85 a day (UMIC),Armenia,60.7
2008,Poverty line at $6.85 a day (UMIC),Armenia,52.1
2007,Poverty line at $6.85 a day (UMIC),Armenia,56
2006,Poverty line at $6.85 a day (UMIC),Armenia,62.8
2005,Poverty line at $6.85 a day (UMIC),Armenia,67.5
2004,Poverty line at $6.85 a day (UMIC),Armenia,73.5
2003,Poverty line at $6.85 a day (UMIC),Armenia,82.6
2002,Poverty line at $6.85 a day (UMIC),Armenia,82.9
2001,Poverty line at $6.85 a day (UMIC),Armenia,83.8
1999,Poverty line at $6.85 a day (UMIC),Armenia,82.3
2020,Poverty line at $6.85 a day (UMIC),Austria,1
2019,Poverty line at $6.85 a day (UMIC),Austria,0.8
2018,Poverty line at $6.85 a day (UMIC),Austria,1.2
2017,Poverty line at $6.85 a day (UMIC),Austria,0.7
2016,Poverty line at $6.85 a day (UMIC),Austria,1.3
2015,Poverty line at $6.85 a day (UMIC),Austria,1
2014,Poverty line at $6.85 a day (UMIC),Austria,0.7
2013,Poverty line at $6.85 a day (UMIC),Austria,0.7
2012,Poverty line at $6.85 a day (UMIC),Austria,1.1
2011,Poverty line at $6.85 a day (UMIC),Austria,1
2010,Poverty line at $6.85 a day (UMIC),Austria,0.8
2009,Poverty line at $6.85 a day (UMIC),Austria,1
2008,Poverty line at $6.85 a day (UMIC),Austria,1
2007,Poverty line at $6.85 a day (UMIC),Austria,0.8
2006,Poverty line at $6.85 a day (UMIC),Austria,0.5
2005,Poverty line at $6.85 a day (UMIC),Austria,0.5
2004,Poverty line at $6.85 a day (UMIC),Austria,0.4
2003,Poverty line at $6.85 a day (UMIC),Austria,0.7
2000,Poverty line at $6.85 a day (UMIC),Austria,0.6
1999,Poverty line at $6.85 a day (UMIC),Austria,0.5
1998,Poverty line at $6.85 a day (UMIC),Austria,1
1997,Poverty line at $6.85 a day (UMIC),Austria,0.7
1996,Poverty line at $6.85 a day (UMIC),Austria,0.5
1995,Poverty line at $6.85 a day (UMIC),Austria,1
1994,Poverty line at $6.85 a day (UMIC),Austria,1
2005,Poverty line at $6.85 a day (UMIC),Azerbaijan,31.3
2004,Poverty line at $6.85 a day (UMIC),Azerbaijan,42.3
2003,Poverty line at $6.85 a day (UMIC),Azerbaijan,44.6
2002,Poverty line at $6.85 a day (UMIC),Azerbaijan,48.5
2001,Poverty line at $6.85 a day (UMIC),Azerbaijan,71
1995,Poverty line at $6.85 a day (UMIC),Azerbaijan,77.7
2020,Poverty line at $6.85 a day (UMIC),Belgium,0.3
2019,Poverty line at $6.85 a day (UMIC),Belgium,0.2
2018,Poverty line at $6.85 a day (UMIC),Belgium,0.2
2017,Poverty line at $6.85 a day (UMIC),Belgium,0.4
2016,Poverty line at $6.85 a day (UMIC),Belgium,0.3
2015,Poverty line at $6.85 a day (UMIC),Belgium,0.2
2014,Poverty line at $6.85 a day (UMIC),Belgium,0.3
2013,Poverty line at $6.85 a day (UMIC),Belgium,0.5
2012,Poverty line at $6.85 a day (UMIC),Belgium,0.5
2011,Poverty line at $6.85 a day (UMIC),Belgium,0.6
2010,Poverty line at $6.85 a day (UMIC),Belgium,0.5
2009,Poverty line at $6.85 a day (UMIC),Belgium,0.3
2008,Poverty line at $6.85 a day (UMIC),Belgium,0.3
2007,Poverty line at $6.85 a day (UMIC),Belgium,0.4
2006,Poverty line at $6.85 a day (UMIC),Belgium,0.4
2005,Poverty line at $6.85 a day (UMIC),Belgium,0.5
2004,Poverty line at $6.85 a day (UMIC),Belgium,0.4
2003,Poverty line at $6.85 a day (UMIC),Belgium,0.9
2000,Poverty line at $6.85 a day (UMIC),Belgium,1
1997,Poverty line at $6.85 a day (UMIC),Belgium,1
1995,Poverty line at $6.85 a day (UMIC),Belgium,1.2
1992,Poverty line at $6.85 a day (UMIC),Belgium,1.2
2020,Poverty line at $6.85 a day (UMIC),Bulgaria,4.5
2019,Poverty line at $6.85 a day (UMIC),Bulgaria,7.2
2018,Poverty line at $6.85 a day (UMIC),Bulgaria,8
2017,Poverty line at $6.85 a day (UMIC),Bulgaria,9.4
2016,Poverty line at $6.85 a day (UMIC),Bulgaria,10.4
2015,Poverty line at $6.85 a day (UMIC),Bulgaria,14.1
2014,Poverty line at $6.85 a day (UMIC),Bulgaria,11
2013,Poverty line at $6.85 a day (UMIC),Bulgaria,13.2
2012,Poverty line at $6.85 a day (UMIC),Bulgaria,14.1
2011,Poverty line at $6.85 a day (UMIC),Bulgaria,14.1
2010,Poverty line at $6.85 a day (UMIC),Bulgaria,13.4
2009,Poverty line at $6.85 a day (UMIC),Bulgaria,11
2008,Poverty line at $6.85 a day (UMIC),Bulgaria,11.3
2007,Poverty line at $6.85 a day (UMIC),Bulgaria,15
2006,Poverty line at $6.85 a day (UMIC),Bulgaria,28.5
2011,Poverty line at $6.85 a day (UMIC),Bosnia and Herzegovina,5.8
2007,Poverty line at $6.85 a day (UMIC),Bosnia and Herzegovina,4.8
2004,Poverty line at $6.85 a day (UMIC),Bosnia and Herzegovina,6.6
2001,Poverty line at $6.85 a day (UMIC),Bosnia and Herzegovina,13.8
2020,Poverty line at $6.85 a day (UMIC),Belarus,1.3
2019,Poverty line at $6.85 a day (UMIC),Belarus,2.4
2018,Poverty line at $6.85 a day (UMIC),Belarus,1.9
2017,Poverty line at $6.85 a day (UMIC),Belarus,3.3
2016,Poverty line at $6.85 a day (UMIC),Belarus,4.6
2015,Poverty line at $6.85 a day (UMIC),Belarus,4.1
2014,Poverty line at $6.85 a day (UMIC),Belarus,3.2
2013,Poverty line at $6.85 a day (UMIC),Belarus,3.4
2012,Poverty line at $6.85 a day (UMIC),Belarus,5.9
2011,Poverty line at $6.85 a day (UMIC),Belarus,10
2010,Poverty line at $6.85 a day (UMIC),Belarus,11.8
2009,Poverty line at $6.85 a day (UMIC),Belarus,15.6
2008,Poverty line at $6.85 a day (UMIC),Belarus,16.4
2007,Poverty line at $6.85 a day (UMIC),Belarus,20.7
2006,Poverty line at $6.85 a day (UMIC),Belarus,27.9
2005,Poverty line at $6.85 a day (UMIC),Belarus,36
2004,Poverty line at $6.85 a day (UMIC),Belarus,54.3
2003,Poverty line at $6.85 a day (UMIC),Belarus,64.8
2002,Poverty line at $6.85 a day (UMIC),Belarus,67.7
2001,Poverty line at $6.85 a day (UMIC),Belarus,73.7
2000,Poverty line at $6.85 a day (UMIC),Belarus,84.4
1999,Poverty line at $6.85 a day (UMIC),Belarus,88
1998,Poverty line at $6.85 a day (UMIC),Belarus,90.1
2018,Poverty line at $6.85 a day (UMIC),Switzerland,0.2
2017,Poverty line at $6.85 a day (UMIC),Switzerland,0.1
2016,Poverty line at $6.85 a day (UMIC),Switzerland,0.1
2015,Poverty line at $6.85 a day (UMIC),Switzerland,0.1
2014,Poverty line at $6.85 a day (UMIC),Switzerland,0.1
2013,Poverty line at $6.85 a day (UMIC),Switzerland,0.1
2012,Poverty line at $6.85 a day (UMIC),Switzerland,0
2011,Poverty line at $6.85 a day (UMIC),Switzerland,0.1
2010,Poverty line at $6.85 a day (UMIC),Switzerland,0.4
2009,Poverty line at $6.85 a day (UMIC),Switzerland,0.2
2008,Poverty line at $6.85 a day (UMIC),Switzerland,0.3
2007,Poverty line at $6.85 a day (UMIC),Switzerland,0.4
2006,Poverty line at $6.85 a day (UMIC),Switzerland,0.4
2002,Poverty line at $6.85 a day (UMIC),Switzerland,0.2
2000,Poverty line at $6.85 a day (UMIC),Switzerland,0.5
1992,Poverty line at $6.85 a day (UMIC),Switzerland,1.2
2020,Poverty line at $6.85 a day (UMIC),Cyprus,0.2
2019,Poverty line at $6.85 a day (UMIC),Cyprus,0.3
2018,Poverty line at $6.85 a day (UMIC),Cyprus,0.2
2017,Poverty line at $6.85 a day (UMIC),Cyprus,0.1
2016,Poverty line at $6.85 a day (UMIC),Cyprus,0.1
2015,Poverty line at $6.85 a day (UMIC),Cyprus,0.1
2014,Poverty line at $6.85 a day (UMIC),Cyprus,0.4
2013,Poverty line at $6.85 a day (UMIC),Cyprus,0.3
2012,Poverty line at $6.85 a day (UMIC),Cyprus,0.1
2011,Poverty line at $6.85 a day (UMIC),Cyprus,0.2
2010,Poverty line at $6.85 a day (UMIC),Cyprus,0.2
2009,Poverty line at $6.85 a day (UMIC),Cyprus,0.2
2008,Poverty line at $6.85 a day (UMIC),Cyprus,0
2007,Poverty line at $6.85 a day (UMIC),Cyprus,0.1
2006,Poverty line at $6.85 a day (UMIC),Cyprus,0
2005,Poverty line at $6.85 a day (UMIC),Cyprus,0.1
2004,Poverty line at $6.85 a day (UMIC),Cyprus,0.3
2020,Poverty line at $6.85 a day (UMIC),Czechia,0.4
2019,Poverty line at $6.85 a day (UMIC),Czechia,0.3
2018,Poverty line at $6.85 a day (UMIC),Czechia,0.2
2017,Poverty line at $6.85 a day (UMIC),Czechia,0.5
2016,Poverty line at $6.85 a day (UMIC),Czechia,0.7
2015,Poverty line at $6.85 a day (UMIC),Czechia,0.4
2014,Poverty line at $6.85 a day (UMIC),Czechia,0.8
2013,Poverty line at $6.85 a day (UMIC),Czechia,0.7
2012,Poverty line at $6.85 a day (UMIC),Czechia,0.9
2011,Poverty line at $6.85 a day (UMIC),Czechia,0.8
2010,Poverty line at $6.85 a day (UMIC),Czechia,0.9
2009,Poverty line at $6.85 a day (UMIC),Czechia,0.8
2008,Poverty line at $6.85 a day (UMIC),Czechia,0.5
2007,Poverty line at $6.85 a day (UMIC),Czechia,0.7
2006,Poverty line at $6.85 a day (UMIC),Czechia,0.8
2005,Poverty line at $6.85 a day (UMIC),Czechia,0.8
2004,Poverty line at $6.85 a day (UMIC),Czechia,1.3
2002,Poverty line at $6.85 a day (UMIC),Czechia,0.7
1996,Poverty line at $6.85 a day (UMIC),Czechia,1.5
1993,Poverty line at $6.85 a day (UMIC),Czechia,0.5
1992,Poverty line at $6.85 a day (UMIC),Czechia,0.7
2019,Poverty line at $6.85 a day (UMIC),Germany,0.2
2018,Poverty line at $6.85 a day (UMIC),Germany,0.2
2017,Poverty line at $6.85 a day (UMIC),Germany,1
2016,Poverty line at $6.85 a day (UMIC),Germany,0.2
2015,Poverty line at $6.85 a day (UMIC),Germany,0.2
2014,Poverty line at $6.85 a day (UMIC),Germany,0.2
2013,Poverty line at $6.85 a day (UMIC),Germany,0.2
2012,Poverty line at $6.85 a day (UMIC),Germany,0.2
2011,Poverty line at $6.85 a day (UMIC),Germany,0.2
2010,Poverty line at $6.85 a day (UMIC),Germany,0.2
2009,Poverty line at $6.85 a day (UMIC),Germany,0.2
2008,Poverty line at $6.85 a day (UMIC),Germany,0.2
2007,Poverty line at $6.85 a day (UMIC),Germany,0.2
2006,Poverty line at $6.85 a day (UMIC),Germany,0.2
2005,Poverty line at $6.85 a day (UMIC),Germany,0.2
2004,Poverty line at $6.85 a day (UMIC),Germany,0.2
2003,Poverty line at $6.85 a day (UMIC),Germany,0.5
2002,Poverty line at $6.85 a day (UMIC),Germany,0.2
2001,Poverty line at $6.85 a day (UMIC),Germany,0.2
2000,Poverty line at $6.85 a day (UMIC),Germany,0.2
1999,Poverty line at $6.85 a day (UMIC),Germany,0.2
1998,Poverty line at $6.85 a day (UMIC),Germany,0.2
1997,Poverty line at $6.85 a day (UMIC),Germany,0.2
1996,Poverty line at $6.85 a day (UMIC),Germany,0.2
1995,Poverty line at $6.85 a day (UMIC),Germany,0.5
1994,Poverty line at $6.85 a day (UMIC),Germany,0.7
1993,Poverty line at $6.85 a day (UMIC),Germany,0.2
1992,Poverty line at $6.85 a day (UMIC),Germany,0.2
1991,Poverty line at $6.85 a day (UMIC),Germany,0.2
2020,Poverty line at $6.85 a day (UMIC),Denmark,0.4
2019,Poverty line at $6.85 a day (UMIC),Denmark,0.4
2018,Poverty line at $6.85 a day (UMIC),Denmark,0.3
2017,Poverty line at $6.85 a day (UMIC),Denmark,0.3
2016,Poverty line at $6.85 a day (UMIC),Denmark,0.5
2015,Poverty line at $6.85 a day (UMIC),Denmark,0.4
2014,Poverty line at $6.85 a day (UMIC),Denmark,0.7
2013,Poverty line at $6.85 a day (UMIC),Denmark,0.6
2012,Poverty line at $6.85 a day (UMIC),Denmark,0.4
2011,Poverty line at $6.85 a day (UMIC),Denmark,0.6
2010,Poverty line at $6.85 a day (UMIC),Denmark,0.2
2009,Poverty line at $6.85 a day (UMIC),Denmark,1
2008,Poverty line at $6.85 a day (UMIC),Denmark,0.8
2007,Poverty line at $6.85 a day (UMIC),Denmark,0.6
2006,Poverty line at $6.85 a day (UMIC),Denmark,0.3
2005,Poverty line at $6.85 a day (UMIC),Denmark,0.5
2004,Poverty line at $6.85 a day (UMIC),Denmark,0.4
2003,Poverty line at $6.85 a day (UMIC),Denmark,0.4
2000,Poverty line at $6.85 a day (UMIC),Denmark,0.2
1995,Poverty line at $6.85 a day (UMIC),Denmark,0.2
1992,Poverty line at $6.85 a day (UMIC),Denmark,1
2020,Poverty line at $6.85 a day (UMIC),Spain,3.1
2019,Poverty line at $6.85 a day (UMIC),Spain,2.8
2018,Poverty line at $6.85 a day (UMIC),Spain,2.7
2017,Poverty line at $6.85 a day (UMIC),Spain,2.5
2016,Poverty line at $6.85 a day (UMIC),Spain,3.5
2015,Poverty line at $6.85 a day (UMIC),Spain,3.5
2014,Poverty line at $6.85 a day (UMIC),Spain,3.3
2013,Poverty line at $6.85 a day (UMIC),Spain,3.8
2012,Poverty line at $6.85 a day (UMIC),Spain,3.4
2011,Poverty line at $6.85 a day (UMIC),Spain,3
2010,Poverty line at $6.85 a day (UMIC),Spain,2.7
2009,Poverty line at $6.85 a day (UMIC),Spain,2.3
2008,Poverty line at $6.85 a day (UMIC),Spain,1.9
2007,Poverty line at $6.85 a day (UMIC),Spain,1.6
2006,Poverty line at $6.85 a day (UMIC),Spain,2.6
2005,Poverty line at $6.85 a day (UMIC),Spain,2.6
2004,Poverty line at $6.85 a day (UMIC),Spain,2.4
2003,Poverty line at $6.85 a day (UMIC),Spain,2.2
2000,Poverty line at $6.85 a day (UMIC),Spain,1.7
1995,Poverty line at $6.85 a day (UMIC),Spain,4.5
1990,Poverty line at $6.85 a day (UMIC),Spain,3
2020,Poverty line at $6.85 a day (UMIC),Estonia,1.3
2019,Poverty line at $6.85 a day (UMIC),Estonia,1.4
2018,Poverty line at $6.85 a day (UMIC),Estonia,1.1
2017,Poverty line at $6.85 a day (UMIC),Estonia,1.3
2016,Poverty line at $6.85 a day (UMIC),Estonia,1.8
2015,Poverty line at $6.85 a day (UMIC),Estonia,2.3
2014,Poverty line at $6.85 a day (UMIC),Estonia,4
2013,Poverty line at $6.85 a day (UMIC),Estonia,4.2
2012,Poverty line at $6.85 a day (UMIC),Estonia,4.1
2011,Poverty line at $6.85 a day (UMIC),Estonia,4.7
2010,Poverty line at $6.85 a day (UMIC),Estonia,5.8
2009,Poverty line at $6.85 a day (UMIC),Estonia,4
2008,Poverty line at $6.85 a day (UMIC),Estonia,3
2007,Poverty line at $6.85 a day (UMIC),Estonia,3
2006,Poverty line at $6.85 a day (UMIC),Estonia,4.6
2005,Poverty line at $6.85 a day (UMIC),Estonia,7.6
2004,Poverty line at $6.85 a day (UMIC),Estonia,10.9
2003,Poverty line at $6.85 a day (UMIC),Estonia,16.9
2020,Poverty line at $6.85 a day (UMIC),Finland,0.1
2019,Poverty line at $6.85 a day (UMIC),Finland,0.2
2018,Poverty line at $6.85 a day (UMIC),Finland,0.2
2017,Poverty line at $6.85 a day (UMIC),Finland,0.1
2016,Poverty line at $6.85 a day (UMIC),Finland,0.2
2015,Poverty line at $6.85 a day (UMIC),Finland,0.2
2014,Poverty line at $6.85 a day (UMIC),Finland,0.2
2013,Poverty line at $6.85 a day (UMIC),Finland,0.2
2012,Poverty line at $6.85 a day (UMIC),Finland,0.2
2011,Poverty line at $6.85 a day (UMIC),Finland,0.1
2010,Poverty line at $6.85 a day (UMIC),Finland,0.2
2009,Poverty line at $6.85 a day (UMIC),Finland,0.1
2008,Poverty line at $6.85 a day (UMIC),Finland,0.2
2007,Poverty line at $6.85 a day (UMIC),Finland,0.1
2006,Poverty line at $6.85 a day (UMIC),Finland,0.2
2005,Poverty line at $6.85 a day (UMIC),Finland,0.2
2004,Poverty line at $6.85 a day (UMIC),Finland,0.2
2003,Poverty line at $6.85 a day (UMIC),Finland,0.2
2000,Poverty line at $6.85 a day (UMIC),Finland,0.2
1995,Poverty line at $6.85 a day (UMIC),Finland,0.2
1991,Poverty line at $6.85 a day (UMIC),Finland,0.2
2020,Poverty line at $6.85 a day (UMIC),France,0.4
2019,Poverty line at $6.85 a day (UMIC),France,0.4
2018,Poverty line at $6.85 a day (UMIC),France,0.1
2017,Poverty line at $6.85 a day (UMIC),France,0.1
2016,Poverty line at $6.85 a day (UMIC),France,0.3
2015,Poverty line at $6.85 a day (UMIC),France,0.3
2014,Poverty line at $6.85 a day (UMIC),France,0.2
2013,Poverty line at $6.85 a day (UMIC),France,0.2
2012,Poverty line at $6.85 a day (UMIC),France,0.3
2011,Poverty line at $6.85 a day (UMIC),France,0.2
2010,Poverty line at $6.85 a day (UMIC),France,0.3
2009,Poverty line at $6.85 a day (UMIC),France,0.4
2008,Poverty line at $6.85 a day (UMIC),France,0.1
2007,Poverty line at $6.85 a day (UMIC),France,0.1
2006,Poverty line at $6.85 a day (UMIC),France,0.2
2005,Poverty line at $6.85 a day (UMIC),France,0.3
2004,Poverty line at $6.85 a day (UMIC),France,0.3
2003,Poverty line at $6.85 a day (UMIC),France,0.4
2002,Poverty line at $6.85 a day (UMIC),France,0.2
2001,Poverty line at $6.85 a day (UMIC),France,0.2
2000,Poverty line at $6.85 a day (UMIC),France,0.5
1999,Poverty line at $6.85 a day (UMIC),France,0.5
1998,Poverty line at $6.85 a day (UMIC),France,0.5
1997,Poverty line at $6.85 a day (UMIC),France,0.5
1996,Poverty line at $6.85 a day (UMIC),France,0.7
1990,Poverty line at $6.85 a day (UMIC),France,0.5
2021,Poverty line at $6.85 a day (UMIC),Georgia,55.4
2020,Poverty line at $6.85 a day (UMIC),Georgia,58.3
2019,Poverty line at $6.85 a day (UMIC),Georgia,54.2
2018,Poverty line at $6.85 a day (UMIC),Georgia,53.9
2017,Poverty line at $6.85 a day (UMIC),Georgia,53.9
2016,Poverty line at $6.85 a day (UMIC),Georgia,56.3
2015,Poverty line at $6.85 a day (UMIC),Georgia,56.2
2014,Poverty line at $6.85 a day (UMIC),Georgia,57
2013,Poverty line at $6.85 a day (UMIC),Georgia,60
2012,Poverty line at $6.85 a day (UMIC),Georgia,65.5
2011,Poverty line at $6.85 a day (UMIC),Georgia,69
2010,Poverty line at $6.85 a day (UMIC),Georgia,70.6
2009,Poverty line at $6.85 a day (UMIC),Georgia,70.5
2008,Poverty line at $6.85 a day (UMIC),Georgia,70.2
2007,Poverty line at $6.85 a day (UMIC),Georgia,74.1
2006,Poverty line at $6.85 a day (UMIC),Georgia,72.7
2005,Poverty line at $6.85 a day (UMIC),Georgia,71.7
2004,Poverty line at $6.85 a day (UMIC),Georgia,70
2003,Poverty line at $6.85 a day (UMIC),Georgia,72
2002,Poverty line at $6.85 a day (UMIC),Georgia,72.7
2001,Poverty line at $6.85 a day (UMIC),Georgia,83.5
2000,Poverty line at $6.85 a day (UMIC),Georgia,81.6
1999,Poverty line at $6.85 a day (UMIC),Georgia,79.6
1998,Poverty line at $6.85 a day (UMIC),Georgia,74.1
1997,Poverty line at $6.85 a day (UMIC),Georgia,73.9
1996,Poverty line at $6.85 a day (UMIC),Georgia,52
2020,Poverty line at $6.85 a day (UMIC),Greece,3.9
2019,Poverty line at $6.85 a day (UMIC),Greece,3.9
2018,Poverty line at $6.85 a day (UMIC),Greece,3.7
2017,Poverty line at $6.85 a day (UMIC),Greece,5.3
2016,Poverty line at $6.85 a day (UMIC),Greece,6.4
2015,Poverty line at $6.85 a day (UMIC),Greece,7.8
2014,Poverty line at $6.85 a day (UMIC),Greece,7.7
2013,Poverty line at $6.85 a day (UMIC),Greece,8.3
2012,Poverty line at $6.85 a day (UMIC),Greece,7.2
2011,Poverty line at $6.85 a day (UMIC),Greece,5.2
2010,Poverty line at $6.85 a day (UMIC),Greece,2.6
2009,Poverty line at $6.85 a day (UMIC),Greece,1.8
2008,Poverty line at $6.85 a day (UMIC),Greece,1.6
2007,Poverty line at $6.85 a day (UMIC),Greece,1.7
2006,Poverty line at $6.85 a day (UMIC),Greece,2.2
2005,Poverty line at $6.85 a day (UMIC),Greece,1.7
2004,Poverty line at $6.85 a day (UMIC),Greece,1.9
2003,Poverty line at $6.85 a day (UMIC),Greece,1.9
2000,Poverty line at $6.85 a day (UMIC),Greece,2.7
1995,Poverty line at $6.85 a day (UMIC),Greece,4.7
2020,Poverty line at $6.85 a day (UMIC),Croatia,2.1
2019,Poverty line at $6.85 a day (UMIC),Croatia,2.4
2018,Poverty line at $6.85 a day (UMIC),Croatia,2.7
2017,Poverty line at $6.85 a day (UMIC),Croatia,4.2
2016,Poverty line at $6.85 a day (UMIC),Croatia,4.7
2015,Poverty line at $6.85 a day (UMIC),Croatia,5.8
2014,Poverty line at $6.85 a day (UMIC),Croatia,6.6
2013,Poverty line at $6.85 a day (UMIC),Croatia,7.8
2012,Poverty line at $6.85 a day (UMIC),Croatia,8.1
2011,Poverty line at $6.85 a day (UMIC),Croatia,7.5
2010,Poverty line at $6.85 a day (UMIC),Croatia,6.6
2009,Poverty line at $6.85 a day (UMIC),Croatia,5.1
2020,Poverty line at $6.85 a day (UMIC),Hungary,2.5
2019,Poverty line at $6.85 a day (UMIC),Hungary,2.5
2018,Poverty line at $6.85 a day (UMIC),Hungary,2.8
2017,Poverty line at $6.85 a day (UMIC),Hungary,4
2016,Poverty line at $6.85 a day (UMIC),Hungary,3.3
2015,Poverty line at $6.85 a day (UMIC),Hungary,3.9
2014,Poverty line at $6.85 a day (UMIC),Hungary,5.4
2013,Poverty line at $6.85 a day (UMIC),Hungary,7.3
2012,Poverty line at $6.85 a day (UMIC),Hungary,7.8
2011,Poverty line at $6.85 a day (UMIC),Hungary,5.8
2010,Poverty line at $6.85 a day (UMIC),Hungary,5.4
2009,Poverty line at $6.85 a day (UMIC),Hungary,4
2008,Poverty line at $6.85 a day (UMIC),Hungary,3.3
2007,Poverty line at $6.85 a day (UMIC),Hungary,4
2006,Poverty line at $6.85 a day (UMIC),Hungary,4
2005,Poverty line at $6.85 a day (UMIC),Hungary,7.4
2004,Poverty line at $6.85 a day (UMIC),Hungary,5.7
2020,Poverty line at $6.85 a day (UMIC),Ireland,0.2
2019,Poverty line at $6.85 a day (UMIC),Ireland,0.2
2018,Poverty line at $6.85 a day (UMIC),Ireland,0.1
2017,Poverty line at $6.85 a day (UMIC),Ireland,0.5
2016,Poverty line at $6.85 a day (UMIC),Ireland,0.8
2015,Poverty line at $6.85 a day (UMIC),Ireland,0.8
2014,Poverty line at $6.85 a day (UMIC),Ireland,1.2
2013,Poverty line at $6.85 a day (UMIC),Ireland,1.5
2012,Poverty line at $6.85 a day (UMIC),Ireland,1.3
2011,Poverty line at $6.85 a day (UMIC),Ireland,1.4
2010,Poverty line at $6.85 a day (UMIC),Ireland,1.7
2009,Poverty line at $6.85 a day (UMIC),Ireland,1.4
2008,Poverty line at $6.85 a day (UMIC),Ireland,0.8
2007,Poverty line at $6.85 a day (UMIC),Ireland,0.5
2006,Poverty line at $6.85 a day (UMIC),Ireland,0.6
2005,Poverty line at $6.85 a day (UMIC),Ireland,0.3
2004,Poverty line at $6.85 a day (UMIC),Ireland,0.4
2003,Poverty line at $6.85 a day (UMIC),Ireland,0.5
2002,Poverty line at $6.85 a day (UMIC),Ireland,1.2
2000,Poverty line at $6.85 a day (UMIC),Ireland,0.5
1996,Poverty line at $6.85 a day (UMIC),Ireland,1.5
1995,Poverty line at $6.85 a day (UMIC),Ireland,1.5
1994,Poverty line at $6.85 a day (UMIC),Ireland,1.2
2017,Poverty line at $6.85 a day (UMIC),Iceland,0
2016,Poverty line at $6.85 a day (UMIC),Iceland,0.2
2015,Poverty line at $6.85 a day (UMIC),Iceland,0.1
2014,Poverty line at $6.85 a day (UMIC),Iceland,0.1
2013,Poverty line at $6.85 a day (UMIC),Iceland,0.2
2012,Poverty line at $6.85 a day (UMIC),Iceland,0.3
2011,Poverty line at $6.85 a day (UMIC),Iceland,0.8
2010,Poverty line at $6.85 a day (UMIC),Iceland,0.5
2009,Poverty line at $6.85 a day (UMIC),Iceland,0.3
2008,Poverty line at $6.85 a day (UMIC),Iceland,0.2
2007,Poverty line at $6.85 a day (UMIC),Iceland,0.3
2006,Poverty line at $6.85 a day (UMIC),Iceland,0.4
2005,Poverty line at $6.85 a day (UMIC),Iceland,0.2
2004,Poverty line at $6.85 a day (UMIC),Iceland,0.4
2003,Poverty line at $6.85 a day (UMIC),Iceland,0.4
2020,Poverty line at $6.85 a day (UMIC),Italy,2.2
2019,Poverty line at $6.85 a day (UMIC),Italy,2.6
2018,Poverty line at $6.85 a day (UMIC),Italy,3.2
2017,Poverty line at $6.85 a day (UMIC),Italy,3.3
2016,Poverty line at $6.85 a day (UMIC),Italy,3.4
2015,Poverty line at $6.85 a day (UMIC),Italy,3.9
2014,Poverty line at $6.85 a day (UMIC),Italy,3.1
2013,Poverty line at $6.85 a day (UMIC),Italy,3.2
2012,Poverty line at $6.85 a day (UMIC),Italy,3.1
2011,Poverty line at $6.85 a day (UMIC),Italy,2.7
2010,Poverty line at $6.85 a day (UMIC),Italy,2.7
2009,Poverty line at $6.85 a day (UMIC),Italy,2.1
2008,Poverty line at $6.85 a day (UMIC),Italy,1.8
2007,Poverty line at $6.85 a day (UMIC),Italy,1.7
2006,Poverty line at $6.85 a day (UMIC),Italy,1.6
2005,Poverty line at $6.85 a day (UMIC),Italy,1.9
2004,Poverty line at $6.85 a day (UMIC),Italy,1.7
2003,Poverty line at $6.85 a day (UMIC),Italy,2.1
2000,Poverty line at $6.85 a day (UMIC),Italy,3.5
1998,Poverty line at $6.85 a day (UMIC),Italy,4
1995,Poverty line at $6.85 a day (UMIC),Italy,3.5
1993,Poverty line at $6.85 a day (UMIC),Italy,4.2
1991,Poverty line at $6.85 a day (UMIC),Italy,1.5
2018,Poverty line at $6.85 a day (UMIC),Kazakhstan,14.3
2017,Poverty line at $6.85 a day (UMIC),Kazakhstan,18.8
2016,Poverty line at $6.85 a day (UMIC),Kazakhstan,23.8
2015,Poverty line at $6.85 a day (UMIC),Kazakhstan,17.2
2014,Poverty line at $6.85 a day (UMIC),Kazakhstan,14.8
2013,Poverty line at $6.85 a day (UMIC),Kazakhstan,13.7
2012,Poverty line at $6.85 a day (UMIC),Kazakhstan,19
2011,Poverty line at $6.85 a day (UMIC),Kazakhstan,19.2
2010,Poverty line at $6.85 a day (UMIC),Kazakhstan,32
2009,Poverty line at $6.85 a day (UMIC),Kazakhstan,37.6
2008,Poverty line at $6.85 a day (UMIC),Kazakhstan,36.7
2007,Poverty line at $6.85 a day (UMIC),Kazakhstan,38
2006,Poverty line at $6.85 a day (UMIC),Kazakhstan,50.8
2005,Poverty line at $6.85 a day (UMIC),Kazakhstan,61.5
2004,Poverty line at $6.85 a day (UMIC),Kazakhstan,64.3
2003,Poverty line at $6.85 a day (UMIC),Kazakhstan,67.6
2002,Poverty line at $6.85 a day (UMIC),Kazakhstan,72.3
2001,Poverty line at $6.85 a day (UMIC),Kazakhstan,74.5
1996,Poverty line at $6.85 a day (UMIC),Kazakhstan,65.6
2020,Poverty line at $6.85 a day (UMIC),Kyrgyzstan,67.6
2019,Poverty line at $6.85 a day (UMIC),Kyrgyzstan,63.7
2018,Poverty line at $6.85 a day (UMIC),Kyrgyzstan,66.1
2017,Poverty line at $6.85 a day (UMIC),Kyrgyzstan,70.3
2016,Poverty line at $6.85 a day (UMIC),Kyrgyzstan,71.3
2015,Poverty line at $6.85 a day (UMIC),Kyrgyzstan,73.8
2014,Poverty line at $6.85 a day (UMIC),Kyrgyzstan,70.8
2013,Poverty line at $6.85 a day (UMIC),Kyrgyzstan,73.3
2012,Poverty line at $6.85 a day (UMIC),Kyrgyzstan,73.3
2011,Poverty line at $6.85 a day (UMIC),Kyrgyzstan,70.6
2010,Poverty line at $6.85 a day (UMIC),Kyrgyzstan,70.5
2009,Poverty line at $6.85 a day (UMIC),Kyrgyzstan,67.6
2008,Poverty line at $6.85 a day (UMIC),Kyrgyzstan,67.6
2007,Poverty line at $6.85 a day (UMIC),Kyrgyzstan,74.2
2006,Poverty line at $6.85 a day (UMIC),Kyrgyzstan,72.9
2005,Poverty line at $6.85 a day (UMIC),Kyrgyzstan,84.7
2004,Poverty line at $6.85 a day (UMIC),Kyrgyzstan,80
2003,Poverty line at $6.85 a day (UMIC),Kyrgyzstan,94.1
2002,Poverty line at $6.85 a day (UMIC),Kyrgyzstan,94.6
2001,Poverty line at $6.85 a day (UMIC),Kyrgyzstan,95
2000,Poverty line at $6.85 a day (UMIC),Kyrgyzstan,95.2
2020,Poverty line at $6.85 a day (UMIC),Lithuania,1.6
2019,Poverty line at $6.85 a day (UMIC),Lithuania,1.6
2018,Poverty line at $6.85 a day (UMIC),Lithuania,2.9
2017,Poverty line at $6.85 a day (UMIC),Lithuania,4.4
2016,Poverty line at $6.85 a day (UMIC),Lithuania,4.9
2015,Poverty line at $6.85 a day (UMIC),Lithuania,4.8
2014,Poverty line at $6.85 a day (UMIC),Lithuania,6.3
2013,Poverty line at $6.85 a day (UMIC),Lithuania,5.8
2012,Poverty line at $6.85 a day (UMIC),Lithuania,7
2011,Poverty line at $6.85 a day (UMIC),Lithuania,7
2010,Poverty line at $6.85 a day (UMIC),Lithuania,10.4
2009,Poverty line at $6.85 a day (UMIC),Lithuania,10.2
2008,Poverty line at $6.85 a day (UMIC),Lithuania,5.3
2007,Poverty line at $6.85 a day (UMIC),Lithuania,6.1
2006,Poverty line at $6.85 a day (UMIC),Lithuania,8.7
2005,Poverty line at $6.85 a day (UMIC),Lithuania,14.9
2004,Poverty line at $6.85 a day (UMIC),Lithuania,21.6
2020,Poverty line at $6.85 a day (UMIC),Luxembourg,0
2019,Poverty line at $6.85 a day (UMIC),Luxembourg,0.3
2018,Poverty line at $6.85 a day (UMIC),Luxembourg,0.7
2017,Poverty line at $6.85 a day (UMIC),Luxembourg,0.9
2016,Poverty line at $6.85 a day (UMIC),Luxembourg,0.5
2015,Poverty line at $6.85 a day (UMIC),Luxembourg,0.7
2014,Poverty line at $6.85 a day (UMIC),Luxembourg,0.3
2013,Poverty line at $6.85 a day (UMIC),Luxembourg,0.3
2012,Poverty line at $6.85 a day (UMIC),Luxembourg,0.3
2011,Poverty line at $6.85 a day (UMIC),Luxembourg,0.2
2010,Poverty line at $6.85 a day (UMIC),Luxembourg,0.3
2009,Poverty line at $6.85 a day (UMIC),Luxembourg,0.2
2008,Poverty line at $6.85 a day (UMIC),Luxembourg,0.1
2007,Poverty line at $6.85 a day (UMIC),Luxembourg,0
2006,Poverty line at $6.85 a day (UMIC),Luxembourg,0
2005,Poverty line at $6.85 a day (UMIC),Luxembourg,0.1
2004,Poverty line at $6.85 a day (UMIC),Luxembourg,0.1
2003,Poverty line at $6.85 a day (UMIC),Luxembourg,0.5
2000,Poverty line at $6.85 a day (UMIC),Luxembourg,0
1997,Poverty line at $6.85 a day (UMIC),Luxembourg,0.2
1994,Poverty line at $6.85 a day (UMIC),Luxembourg,0
1991,Poverty line at $6.85 a day (UMIC),Luxembourg,0
2020,Poverty line at $6.85 a day (UMIC),Latvia,2.5
2019,Poverty line at $6.85 a day (UMIC),Latvia,2.6
2018,Poverty line at $6.85 a day (UMIC),Latvia,3
2017,Poverty line at $6.85 a day (UMIC),Latvia,4.5
2016,Poverty line at $6.85 a day (UMIC),Latvia,4.6
2015,Poverty line at $6.85 a day (UMIC),Latvia,4.9
2014,Poverty line at $6.85 a day (UMIC),Latvia,7.1
2013,Poverty line at $6.85 a day (UMIC),Latvia,8.1
2012,Poverty line at $6.85 a day (UMIC),Latvia,10.4
2011,Poverty line at $6.85 a day (UMIC),Latvia,11.2
2010,Poverty line at $6.85 a day (UMIC),Latvia,11.9
2009,Poverty line at $6.85 a day (UMIC),Latvia,11.7
2008,Poverty line at $6.85 a day (UMIC),Latvia,7.9
2007,Poverty line at $6.85 a day (UMIC),Latvia,6.1
2006,Poverty line at $6.85 a day (UMIC),Latvia,9.4
2005,Poverty line at $6.85 a day (UMIC),Latvia,17.3
2004,Poverty line at $6.85 a day (UMIC),Latvia,19.3
2021,Poverty line at $6.85 a day (UMIC),Moldova,14.4
2019,Poverty line at $6.85 a day (UMIC),Moldova,14.7
2018,Poverty line at $6.85 a day (UMIC),Moldova,14.6
2017,Poverty line at $6.85 a day (UMIC),Moldova,17.5
2016,Poverty line at $6.85 a day (UMIC),Moldova,17.7
2015,Poverty line at $6.85 a day (UMIC),Moldova,17.7
2014,Poverty line at $6.85 a day (UMIC),Moldova,19.9
2013,Poverty line at $6.85 a day (UMIC),Moldova,21.1
2012,Poverty line at $6.85 a day (UMIC),Moldova,25.9
2011,Poverty line at $6.85 a day (UMIC),Moldova,27
2010,Poverty line at $6.85 a day (UMIC),Moldova,30.1
2009,Poverty line at $6.85 a day (UMIC),Moldova,33
2008,Poverty line at $6.85 a day (UMIC),Moldova,34
2007,Poverty line at $6.85 a day (UMIC),Moldova,32.5
2006,Poverty line at $6.85 a day (UMIC),Moldova,41.9
2005,Poverty line at $6.85 a day (UMIC),Moldova,75.3
2004,Poverty line at $6.85 a day (UMIC),Moldova,70.2
2003,Poverty line at $6.85 a day (UMIC),Moldova,69.6
2002,Poverty line at $6.85 a day (UMIC),Moldova,76.9
2001,Poverty line at $6.85 a day (UMIC),Moldova,85.8
2000,Poverty line at $6.85 a day (UMIC),Moldova,90.8
1999,Poverty line at $6.85 a day (UMIC),Moldova,88.4
1998,Poverty line at $6.85 a day (UMIC),Moldova,83.9
1997,Poverty line at $6.85 a day (UMIC),Moldova,75.6
2019,Poverty line at $6.85 a day (UMIC),North Macedonia,19
2018,Poverty line at $6.85 a day (UMIC),North Macedonia,20.8
2017,Poverty line at $6.85 a day (UMIC),North Macedonia,23.1
2016,Poverty line at $6.85 a day (UMIC),North Macedonia,24.9
2015,Poverty line at $6.85 a day (UMIC),North Macedonia,28.8
2014,Poverty line at $6.85 a day (UMIC),North Macedonia,29.8
2013,Poverty line at $6.85 a day (UMIC),North Macedonia,34.1
2012,Poverty line at $6.85 a day (UMIC),North Macedonia,35.7
2011,Poverty line at $6.85 a day (UMIC),North Macedonia,37.2
2010,Poverty line at $6.85 a day (UMIC),North Macedonia,37.8
2009,Poverty line at $6.85 a day (UMIC),North Macedonia,40.8
2020,Poverty line at $6.85 a day (UMIC),Malta,0.8
2019,Poverty line at $6.85 a day (UMIC),Malta,0.7
2018,Poverty line at $6.85 a day (UMIC),Malta,0.3
2017,Poverty line at $6.85 a day (UMIC),Malta,0.3
2016,Poverty line at $6.85 a day (UMIC),Malta,0.3
2015,Poverty line at $6.85 a day (UMIC),Malta,0.3
2014,Poverty line at $6.85 a day (UMIC),Malta,0.1
2013,Poverty line at $6.85 a day (UMIC),Malta,0.2
2012,Poverty line at $6.85 a day (UMIC),Malta,0.4
2011,Poverty line at $6.85 a day (UMIC),Malta,0.6
2010,Poverty line at $6.85 a day (UMIC),Malta,0.5
2009,Poverty line at $6.85 a day (UMIC),Malta,1
2008,Poverty line at $6.85 a day (UMIC),Malta,0.6
2007,Poverty line at $6.85 a day (UMIC),Malta,1.1
2006,Poverty line at $6.85 a day (UMIC),Malta,0.8
2018,Poverty line at $6.85 a day (UMIC),Montenegro,18.5
2017,Poverty line at $6.85 a day (UMIC),Montenegro,17.2
2016,Poverty line at $6.85 a day (UMIC),Montenegro,17.3
2015,Poverty line at $6.85 a day (UMIC),Montenegro,21.3
2014,Poverty line at $6.85 a day (UMIC),Montenegro,22.6
2013,Poverty line at $6.85 a day (UMIC),Montenegro,23.3
2012,Poverty line at $6.85 a day (UMIC),Montenegro,26.3
2020,Poverty line at $6.85 a day (UMIC),Netherlands,0.2
2019,Poverty line at $6.85 a day (UMIC),Netherlands,0.4
2018,Poverty line at $6.85 a day (UMIC),Netherlands,0.4
2017,Poverty line at $6.85 a day (UMIC),Netherlands,0.4
2016,Poverty line at $6.85 a day (UMIC),Netherlands,0.4
2015,Poverty line at $6.85 a day (UMIC),Netherlands,0.4
2014,Poverty line at $6.85 a day (UMIC),Netherlands,0.4
2013,Poverty line at $6.85 a day (UMIC),Netherlands,0.3
2012,Poverty line at $6.85 a day (UMIC),Netherlands,0.2
2011,Poverty line at $6.85 a day (UMIC),Netherlands,0.4
2010,Poverty line at $6.85 a day (UMIC),Netherlands,0.2
2009,Poverty line at $6.85 a day (UMIC),Netherlands,0.4
2008,Poverty line at $6.85 a day (UMIC),Netherlands,0.6
2007,Poverty line at $6.85 a day (UMIC),Netherlands,0.4
2006,Poverty line at $6.85 a day (UMIC),Netherlands,0.2
2005,Poverty line at $6.85 a day (UMIC),Netherlands,0.5
2004,Poverty line at $6.85 a day (UMIC),Netherlands,0.8
1999,Poverty line at $6.85 a day (UMIC),Netherlands,0.7
1993,Poverty line at $6.85 a day (UMIC),Netherlands,3
1990,Poverty line at $6.85 a day (UMIC),Netherlands,1.7
2019,Poverty line at $6.85 a day (UMIC),Norway,0.5
2018,Poverty line at $6.85 a day (UMIC),Norway,0.5
2017,Poverty line at $6.85 a day (UMIC),Norway,0.6
2016,Poverty line at $6.85 a day (UMIC),Norway,0.7
2015,Poverty line at $6.85 a day (UMIC),Norway,0.4
2014,Poverty line at $6.85 a day (UMIC),Norway,0.4
2013,Poverty line at $6.85 a day (UMIC),Norway,0.4
2012,Poverty line at $6.85 a day (UMIC),Norway,0.3
2011,Poverty line at $6.85 a day (UMIC),Norway,0.3
2010,Poverty line at $6.85 a day (UMIC),Norway,0.4
2009,Poverty line at $6.85 a day (UMIC),Norway,0.3
2008,Poverty line at $6.85 a day (UMIC),Norway,0.5
2007,Poverty line at $6.85 a day (UMIC),Norway,0.5
2006,Poverty line at $6.85 a day (UMIC),Norway,0.7
2005,Poverty line at $6.85 a day (UMIC),Norway,0.5
2004,Poverty line at $6.85 a day (UMIC),Norway,0.6
2003,Poverty line at $6.85 a day (UMIC),Norway,0.4
2000,Poverty line at $6.85 a day (UMIC),Norway,0.5
1995,Poverty line at $6.85 a day (UMIC),Norway,0.7
1991,Poverty line at $6.85 a day (UMIC),Norway,0.7
2019,Poverty line at $6.85 a day (UMIC),Poland,0.8
2018,Poverty line at $6.85 a day (UMIC),Poland,1.4
2017,Poverty line at $6.85 a day (UMIC),Poland,1.7
2016,Poverty line at $6.85 a day (UMIC),Poland,2.4
2015,Poverty line at $6.85 a day (UMIC),Poland,3.4
2014,Poverty line at $6.85 a day (UMIC),Poland,3.8
2013,Poverty line at $6.85 a day (UMIC),Poland,3.9
2012,Poverty line at $6.85 a day (UMIC),Poland,4.3
2011,Poverty line at $6.85 a day (UMIC),Poland,4
2010,Poverty line at $6.85 a day (UMIC),Poland,4.1
2009,Poverty line at $6.85 a day (UMIC),Poland,4.3
2008,Poverty line at $6.85 a day (UMIC),Poland,4.5
2007,Poverty line at $6.85 a day (UMIC),Poland,5.7
2006,Poverty line at $6.85 a day (UMIC),Poland,9.2
2005,Poverty line at $6.85 a day (UMIC),Poland,12.5
2004,Poverty line at $6.85 a day (UMIC),Poland,16.2
2020,Poverty line at $6.85 a day (UMIC),Portugal,2.6
2019,Poverty line at $6.85 a day (UMIC),Portugal,1.5
2018,Poverty line at $6.85 a day (UMIC),Portugal,2.1
2017,Poverty line at $6.85 a day (UMIC),Portugal,2.3
2016,Poverty line at $6.85 a day (UMIC),Portugal,3.6
2015,Poverty line at $6.85 a day (UMIC),Portugal,3.6
2014,Poverty line at $6.85 a day (UMIC),Portugal,4.7
2013,Poverty line at $6.85 a day (UMIC),Portugal,5.4
2012,Poverty line at $6.85 a day (UMIC),Portugal,5.5
2011,Poverty line at $6.85 a day (UMIC),Portugal,3.7
2010,Poverty line at $6.85 a day (UMIC),Portugal,2.6
2009,Poverty line at $6.85 a day (UMIC),Portugal,2.3
2008,Poverty line at $6.85 a day (UMIC),Portugal,2.9
2007,Poverty line at $6.85 a day (UMIC),Portugal,2.2
2006,Poverty line at $6.85 a day (UMIC),Portugal,3
2005,Poverty line at $6.85 a day (UMIC),Portugal,3.3
2004,Poverty line at $6.85 a day (UMIC),Portugal,3.3
2003,Poverty line at $6.85 a day (UMIC),Portugal,4
2020,Poverty line at $6.85 a day (UMIC),Romania,10
2019,Poverty line at $6.85 a day (UMIC),Romania,10.9
2018,Poverty line at $6.85 a day (UMIC),Romania,13
2017,Poverty line at $6.85 a day (UMIC),Romania,16.3
2016,Poverty line at $6.85 a day (UMIC),Romania,21.8
2015,Poverty line at $6.85 a day (UMIC),Romania,27.4
2014,Poverty line at $6.85 a day (UMIC),Romania,29.7
2013,Poverty line at $6.85 a day (UMIC),Romania,32.8
2012,Poverty line at $6.85 a day (UMIC),Romania,33.6
2011,Poverty line at $6.85 a day (UMIC),Romania,33.5
2010,Poverty line at $6.85 a day (UMIC),Romania,29.6
2009,Poverty line at $6.85 a day (UMIC),Romania,27.7
2008,Poverty line at $6.85 a day (UMIC),Romania,29.4
2007,Poverty line at $6.85 a day (UMIC),Romania,36.2
2006,Poverty line at $6.85 a day (UMIC),Romania,42.2
2020,Poverty line at $6.85 a day (UMIC),Serbia,10.1
2019,Poverty line at $6.85 a day (UMIC),Serbia,12
2018,Poverty line at $6.85 a day (UMIC),Serbia,17.2
2017,Poverty line at $6.85 a day (UMIC),Serbia,21.7
2016,Poverty line at $6.85 a day (UMIC),Serbia,24.6
2015,Poverty line at $6.85 a day (UMIC),Serbia,27.2
2014,Poverty line at $6.85 a day (UMIC),Serbia,28.2
2013,Poverty line at $6.85 a day (UMIC),Serbia,28.3
2012,Poverty line at $6.85 a day (UMIC),Serbia,25
2019,Poverty line at $6.85 a day (UMIC),Slovak Republic,2
2018,Poverty line at $6.85 a day (UMIC),Slovak Republic,3.4
2017,Poverty line at $6.85 a day (UMIC),Slovak Republic,2.7
2016,Poverty line at $6.85 a day (UMIC),Slovak Republic,4.3
2015,Poverty line at $6.85 a day (UMIC),Slovak Republic,4.3
2014,Poverty line at $6.85 a day (UMIC),Slovak Republic,4.8
2013,Poverty line at $6.85 a day (UMIC),Slovak Republic,4.1
2012,Poverty line at $6.85 a day (UMIC),Slovak Republic,4.5
2011,Poverty line at $6.85 a day (UMIC),Slovak Republic,3
2010,Poverty line at $6.85 a day (UMIC),Slovak Republic,3.4
2009,Poverty line at $6.85 a day (UMIC),Slovak Republic,3.9
2008,Poverty line at $6.85 a day (UMIC),Slovak Republic,3.9
2007,Poverty line at $6.85 a day (UMIC),Slovak Republic,3.2
2006,Poverty line at $6.85 a day (UMIC),Slovak Republic,3.5
2005,Poverty line at $6.85 a day (UMIC),Slovak Republic,5.2
2004,Poverty line at $6.85 a day (UMIC),Slovak Republic,8.3
2020,Poverty line at $6.85 a day (UMIC),Slovenia,0
2019,Poverty line at $6.85 a day (UMIC),Slovenia,0.1
2018,Poverty line at $6.85 a day (UMIC),Slovenia,0.1
2017,Poverty line at $6.85 a day (UMIC),Slovenia,0.1
2016,Poverty line at $6.85 a day (UMIC),Slovenia,0.2
2015,Poverty line at $6.85 a day (UMIC),Slovenia,0.3
2014,Poverty line at $6.85 a day (UMIC),Slovenia,0.3
2013,Poverty line at $6.85 a day (UMIC),Slovenia,0.4
2012,Poverty line at $6.85 a day (UMIC),Slovenia,0.3
2011,Poverty line at $6.85 a day (UMIC),Slovenia,0.3
2010,Poverty line at $6.85 a day (UMIC),Slovenia,0.1
2009,Poverty line at $6.85 a day (UMIC),Slovenia,0.2
2008,Poverty line at $6.85 a day (UMIC),Slovenia,0.1
2007,Poverty line at $6.85 a day (UMIC),Slovenia,0.2
2006,Poverty line at $6.85 a day (UMIC),Slovenia,0.4
2005,Poverty line at $6.85 a day (UMIC),Slovenia,0.5
2004,Poverty line at $6.85 a day (UMIC),Slovenia,0.5
2020,Poverty line at $6.85 a day (UMIC),Sweden,0.9
2019,Poverty line at $6.85 a day (UMIC),Sweden,0.9
2018,Poverty line at $6.85 a day (UMIC),Sweden,1.4
2017,Poverty line at $6.85 a day (UMIC),Sweden,0.8
2016,Poverty line at $6.85 a day (UMIC),Sweden,0.9
2015,Poverty line at $6.85 a day (UMIC),Sweden,1.1
2014,Poverty line at $6.85 a day (UMIC),Sweden,1.1
2013,Poverty line at $6.85 a day (UMIC),Sweden,1.3
2012,Poverty line at $6.85 a day (UMIC),Sweden,1.2
2011,Poverty line at $6.85 a day (UMIC),Sweden,1.4
2010,Poverty line at $6.85 a day (UMIC),Sweden,1.3
2009,Poverty line at $6.85 a day (UMIC),Sweden,1.1
2008,Poverty line at $6.85 a day (UMIC),Sweden,1
2007,Poverty line at $6.85 a day (UMIC),Sweden,0.9
2006,Poverty line at $6.85 a day (UMIC),Sweden,1
2005,Poverty line at $6.85 a day (UMIC),Sweden,1.8
2004,Poverty line at $6.85 a day (UMIC),Sweden,1
2003,Poverty line at $6.85 a day (UMIC),Sweden,1
2000,Poverty line at $6.85 a day (UMIC),Sweden,0.5
1995,Poverty line at $6.85 a day (UMIC),Sweden,1.5
1992,Poverty line at $6.85 a day (UMIC),Sweden,1
2015,Poverty line at $6.85 a day (UMIC),Tajikistan,66.4
2009,Poverty line at $6.85 a day (UMIC),Tajikistan,76.3
2007,Poverty line at $6.85 a day (UMIC),Tajikistan,85
2004,Poverty line at $6.85 a day (UMIC),Tajikistan,87.7
2003,Poverty line at $6.85 a day (UMIC),Tajikistan,94.8
1999,Poverty line at $6.85 a day (UMIC),Tajikistan,99.2
1998,Poverty line at $6.85 a day (UMIC),Turkmenistan,91.3
2019,Poverty line at $6.85 a day (UMIC),Türkiye,12.6
2018,Poverty line at $6.85 a day (UMIC),Türkiye,10.9
2017,Poverty line at $6.85 a day (UMIC),Türkiye,10.9
2016,Poverty line at $6.85 a day (UMIC),Türkiye,11.6
2015,Poverty line at $6.85 a day (UMIC),Türkiye,13.7
2014,Poverty line at $6.85 a day (UMIC),Türkiye,12.4
2013,Poverty line at $6.85 a day (UMIC),Türkiye,13.8
2012,Poverty line at $6.85 a day (UMIC),Türkiye,14.8
2011,Poverty line at $6.85 a day (UMIC),Türkiye,15.9
2010,Poverty line at $6.85 a day (UMIC),Türkiye,18.2
2009,Poverty line at $6.85 a day (UMIC),Türkiye,19.2
2008,Poverty line at $6.85 a day (UMIC),Türkiye,18.8
2007,Poverty line at $6.85 a day (UMIC),Türkiye,22.3
2006,Poverty line at $6.85 a day (UMIC),Türkiye,25.9
2005,Poverty line at $6.85 a day (UMIC),Türkiye,28.4
2004,Poverty line at $6.85 a day (UMIC),Türkiye,30.8
2003,Poverty line at $6.85 a day (UMIC),Türkiye,42
2002,Poverty line at $6.85 a day (UMIC),Türkiye,38.8
1994,Poverty line at $6.85 a day (UMIC),Türkiye,42.8
2020,Poverty line at $6.85 a day (UMIC),Ukraine,7.1
2019,Poverty line at $6.85 a day (UMIC),Ukraine,7.1
2018,Poverty line at $6.85 a day (UMIC),Ukraine,9.4
2017,Poverty line at $6.85 a day (UMIC),Ukraine,10.8
2016,Poverty line at $6.85 a day (UMIC),Ukraine,15.4
2015,Poverty line at $6.85 a day (UMIC),Ukraine,15
2014,Poverty line at $6.85 a day (UMIC),Ukraine,9
2013,Poverty line at $6.85 a day (UMIC),Ukraine,8.4
2012,Poverty line at $6.85 a day (UMIC),Ukraine,11
2011,Poverty line at $6.85 a day (UMIC),Ukraine,12.4
2010,Poverty line at $6.85 a day (UMIC),Ukraine,15.2
2009,Poverty line at $6.85 a day (UMIC),Ukraine,19.3
2008,Poverty line at $6.85 a day (UMIC),Ukraine,16.7
2007,Poverty line at $6.85 a day (UMIC),Ukraine,26.4
2006,Poverty line at $6.85 a day (UMIC),Ukraine,26.6
2005,Poverty line at $6.85 a day (UMIC),Ukraine,31
2004,Poverty line at $6.85 a day (UMIC),Ukraine,43.9
2003,Poverty line at $6.85 a day (UMIC),Ukraine,54.1
2002,Poverty line at $6.85 a day (UMIC),Ukraine,61.9
1996,Poverty line at $6.85 a day (UMIC),Ukraine,69.4
1995,Poverty line at $6.85 a day (UMIC),Ukraine,60
1993,Poverty line at $6.85 a day (UMIC),Ukraine,57.5
1992,Poverty line at $6.85 a day (UMIC),Ukraine,56.2
2003,Poverty line at $6.85 a day (UMIC),Uzbekistan,99.1
2002,Poverty line at $6.85 a day (UMIC),Uzbekistan,99.1
2000,Poverty line at $6.85 a day (UMIC),Uzbekistan,99
1998,Poverty line at $6.85 a day (UMIC),Uzbekistan,95.5
2017,Poverty line at $6.85 a day (UMIC),Kosovo⁎,34.2
2016,Poverty line at $6.85 a day (UMIC),Kosovo⁎,35
2015,Poverty line at $6.85 a day (UMIC),Kosovo⁎,35.7
2014,Poverty line at $6.85 a day (UMIC),Kosovo⁎,39.8
2013,Poverty line at $6.85 a day (UMIC),Kosovo⁎,38.4
2012,Poverty line at $6.85 a day (UMIC),Kosovo⁎,42.4
2011,Poverty line at $6.85 a day (UMIC),Kosovo⁎,57.2
2010,Poverty line at $6.85 a day (UMIC),Kosovo⁎,58.1
2009,Poverty line at $6.85 a day (UMIC),Kosovo⁎,59.9
2006,Poverty line at $6.85 a day (UMIC),Kosovo⁎,68.1
2005,Poverty line at $6.85 a day (UMIC),Kosovo⁎,67.1
2003,Poverty line at $6.85 a day (UMIC),Kosovo⁎,67.7
