Year,SeriesCode,GeoAreaName,Education level,Value
2016,"SE_ACS_CMPTR","Azerbaijan","PRIMAR",94.28507
2016,"SE_ACS_CMPTR","Azerbaijan","LOWSEC",97.76916
2016,"SE_ACS_CMPTR","Azerbaijan","UPPSEC",98.73303
2016,"SE_ACS_CMPTR","Azerbaijan","SECOND",98.19868
2017,"SE_ACS_CMPTR","Azerbaijan","LOWSEC",97.33139
2017,"SE_ACS_CMPTR","Azerbaijan","PRIMAR",93.93531
2017,"SE_ACS_CMPTR","Azerbaijan","SECOND",97.75507
2017,"SE_ACS_CMPTR","Azerbaijan","UPPSEC",98.28158
2018,"SE_ACS_CMPTR","Azerbaijan","PRIMAR",94.38936
2018,"SE_ACS_CMPTR","Azerbaijan","LOWSEC",97.13244
2018,"SE_ACS_CMPTR","Azerbaijan","UPPSEC",98.37202
2018,"SE_ACS_CMPTR","Azerbaijan","SECOND",97.68568
2019,"SE_ACS_CMPTR","Azerbaijan","SECOND",97.84917
2019,"SE_ACS_CMPTR","Azerbaijan","UPPSEC",98.4041
2019,"SE_ACS_CMPTR","Azerbaijan","LOWSEC",97.40165
2019,"SE_ACS_CMPTR","Azerbaijan","PRIMAR",94.88624
2020,"SE_ACS_CMPTR","Azerbaijan","PRIMAR",96.48094
2020,"SE_ACS_CMPTR","Azerbaijan","LOWSEC",98.34871
2020,"SE_ACS_CMPTR","Azerbaijan","UPPSEC",98.82848
2020,"SE_ACS_CMPTR","Azerbaijan","SECOND",98.56318
2021,"SE_ACS_CMPTR","Azerbaijan","SECOND",99.00844
2021,"SE_ACS_CMPTR","Azerbaijan","UPPSEC",99.13278
2021,"SE_ACS_CMPTR","Azerbaijan","LOWSEC",98.9075
2021,"SE_ACS_CMPTR","Azerbaijan","PRIMAR",97.83345
2000,"SE_ACS_CMPTR","Australia","SECOND",100
2000,"SE_ACS_CMPTR","Australia","LOWSEC",100
2000,"SE_ACS_CMPTR","Australia","PRIMAR",100
2000,"SE_ACS_CMPTR","Australia","UPPSEC",100
2001,"SE_ACS_CMPTR","Australia","UPPSEC",100
2001,"SE_ACS_CMPTR","Australia","PRIMAR",100
2014,"SE_ACS_CMPTR","Slovakia","UPPSEC",78.37756
2015,"SE_ACS_CMPTR","Slovakia","UPPSEC",89.75313
2015,"SE_ACS_CMPTR","Slovakia","SECOND",100
2015,"SE_ACS_CMPTR","Slovakia","PRIMAR",58.39524
2016,"SE_ACS_CMPTR","Slovakia","UPPSEC",89.65995
2018,"SE_ACS_CMPTR","Slovakia","SECOND",99.60195
2019,"SE_ACS_CMPTR","Slovakia","PRIMAR",57.72231
2015,"SE_ACS_CMPTR","Viet Nam","SECOND",93.76878
2018,"SE_ACS_CMPTR","Viet Nam","SECOND",91.17721
2020,"SE_ACS_CMPTR","Viet Nam","UPPSEC",93.56193
2020,"SE_ACS_CMPTR","Viet Nam","SECOND",92.5521
2001,"SE_ACS_CMPTR","Australia","LOWSEC",100
2001,"SE_ACS_CMPTR","Australia","SECOND",100
2002,"SE_ACS_CMPTR","Australia","PRIMAR",100
2002,"SE_ACS_CMPTR","Australia","UPPSEC",100
2002,"SE_ACS_CMPTR","Australia","SECOND",100
2002,"SE_ACS_CMPTR","Australia","LOWSEC",100
2003,"SE_ACS_CMPTR","Australia","UPPSEC",100
2003,"SE_ACS_CMPTR","Australia","PRIMAR",100
2003,"SE_ACS_CMPTR","Australia","LOWSEC",100
2003,"SE_ACS_CMPTR","Australia","SECOND",100
2004,"SE_ACS_CMPTR","Australia","SECOND",100
2020,"SE_ACS_CMPTR","Viet Nam","LOWSEC",92.28412
2020,"SE_ACS_CMPTR","Viet Nam","PRIMAR",84.61538
2021,"SE_ACS_CMPTR","Viet Nam","PRIMAR",88.20371
2021,"SE_ACS_CMPTR","Viet Nam","LOWSEC",88.69307
2021,"SE_ACS_CMPTR","Viet Nam","SECOND",89.08054
2021,"SE_ACS_CMPTR","Viet Nam","UPPSEC",90.52051
2000,"SE_ACS_CMPTR","Slovenia","PRIMAR",100
2000,"SE_ACS_CMPTR","Slovenia","LOWSEC",100
2001,"SE_ACS_CMPTR","Slovenia","LOWSEC",100
2001,"SE_ACS_CMPTR","Slovenia","PRIMAR",100
2002,"SE_ACS_CMPTR","Slovenia","PRIMAR",100
2004,"SE_ACS_CMPTR","Australia","LOWSEC",100
2004,"SE_ACS_CMPTR","Australia","PRIMAR",100
2004,"SE_ACS_CMPTR","Australia","UPPSEC",100
2005,"SE_ACS_CMPTR","Australia","UPPSEC",100
2005,"SE_ACS_CMPTR","Australia","PRIMAR",100
2005,"SE_ACS_CMPTR","Australia","LOWSEC",100
2005,"SE_ACS_CMPTR","Australia","SECOND",100
2006,"SE_ACS_CMPTR","Australia","SECOND",100
2006,"SE_ACS_CMPTR","Australia","LOWSEC",100
2006,"SE_ACS_CMPTR","Australia","PRIMAR",100
2006,"SE_ACS_CMPTR","Australia","UPPSEC",100
2002,"SE_ACS_CMPTR","Slovenia","LOWSEC",100
2003,"SE_ACS_CMPTR","Slovenia","LOWSEC",100
2003,"SE_ACS_CMPTR","Slovenia","PRIMAR",100
2004,"SE_ACS_CMPTR","Slovenia","PRIMAR",100
2004,"SE_ACS_CMPTR","Slovenia","LOWSEC",100
2004,"SE_ACS_CMPTR","Slovenia","UPPSEC",100
2004,"SE_ACS_CMPTR","Slovenia","SECOND",100
2005,"SE_ACS_CMPTR","Slovenia","UPPSEC",100
2005,"SE_ACS_CMPTR","Slovenia","SECOND",100
2005,"SE_ACS_CMPTR","Slovenia","LOWSEC",100
2005,"SE_ACS_CMPTR","Slovenia","PRIMAR",100
2006,"SE_ACS_CMPTR","Slovenia","PRIMAR",100
2006,"SE_ACS_CMPTR","Slovenia","LOWSEC",100
2006,"SE_ACS_CMPTR","Slovenia","SECOND",100
2006,"SE_ACS_CMPTR","Slovenia","UPPSEC",100
2007,"SE_ACS_CMPTR","Slovenia","UPPSEC",100
2007,"SE_ACS_CMPTR","Slovenia","SECOND",100
2007,"SE_ACS_CMPTR","Slovenia","LOWSEC",100
2007,"SE_ACS_CMPTR","Slovenia","PRIMAR",100
2008,"SE_ACS_CMPTR","Slovenia","PRIMAR",100
2008,"SE_ACS_CMPTR","Slovenia","LOWSEC",100
2008,"SE_ACS_CMPTR","Slovenia","SECOND",100
2008,"SE_ACS_CMPTR","Slovenia","UPPSEC",100
2009,"SE_ACS_CMPTR","Slovenia","LOWSEC",100
2009,"SE_ACS_CMPTR","Slovenia","PRIMAR",100
2009,"SE_ACS_CMPTR","Slovenia","SECOND",100
2009,"SE_ACS_CMPTR","Slovenia","UPPSEC",100
2010,"SE_ACS_CMPTR","Slovenia","PRIMAR",100
2010,"SE_ACS_CMPTR","Slovenia","LOWSEC",100
2010,"SE_ACS_CMPTR","Slovenia","SECOND",100
2010,"SE_ACS_CMPTR","Slovenia","UPPSEC",100
2011,"SE_ACS_CMPTR","Slovenia","SECOND",100
2011,"SE_ACS_CMPTR","Slovenia","UPPSEC",100
2011,"SE_ACS_CMPTR","Slovenia","LOWSEC",100
2011,"SE_ACS_CMPTR","Slovenia","PRIMAR",100
2012,"SE_ACS_CMPTR","Slovenia","PRIMAR",100
2012,"SE_ACS_CMPTR","Slovenia","LOWSEC",100
2012,"SE_ACS_CMPTR","Slovenia","UPPSEC",100
2012,"SE_ACS_CMPTR","Slovenia","SECOND",100
2013,"SE_ACS_CMPTR","Slovenia","SECOND",100
2013,"SE_ACS_CMPTR","Slovenia","UPPSEC",100
2013,"SE_ACS_CMPTR","Slovenia","LOWSEC",100
2013,"SE_ACS_CMPTR","Slovenia","PRIMAR",100
2014,"SE_ACS_CMPTR","Slovenia","PRIMAR",100
2014,"SE_ACS_CMPTR","Slovenia","LOWSEC",100
2014,"SE_ACS_CMPTR","Slovenia","UPPSEC",100
2014,"SE_ACS_CMPTR","Slovenia","SECOND",100
2015,"SE_ACS_CMPTR","Slovenia","SECOND",100
2015,"SE_ACS_CMPTR","Slovenia","UPPSEC",100
2015,"SE_ACS_CMPTR","Slovenia","LOWSEC",100
2015,"SE_ACS_CMPTR","Slovenia","PRIMAR",100
2016,"SE_ACS_CMPTR","Slovenia","UPPSEC",100
2016,"SE_ACS_CMPTR","Slovenia","SECOND",100
2016,"SE_ACS_CMPTR","Slovenia","PRIMAR",100
2016,"SE_ACS_CMPTR","Slovenia","LOWSEC",100
2018,"SE_ACS_CMPTR","Slovenia","SECOND",100
2000,"SE_ACS_CMPTR","Spain","PRIMAR",100
2000,"SE_ACS_CMPTR","Spain","LOWSEC",100
2001,"SE_ACS_CMPTR","Spain","LOWSEC",100
2001,"SE_ACS_CMPTR","Spain","PRIMAR",100
2002,"SE_ACS_CMPTR","Spain","PRIMAR",100
2002,"SE_ACS_CMPTR","Spain","LOWSEC",100
2003,"SE_ACS_CMPTR","Spain","LOWSEC",100
2003,"SE_ACS_CMPTR","Spain","PRIMAR",100
2004,"SE_ACS_CMPTR","Spain","PRIMAR",100
2004,"SE_ACS_CMPTR","Spain","LOWSEC",100
2017,"SE_ACS_CMPTR","Albania","UPPSEC",83.13492
2018,"SE_ACS_CMPTR","Albania","SECOND",74.07609
2018,"SE_ACS_CMPTR","Albania","LOWSEC",71.30112
2018,"SE_ACS_CMPTR","Albania","PRIMAR",50.37594
2018,"SE_ACS_CMPTR","Albania","UPPSEC",81.61616
2019,"SE_ACS_CMPTR","Albania","PRIMAR",49.01692
2019,"SE_ACS_CMPTR","Albania","LOWSEC",82.82112
2019,"SE_ACS_CMPTR","Albania","SECOND",82.50283
2019,"SE_ACS_CMPTR","Albania","UPPSEC",81.69014
2020,"SE_ACS_CMPTR","Albania","UPPSEC",100
2020,"SE_ACS_CMPTR","Albania","SECOND",100
2007,"SE_ACS_CMPTR","Australia","UPPSEC",100
2007,"SE_ACS_CMPTR","Australia","PRIMAR",100
2007,"SE_ACS_CMPTR","Australia","LOWSEC",100
2007,"SE_ACS_CMPTR","Australia","SECOND",100
2008,"SE_ACS_CMPTR","Australia","SECOND",100
2008,"SE_ACS_CMPTR","Australia","LOWSEC",100
2008,"SE_ACS_CMPTR","Australia","PRIMAR",100
2008,"SE_ACS_CMPTR","Australia","UPPSEC",100
2009,"SE_ACS_CMPTR","Australia","LOWSEC",100
2009,"SE_ACS_CMPTR","Australia","SECOND",100
2009,"SE_ACS_CMPTR","Australia","UPPSEC",100
2005,"SE_ACS_CMPTR","Spain","LOWSEC",100
2005,"SE_ACS_CMPTR","Spain","PRIMAR",100
2006,"SE_ACS_CMPTR","Spain","PRIMAR",100
2006,"SE_ACS_CMPTR","Spain","LOWSEC",100
2007,"SE_ACS_CMPTR","Spain","LOWSEC",100
2007,"SE_ACS_CMPTR","Spain","PRIMAR",100
2007,"SE_ACS_CMPTR","Spain","SECOND",100
2007,"SE_ACS_CMPTR","Spain","UPPSEC",100
2008,"SE_ACS_CMPTR","Spain","PRIMAR",100
2008,"SE_ACS_CMPTR","Spain","LOWSEC",100
2008,"SE_ACS_CMPTR","Spain","UPPSEC",100
2009,"SE_ACS_CMPTR","Australia","PRIMAR",100
2010,"SE_ACS_CMPTR","Australia","SECOND",100
2010,"SE_ACS_CMPTR","Australia","LOWSEC",100
2010,"SE_ACS_CMPTR","Australia","PRIMAR",100
2010,"SE_ACS_CMPTR","Australia","UPPSEC",100
2011,"SE_ACS_CMPTR","Australia","UPPSEC",100
2011,"SE_ACS_CMPTR","Australia","PRIMAR",100
2011,"SE_ACS_CMPTR","Australia","LOWSEC",100
2011,"SE_ACS_CMPTR","Australia","SECOND",100
2012,"SE_ACS_CMPTR","Australia","SECOND",100
2012,"SE_ACS_CMPTR","Australia","LOWSEC",100
2012,"SE_ACS_CMPTR","Australia","PRIMAR",100
2012,"SE_ACS_CMPTR","Australia","UPPSEC",100
2013,"SE_ACS_CMPTR","Australia","UPPSEC",100
2013,"SE_ACS_CMPTR","Australia","PRIMAR",100
2013,"SE_ACS_CMPTR","Australia","LOWSEC",100
2013,"SE_ACS_CMPTR","Australia","SECOND",100
2014,"SE_ACS_CMPTR","Australia","SECOND",100
2014,"SE_ACS_CMPTR","Australia","LOWSEC",100
2014,"SE_ACS_CMPTR","Australia","PRIMAR",100
2014,"SE_ACS_CMPTR","Australia","UPPSEC",100
2015,"SE_ACS_CMPTR","Australia","UPPSEC",100
2008,"SE_ACS_CMPTR","Spain","SECOND",100
2009,"SE_ACS_CMPTR","Spain","LOWSEC",100
2009,"SE_ACS_CMPTR","Spain","PRIMAR",100
2009,"SE_ACS_CMPTR","Spain","SECOND",100
2009,"SE_ACS_CMPTR","Spain","UPPSEC",100
2010,"SE_ACS_CMPTR","Spain","UPPSEC",100
2010,"SE_ACS_CMPTR","Spain","SECOND",100
2010,"SE_ACS_CMPTR","Spain","PRIMAR",100
2010,"SE_ACS_CMPTR","Spain","LOWSEC",100
2011,"SE_ACS_CMPTR","Spain","LOWSEC",100
2011,"SE_ACS_CMPTR","Spain","PRIMAR",100
2011,"SE_ACS_CMPTR","Spain","SECOND",100
2011,"SE_ACS_CMPTR","Spain","UPPSEC",100
2012,"SE_ACS_CMPTR","Spain","UPPSEC",100
2012,"SE_ACS_CMPTR","Spain","SECOND",100
2012,"SE_ACS_CMPTR","Spain","PRIMAR",100
2012,"SE_ACS_CMPTR","Spain","LOWSEC",100
2013,"SE_ACS_CMPTR","Spain","LOWSEC",100
2013,"SE_ACS_CMPTR","Spain","PRIMAR",100
2013,"SE_ACS_CMPTR","Spain","SECOND",100
2013,"SE_ACS_CMPTR","Spain","UPPSEC",100
2014,"SE_ACS_CMPTR","Spain","UPPSEC",100
2014,"SE_ACS_CMPTR","Spain","SECOND",100
2014,"SE_ACS_CMPTR","Spain","PRIMAR",100
2014,"SE_ACS_CMPTR","Spain","LOWSEC",100
2015,"SE_ACS_CMPTR","Spain","SECOND",100
2015,"SE_ACS_CMPTR","Spain","UPPSEC",100
2015,"SE_ACS_CMPTR","Spain","LOWSEC",100
2015,"SE_ACS_CMPTR","Spain","PRIMAR",100
2016,"SE_ACS_CMPTR","Spain","UPPSEC",100
2016,"SE_ACS_CMPTR","Spain","SECOND",100
2016,"SE_ACS_CMPTR","Spain","PRIMAR",100
2016,"SE_ACS_CMPTR","Spain","LOWSEC",100
2017,"SE_ACS_CMPTR","Spain","LOWSEC",100
2017,"SE_ACS_CMPTR","Spain","PRIMAR",100
2017,"SE_ACS_CMPTR","Spain","SECOND",100
2017,"SE_ACS_CMPTR","Spain","UPPSEC",100
2018,"SE_ACS_CMPTR","Spain","UPPSEC",100
2018,"SE_ACS_CMPTR","Spain","SECOND",100
2018,"SE_ACS_CMPTR","Spain","PRIMAR",100
2018,"SE_ACS_CMPTR","Spain","LOWSEC",100
2019,"SE_ACS_CMPTR","Spain","LOWSEC",100
2019,"SE_ACS_CMPTR","Spain","PRIMAR",100
2019,"SE_ACS_CMPTR","Spain","SECOND",100
2019,"SE_ACS_CMPTR","Spain","UPPSEC",100
2020,"SE_ACS_CMPTR","Spain","UPPSEC",100
2020,"SE_ACS_CMPTR","Spain","SECOND",100
2020,"SE_ACS_CMPTR","Spain","PRIMAR",100
2020,"SE_ACS_CMPTR","Spain","LOWSEC",100
2021,"SE_ACS_CMPTR","Spain","LOWSEC",100
2021,"SE_ACS_CMPTR","Spain","PRIMAR",100
2021,"SE_ACS_CMPTR","Spain","SECOND",100
2021,"SE_ACS_CMPTR","Spain","UPPSEC",100
2015,"SE_ACS_CMPTR","Sweden","PRIMAR",87.19054
2015,"SE_ACS_CMPTR","Sweden","SECOND",94.69246
2015,"SE_ACS_CMPTR","Australia","PRIMAR",100
2015,"SE_ACS_CMPTR","Australia","LOWSEC",100
2015,"SE_ACS_CMPTR","Australia","SECOND",100
2016,"SE_ACS_CMPTR","Australia","PRIMAR",100
2016,"SE_ACS_CMPTR","Australia","UPPSEC",100
2016,"SE_ACS_CMPTR","Australia","SECOND",100
2016,"SE_ACS_CMPTR","Australia","LOWSEC",100
2018,"SE_ACS_CMPTR","Australia","SECOND",99.68381
2015,"SE_ACS_CMPTR","Austria","SECOND",99.79323
2018,"SE_ACS_CMPTR","Austria","SECOND",98.54848
2019,"SE_ACS_CMPTR","Austria","PRIMAR",68.72364
2018,"SE_ACS_CMPTR","Sweden","SECOND",99.07686
2019,"SE_ACS_CMPTR","Sweden","SECOND",98.44545
2019,"SE_ACS_CMPTR","Sweden","PRIMAR",96.91268
2011,"SE_ACS_CMPTR","Switzerland","PRIMAR",100
2011,"SE_ACS_CMPTR","Switzerland","SECOND",100
2011,"SE_ACS_CMPTR","Switzerland","UPPSEC",100
2011,"SE_ACS_CMPTR","Switzerland","LOWSEC",100
2012,"SE_ACS_CMPTR","Switzerland","LOWSEC",100
2012,"SE_ACS_CMPTR","Switzerland","UPPSEC",100
2012,"SE_ACS_CMPTR","Switzerland","SECOND",100
2012,"SE_ACS_CMPTR","Switzerland","PRIMAR",100
2013,"SE_ACS_CMPTR","Switzerland","UPPSEC",100
2013,"SE_ACS_CMPTR","Switzerland","LOWSEC",100
2013,"SE_ACS_CMPTR","Switzerland","PRIMAR",100
2013,"SE_ACS_CMPTR","Switzerland","SECOND",100
2014,"SE_ACS_CMPTR","Switzerland","LOWSEC",100
2014,"SE_ACS_CMPTR","Switzerland","UPPSEC",100
2014,"SE_ACS_CMPTR","Switzerland","SECOND",100
2014,"SE_ACS_CMPTR","Switzerland","PRIMAR",100
2015,"SE_ACS_CMPTR","Switzerland","PRIMAR",100
2015,"SE_ACS_CMPTR","Switzerland","SECOND",100
2016,"SE_ACS_CMPTR","Armenia","SECOND",72.06775
2016,"SE_ACS_CMPTR","Armenia","PRIMAR",20.01955
2018,"SE_ACS_CMPTR","Armenia","SECOND",100
2018,"SE_ACS_CMPTR","Armenia","UPPSEC",100
2018,"SE_ACS_CMPTR","Armenia","PRIMAR",100
2018,"SE_ACS_CMPTR","Armenia","LOWSEC",100
2019,"SE_ACS_CMPTR","Armenia","UPPSEC",100
2019,"SE_ACS_CMPTR","Armenia","SECOND",100
2019,"SE_ACS_CMPTR","Armenia","LOWSEC",100
2019,"SE_ACS_CMPTR","Armenia","PRIMAR",100
2020,"SE_ACS_CMPTR","Armenia","PRIMAR",100
2015,"SE_ACS_CMPTR","Switzerland","UPPSEC",100
2015,"SE_ACS_CMPTR","Switzerland","LOWSEC",100
2016,"SE_ACS_CMPTR","Switzerland","LOWSEC",100
2016,"SE_ACS_CMPTR","Switzerland","UPPSEC",100
2016,"SE_ACS_CMPTR","Switzerland","SECOND",100
2016,"SE_ACS_CMPTR","Switzerland","PRIMAR",100
2018,"SE_ACS_CMPTR","Switzerland","SECOND",96.42166
2015,"SE_ACS_CMPTR","United Arab Emirates","PRIMAR",77.46521
2015,"SE_ACS_CMPTR","United Arab Emirates","SECOND",78.88203
2016,"SE_ACS_CMPTR","United Arab Emirates","LOWSEC",100
2020,"SE_ACS_CMPTR","Armenia","LOWSEC",100
2020,"SE_ACS_CMPTR","Armenia","SECOND",100
2020,"SE_ACS_CMPTR","Armenia","UPPSEC",100
2021,"SE_ACS_CMPTR","Armenia","UPPSEC",100
2021,"SE_ACS_CMPTR","Armenia","SECOND",100
2021,"SE_ACS_CMPTR","Armenia","LOWSEC",100
2021,"SE_ACS_CMPTR","Armenia","PRIMAR",100
2010,"SE_ACS_CMPTR","Belgium","UPPSEC",100
2010,"SE_ACS_CMPTR","Belgium","LOWSEC",100
2010,"SE_ACS_CMPTR","Belgium","PRIMAR",100
2010,"SE_ACS_CMPTR","Belgium","SECOND",100
2012,"SE_ACS_CMPTR","Belgium","SECOND",100
2012,"SE_ACS_CMPTR","Belgium","PRIMAR",100
2012,"SE_ACS_CMPTR","Belgium","LOWSEC",100
2012,"SE_ACS_CMPTR","Belgium","UPPSEC",100
2013,"SE_ACS_CMPTR","Belgium","UPPSEC",100
2013,"SE_ACS_CMPTR","Belgium","LOWSEC",100
2013,"SE_ACS_CMPTR","Belgium","PRIMAR",100
2013,"SE_ACS_CMPTR","Belgium","SECOND",100
2014,"SE_ACS_CMPTR","Belgium","SECOND",100
2014,"SE_ACS_CMPTR","Belgium","PRIMAR",100
2014,"SE_ACS_CMPTR","Belgium","LOWSEC",100
2016,"SE_ACS_CMPTR","United Arab Emirates","SECOND",100
2016,"SE_ACS_CMPTR","United Arab Emirates","UPPSEC",100
2016,"SE_ACS_CMPTR","United Arab Emirates","PRIMAR",100
2017,"SE_ACS_CMPTR","United Arab Emirates","LOWSEC",100
2017,"SE_ACS_CMPTR","United Arab Emirates","PRIMAR",100
2017,"SE_ACS_CMPTR","United Arab Emirates","UPPSEC",100
2017,"SE_ACS_CMPTR","United Arab Emirates","SECOND",100
2018,"SE_ACS_CMPTR","United Arab Emirates","SECOND",96.11061
2019,"SE_ACS_CMPTR","United Arab Emirates","SECOND",100
2019,"SE_ACS_CMPTR","United Arab Emirates","UPPSEC",100
2014,"SE_ACS_CMPTR","Belgium","UPPSEC",100
2015,"SE_ACS_CMPTR","Belgium","UPPSEC",100
2015,"SE_ACS_CMPTR","Belgium","LOWSEC",100
2015,"SE_ACS_CMPTR","Belgium","PRIMAR",100
2015,"SE_ACS_CMPTR","Belgium","SECOND",100
2016,"SE_ACS_CMPTR","Belgium","SECOND",100
2016,"SE_ACS_CMPTR","Belgium","PRIMAR",100
2016,"SE_ACS_CMPTR","Belgium","LOWSEC",100
2016,"SE_ACS_CMPTR","Belgium","UPPSEC",100
2017,"SE_ACS_CMPTR","Belgium","PRIMAR",100
2017,"SE_ACS_CMPTR","Belgium","SECOND",100
2019,"SE_ACS_CMPTR","United Arab Emirates","PRIMAR",100
2019,"SE_ACS_CMPTR","United Arab Emirates","LOWSEC",100
2020,"SE_ACS_CMPTR","United Arab Emirates","LOWSEC",100
2020,"SE_ACS_CMPTR","United Arab Emirates","PRIMAR",100
2020,"SE_ACS_CMPTR","United Arab Emirates","UPPSEC",100
2020,"SE_ACS_CMPTR","United Arab Emirates","SECOND",100
2022,"SE_ACS_CMPTR","United Arab Emirates","SECOND",100
2022,"SE_ACS_CMPTR","United Arab Emirates","UPPSEC",100
2022,"SE_ACS_CMPTR","United Arab Emirates","PRIMAR",100
2022,"SE_ACS_CMPTR","United Arab Emirates","LOWSEC",100
2017,"SE_ACS_CMPTR","Belgium","UPPSEC",100
2017,"SE_ACS_CMPTR","Belgium","LOWSEC",100
2018,"SE_ACS_CMPTR","Belgium","SECOND",100
2018,"SE_ACS_CMPTR","Belgium","PRIMAR",100
2018,"SE_ACS_CMPTR","Belgium","LOWSEC",100
2018,"SE_ACS_CMPTR","Belgium","UPPSEC",100
2019,"SE_ACS_CMPTR","Belgium","PRIMAR",96.81515
2018,"SE_ACS_CMPTR","Bosnia and Herzegovina","SECOND",100
2019,"SE_ACS_CMPTR","Bosnia and Herzegovina","PRIMAR",27.8542
2015,"SE_ACS_CMPTR","Bulgaria","PRIMAR",43.30516
2015,"SE_ACS_CMPTR","Bulgaria","SECOND",92.34822
2015,"SE_ACS_CMPTR","Türkiye","SECOND",60.40193
2015,"SE_ACS_CMPTR","Türkiye","PRIMAR",35.10472
2018,"SE_ACS_CMPTR","Türkiye","SECOND",80.2673
2019,"SE_ACS_CMPTR","Türkiye","SECOND",20.08841
2019,"SE_ACS_CMPTR","Türkiye","PRIMAR",94.27895
2019,"SE_ACS_CMPTR","Turkmenistan","PRIMAR",99.19528
2019,"SE_ACS_CMPTR","Turkmenistan","LOWSEC",99.19528
2019,"SE_ACS_CMPTR","Turkmenistan","SECOND",99.19528
2019,"SE_ACS_CMPTR","Turkmenistan","UPPSEC",99.19528
2020,"SE_ACS_CMPTR","Turkmenistan","UPPSEC",97.64454
2020,"SE_ACS_CMPTR","Turkmenistan","SECOND",97.64454
2018,"SE_ACS_CMPTR","Bulgaria","SECOND",99.57648
2019,"SE_ACS_CMPTR","Bulgaria","PRIMAR",36.05221
2016,"SE_ACS_CMPTR","Belarus","PRIMAR",100
2016,"SE_ACS_CMPTR","Belarus","LOWSEC",100
2016,"SE_ACS_CMPTR","Belarus","SECOND",100
2016,"SE_ACS_CMPTR","Belarus","UPPSEC",100
2017,"SE_ACS_CMPTR","Belarus","UPPSEC",100
2017,"SE_ACS_CMPTR","Belarus","SECOND",100
2017,"SE_ACS_CMPTR","Belarus","LOWSEC",100
2017,"SE_ACS_CMPTR","Belarus","PRIMAR",99.9678
2018,"SE_ACS_CMPTR","Belarus","PRIMAR",100
2020,"SE_ACS_CMPTR","Turkmenistan","LOWSEC",97.64454
2020,"SE_ACS_CMPTR","Turkmenistan","PRIMAR",97.64454
2021,"SE_ACS_CMPTR","Turkmenistan","UPPSEC",99.35726
2021,"SE_ACS_CMPTR","Turkmenistan","PRIMAR",99.35726
2021,"SE_ACS_CMPTR","Turkmenistan","LOWSEC",99.35726
2021,"SE_ACS_CMPTR","Turkmenistan","SECOND",99.35726
2016,"SE_ACS_CMPTR","Ukraine","PRIMAR",69.14213
2016,"SE_ACS_CMPTR","Ukraine","SECOND",99.14407
2016,"SE_ACS_CMPTR","Ukraine","UPPSEC",99.85156
2016,"SE_ACS_CMPTR","Ukraine","LOWSEC",97.45913
2017,"SE_ACS_CMPTR","Ukraine","UPPSEC",99.89591
2017,"SE_ACS_CMPTR","Ukraine","SECOND",99.35236
2017,"SE_ACS_CMPTR","Ukraine","PRIMAR",77.8626
2017,"SE_ACS_CMPTR","Ukraine","LOWSEC",98.00235
2018,"SE_ACS_CMPTR","Ukraine","LOWSEC",99.04499
2018,"SE_ACS_CMPTR","Ukraine","PRIMAR",81.51383
2018,"SE_ACS_CMPTR","Ukraine","SECOND",99.67951
2018,"SE_ACS_CMPTR","Ukraine","UPPSEC",99.92288
2019,"SE_ACS_CMPTR","Ukraine","LOWSEC",99.29616
2019,"SE_ACS_CMPTR","Ukraine","UPPSEC",99.8527
2019,"SE_ACS_CMPTR","Ukraine","SECOND",99.70455
2019,"SE_ACS_CMPTR","Ukraine","PRIMAR",94.25759
2020,"SE_ACS_CMPTR","Ukraine","LOWSEC",99.80458
2020,"SE_ACS_CMPTR","Ukraine","PRIMAR",96.85817
2020,"SE_ACS_CMPTR","Ukraine","SECOND",99.83171
2020,"SE_ACS_CMPTR","Ukraine","UPPSEC",99.84135
2021,"SE_ACS_CMPTR","Ukraine","UPPSEC",99.89925
2021,"SE_ACS_CMPTR","Ukraine","SECOND",99.85146
2021,"SE_ACS_CMPTR","Ukraine","PRIMAR",98.93411
2021,"SE_ACS_CMPTR","Ukraine","LOWSEC",99.71735
2015,"SE_ACS_CMPTR","North Macedonia","SECOND",100
2018,"SE_ACS_CMPTR","North Macedonia","SECOND",98.9481
2019,"SE_ACS_CMPTR","North Macedonia","PRIMAR",81.54477
2015,"SE_ACS_CMPTR","United Kingdom of Great Britain and Northern Ireland","SECOND",100
2018,"SE_ACS_CMPTR","United Kingdom of Great Britain and Northern Ireland","SECOND",100
2017,"SE_ACS_CMPTR","Uzbekistan","UPPSEC",100
2017,"SE_ACS_CMPTR","Uzbekistan","PRIMAR",97.05234
2017,"SE_ACS_CMPTR","Uzbekistan","LOWSEC",95.58839
2017,"SE_ACS_CMPTR","Uzbekistan","SECOND",96.20276
2018,"SE_ACS_CMPTR","Uzbekistan","LOWSEC",95.21162
2018,"SE_ACS_CMPTR","Uzbekistan","PRIMAR",96.68687
2018,"SE_ACS_CMPTR","Uzbekistan","UPPSEC",99.93573
2018,"SE_ACS_CMPTR","Uzbekistan","SECOND",95.86403
2019,"SE_ACS_CMPTR","Uzbekistan","UPPSEC",99.67469
2020,"SE_ACS_CMPTR","Uzbekistan","PRIMAR",96.17492
2020,"SE_ACS_CMPTR","Uzbekistan","LOWSEC",96.12942
2021,"SE_ACS_CMPTR","Uzbekistan","LOWSEC",96.66766
2021,"SE_ACS_CMPTR","Uzbekistan","PRIMAR",96.84707
2021,"SE_ACS_CMPTR","Uzbekistan","UPPSEC",98.04401
2021,"SE_ACS_CMPTR","Uzbekistan","SECOND",96.77065
2018,"SE_ACS_CMPTR","Belarus","LOWSEC",100
2018,"SE_ACS_CMPTR","Belarus","SECOND",100
2018,"SE_ACS_CMPTR","Belarus","UPPSEC",100
2019,"SE_ACS_CMPTR","Belarus","SECOND",100
2019,"SE_ACS_CMPTR","Belarus","UPPSEC",100
2019,"SE_ACS_CMPTR","Belarus","PRIMAR",100
2019,"SE_ACS_CMPTR","Belarus","LOWSEC",100
2020,"SE_ACS_CMPTR","Belarus","PRIMAR",100
2020,"SE_ACS_CMPTR","Belarus","UPPSEC",100
2020,"SE_ACS_CMPTR","Belarus","SECOND",100
2020,"SE_ACS_CMPTR","Belarus","LOWSEC",100
2021,"SE_ACS_CMPTR","Belarus","PRIMAR",100
2021,"SE_ACS_CMPTR","Belarus","UPPSEC",100
2021,"SE_ACS_CMPTR","Belarus","SECOND",100
2021,"SE_ACS_CMPTR","Belarus","LOWSEC",100
2015,"SE_ACS_CMPTR","Canada","SECOND",89.46864
2015,"SE_ACS_CMPTR","Canada","PRIMAR",78.09993
2018,"SE_ACS_CMPTR","Canada","SECOND",100
2019,"SE_ACS_CMPTR","Canada","PRIMAR",85.77631
2013,"SE_ACS_CMPTR","Chile","PRIMAR",98.55448
2015,"SE_ACS_CMPTR","Chile","PRIMAR",63.88128
2015,"SE_ACS_CMPTR","Chile","SECOND",84.96743
2018,"SE_ACS_CMPTR","Chile","SECOND",98.80825
2019,"SE_ACS_CMPTR","Chile","SECOND",75.10549
2019,"SE_ACS_CMPTR","Chile","PRIMAR",51.60574
2016,"SE_ACS_CMPTR","China","PRIMAR",89.41346
2016,"SE_ACS_CMPTR","China","UPPSEC",94.95821
2016,"SE_ACS_CMPTR","China","SECOND",97.30559
2016,"SE_ACS_CMPTR","China","LOWSEC",98.28642
2017,"SE_ACS_CMPTR","China","LOWSEC",98.7912
2017,"SE_ACS_CMPTR","China","SECOND",97.49719
2017,"SE_ACS_CMPTR","China","UPPSEC",94.71906
2017,"SE_ACS_CMPTR","China","PRIMAR",94.23699
2018,"SE_ACS_CMPTR","China","UPPSEC",96.15702
2018,"SE_ACS_CMPTR","China","SECOND",97.98213
2018,"SE_ACS_CMPTR","China","LOWSEC",98.83416
2018,"SE_ACS_CMPTR","China","PRIMAR",97.08219
2019,"SE_ACS_CMPTR","China","LOWSEC",98.97272
2019,"SE_ACS_CMPTR","China","SECOND",97.96176
2019,"SE_ACS_CMPTR","China","UPPSEC",95.76901
2019,"SE_ACS_CMPTR","China","PRIMAR",98.30543
2020,"SE_ACS_CMPTR","China","PRIMAR",98.57757
2020,"SE_ACS_CMPTR","China","UPPSEC",95.75327
2020,"SE_ACS_CMPTR","China","SECOND",98.02503
2020,"SE_ACS_CMPTR","China","LOWSEC",99.06706
2021,"SE_ACS_CMPTR","China","PRIMAR",98.5612
2021,"SE_ACS_CMPTR","China","LOWSEC",99.1213
2021,"SE_ACS_CMPTR","China","SECOND",98.15041
2021,"SE_ACS_CMPTR","China","UPPSEC",96.02586
2013,"SE_ACS_CMPTR","Colombia","PRIMAR",93.84506
2015,"SE_ACS_CMPTR","Colombia","SECOND",94.11025
2016,"SE_ACS_CMPTR","Colombia","SECOND",93.78343
2016,"SE_ACS_CMPTR","Colombia","LOWSEC",93.5857
2016,"SE_ACS_CMPTR","Colombia","PRIMAR",90.052
2016,"SE_ACS_CMPTR","Colombia","UPPSEC",94.0365
2017,"SE_ACS_CMPTR","Colombia","UPPSEC",96.71178
2017,"SE_ACS_CMPTR","Colombia","PRIMAR",93.35875
2017,"SE_ACS_CMPTR","Colombia","LOWSEC",96.26837
2017,"SE_ACS_CMPTR","Colombia","SECOND",96.46308
2018,"SE_ACS_CMPTR","Colombia","SECOND",94.85124
2019,"SE_ACS_CMPTR","Colombia","SECOND",95.00546
2020,"SE_ACS_CMPTR","Colombia","SECOND",93.83664
2020,"SE_ACS_CMPTR","Colombia","LOWSEC",92.81067
2020,"SE_ACS_CMPTR","Colombia","PRIMAR",81.19913
2020,"SE_ACS_CMPTR","Colombia","UPPSEC",95.12763
2021,"SE_ACS_CMPTR","Colombia","UPPSEC",96.31017
2021,"SE_ACS_CMPTR","Colombia","PRIMAR",91.4985
2021,"SE_ACS_CMPTR","Colombia","LOWSEC",95.9848
2021,"SE_ACS_CMPTR","Colombia","SECOND",96.12887
2013,"SE_ACS_CMPTR","Costa Rica","PRIMAR",72.91154
2014,"SE_ACS_CMPTR","Costa Rica","SECOND",84.28405
2015,"SE_ACS_CMPTR","Costa Rica","SECOND",81.19954
2016,"SE_ACS_CMPTR","Costa Rica","SECOND",60.5492
2016,"SE_ACS_CMPTR","Costa Rica","LOWSEC",60.53384
2016,"SE_ACS_CMPTR","Costa Rica","UPPSEC",60.56338
2017,"SE_ACS_CMPTR","Costa Rica","UPPSEC",67.62402
2017,"SE_ACS_CMPTR","Costa Rica","LOWSEC",67.64428
2017,"SE_ACS_CMPTR","Costa Rica","SECOND",67.63373
2017,"SE_ACS_CMPTR","Costa Rica","PRIMAR",80.10661
2018,"SE_ACS_CMPTR","Costa Rica","PRIMAR",63.35805
2018,"SE_ACS_CMPTR","Costa Rica","SECOND",66.78717
2018,"SE_ACS_CMPTR","Costa Rica","LOWSEC",66.85499
2018,"SE_ACS_CMPTR","Costa Rica","UPPSEC",66.72459
2019,"SE_ACS_CMPTR","Costa Rica","SECOND",87.42755
2019,"SE_ACS_CMPTR","Costa Rica","PRIMAR",95.09069
2019,"SE_ACS_CMPTR","Costa Rica","UPPSEC",87.06383
2019,"SE_ACS_CMPTR","Costa Rica","LOWSEC",87.82772
2020,"SE_ACS_CMPTR","Costa Rica","PRIMAR",96.78511
2020,"SE_ACS_CMPTR","Costa Rica","SECOND",86.76144
2020,"SE_ACS_CMPTR","Costa Rica","LOWSEC",87.20822
2020,"SE_ACS_CMPTR","Costa Rica","UPPSEC",86.35593
2015,"SE_ACS_CMPTR","Croatia","SECOND",96.6336
2015,"SE_ACS_CMPTR","Croatia","PRIMAR",13.51489
2018,"SE_ACS_CMPTR","Croatia","SECOND",100
2019,"SE_ACS_CMPTR","Croatia","PRIMAR",22.11399
2015,"SE_ACS_CMPTR","Cyprus","PRIMAR",87.88586
2019,"SE_ACS_CMPTR","Cyprus","PRIMAR",78.94219
2019,"SE_ACS_CMPTR","Cyprus","SECOND",36.14458
2015,"SE_ACS_CMPTR","Czechia","PRIMAR",67.80784
2015,"SE_ACS_CMPTR","Czechia","SECOND",100
2018,"SE_ACS_CMPTR","Czechia","SECOND",100
2019,"SE_ACS_CMPTR","Czechia","PRIMAR",61.19779
2001,"SE_ACS_CMPTR","Denmark","LOWSEC",100
2001,"SE_ACS_CMPTR","Denmark","PRIMAR",100
2002,"SE_ACS_CMPTR","Denmark","PRIMAR",100
2002,"SE_ACS_CMPTR","Denmark","LOWSEC",100
2003,"SE_ACS_CMPTR","Denmark","LOWSEC",100
2003,"SE_ACS_CMPTR","Denmark","PRIMAR",100
2004,"SE_ACS_CMPTR","Denmark","PRIMAR",100
2004,"SE_ACS_CMPTR","Denmark","LOWSEC",100
2005,"SE_ACS_CMPTR","Denmark","LOWSEC",100
2005,"SE_ACS_CMPTR","Denmark","PRIMAR",100
2006,"SE_ACS_CMPTR","Denmark","PRIMAR",100
2006,"SE_ACS_CMPTR","Denmark","LOWSEC",100
2007,"SE_ACS_CMPTR","Denmark","LOWSEC",100
2007,"SE_ACS_CMPTR","Denmark","PRIMAR",100
2008,"SE_ACS_CMPTR","Denmark","PRIMAR",100
2008,"SE_ACS_CMPTR","Denmark","LOWSEC",100
2009,"SE_ACS_CMPTR","Denmark","LOWSEC",100
2009,"SE_ACS_CMPTR","Denmark","PRIMAR",100
2010,"SE_ACS_CMPTR","Denmark","LOWSEC",100
2010,"SE_ACS_CMPTR","Denmark","PRIMAR",100
2011,"SE_ACS_CMPTR","Denmark","PRIMAR",100
2011,"SE_ACS_CMPTR","Denmark","LOWSEC",100
2012,"SE_ACS_CMPTR","Denmark","LOWSEC",100
2012,"SE_ACS_CMPTR","Denmark","PRIMAR",100
2013,"SE_ACS_CMPTR","Denmark","LOWSEC",100
2013,"SE_ACS_CMPTR","Denmark","PRIMAR",100
2014,"SE_ACS_CMPTR","Denmark","PRIMAR",100
2014,"SE_ACS_CMPTR","Denmark","LOWSEC",100
2015,"SE_ACS_CMPTR","Denmark","LOWSEC",100
2015,"SE_ACS_CMPTR","Denmark","PRIMAR",100
2015,"SE_ACS_CMPTR","Denmark","SECOND",100
2015,"SE_ACS_CMPTR","Denmark","UPPSEC",100
2016,"SE_ACS_CMPTR","Denmark","PRIMAR",100
2016,"SE_ACS_CMPTR","Denmark","LOWSEC",100
2018,"SE_ACS_CMPTR","Denmark","SECOND",96.49338
2000,"SE_ACS_CMPTR","Estonia","PRIMAR",99.25706
2001,"SE_ACS_CMPTR","Estonia","PRIMAR",99.21997
2002,"SE_ACS_CMPTR","Estonia","PRIMAR",99.04
2003,"SE_ACS_CMPTR","Estonia","PRIMAR",99.5122
2004,"SE_ACS_CMPTR","Estonia","PRIMAR",98.82353
2005,"SE_ACS_CMPTR","Estonia","PRIMAR",99.31624
2006,"SE_ACS_CMPTR","Estonia","PRIMAR",99.12892
2007,"SE_ACS_CMPTR","Estonia","PRIMAR",99.11348
2008,"SE_ACS_CMPTR","Estonia","PRIMAR",99.45946
2009,"SE_ACS_CMPTR","Estonia","PRIMAR",98.90511
2010,"SE_ACS_CMPTR","Estonia","PRIMAR",100
2011,"SE_ACS_CMPTR","Estonia","PRIMAR",99.62193
2012,"SE_ACS_CMPTR","Estonia","PRIMAR",99.80695
2013,"SE_ACS_CMPTR","Estonia","PRIMAR",99.23664
2015,"SE_ACS_CMPTR","Estonia","SECOND",93.34021
2018,"SE_ACS_CMPTR","Estonia","SECOND",100
2000,"SE_ACS_CMPTR","Finland","LOWSEC",100
2000,"SE_ACS_CMPTR","Finland","SECOND",100
2000,"SE_ACS_CMPTR","Finland","PRIMAR",100
2000,"SE_ACS_CMPTR","Finland","UPPSEC",100
2001,"SE_ACS_CMPTR","Finland","UPPSEC",100
2001,"SE_ACS_CMPTR","Finland","PRIMAR",100
2001,"SE_ACS_CMPTR","Finland","SECOND",100
2001,"SE_ACS_CMPTR","Finland","LOWSEC",100
2002,"SE_ACS_CMPTR","Finland","LOWSEC",100
2002,"SE_ACS_CMPTR","Finland","SECOND",100
2002,"SE_ACS_CMPTR","Finland","PRIMAR",100
2002,"SE_ACS_CMPTR","Finland","UPPSEC",100
2003,"SE_ACS_CMPTR","Finland","SECOND",100
2003,"SE_ACS_CMPTR","Finland","LOWSEC",100
2003,"SE_ACS_CMPTR","Finland","UPPSEC",100
2003,"SE_ACS_CMPTR","Finland","PRIMAR",100
2004,"SE_ACS_CMPTR","Finland","LOWSEC",100
2004,"SE_ACS_CMPTR","Finland","SECOND",100
2004,"SE_ACS_CMPTR","Finland","PRIMAR",100
2004,"SE_ACS_CMPTR","Finland","UPPSEC",100
2005,"SE_ACS_CMPTR","Finland","UPPSEC",100
2005,"SE_ACS_CMPTR","Finland","PRIMAR",100
2005,"SE_ACS_CMPTR","Finland","SECOND",100
2005,"SE_ACS_CMPTR","Finland","LOWSEC",100
2006,"SE_ACS_CMPTR","Finland","LOWSEC",100
2006,"SE_ACS_CMPTR","Finland","SECOND",100
2006,"SE_ACS_CMPTR","Finland","PRIMAR",100
2006,"SE_ACS_CMPTR","Finland","UPPSEC",100
2007,"SE_ACS_CMPTR","Finland","UPPSEC",100
2007,"SE_ACS_CMPTR","Finland","PRIMAR",100
2007,"SE_ACS_CMPTR","Finland","SECOND",100
2007,"SE_ACS_CMPTR","Finland","LOWSEC",100
2008,"SE_ACS_CMPTR","Finland","LOWSEC",100
2008,"SE_ACS_CMPTR","Finland","SECOND",100
2008,"SE_ACS_CMPTR","Finland","PRIMAR",100
2008,"SE_ACS_CMPTR","Finland","UPPSEC",100
2009,"SE_ACS_CMPTR","Finland","UPPSEC",100
2009,"SE_ACS_CMPTR","Finland","PRIMAR",100
2009,"SE_ACS_CMPTR","Finland","SECOND",100
2009,"SE_ACS_CMPTR","Finland","LOWSEC",100
2010,"SE_ACS_CMPTR","Finland","PRIMAR",100
2010,"SE_ACS_CMPTR","Finland","UPPSEC",100
2010,"SE_ACS_CMPTR","Finland","LOWSEC",100
2010,"SE_ACS_CMPTR","Finland","SECOND",100
2011,"SE_ACS_CMPTR","Finland","UPPSEC",100
2011,"SE_ACS_CMPTR","Finland","PRIMAR",100
2011,"SE_ACS_CMPTR","Finland","SECOND",100
2011,"SE_ACS_CMPTR","Finland","LOWSEC",100
2012,"SE_ACS_CMPTR","Finland","LOWSEC",100
2012,"SE_ACS_CMPTR","Finland","SECOND",100
2012,"SE_ACS_CMPTR","Finland","PRIMAR",100
2012,"SE_ACS_CMPTR","Finland","UPPSEC",100
2013,"SE_ACS_CMPTR","Finland","UPPSEC",100
2013,"SE_ACS_CMPTR","Finland","PRIMAR",100
2013,"SE_ACS_CMPTR","Finland","SECOND",100
2013,"SE_ACS_CMPTR","Finland","LOWSEC",100
2014,"SE_ACS_CMPTR","Finland","LOWSEC",100
2014,"SE_ACS_CMPTR","Finland","SECOND",100
2014,"SE_ACS_CMPTR","Finland","PRIMAR",100
2014,"SE_ACS_CMPTR","Finland","UPPSEC",100
2015,"SE_ACS_CMPTR","Finland","UPPSEC",100
2015,"SE_ACS_CMPTR","Finland","PRIMAR",100
2015,"SE_ACS_CMPTR","Finland","SECOND",100
2015,"SE_ACS_CMPTR","Finland","LOWSEC",100
2016,"SE_ACS_CMPTR","Finland","LOWSEC",100
2016,"SE_ACS_CMPTR","Finland","SECOND",100
2016,"SE_ACS_CMPTR","Finland","PRIMAR",100
2016,"SE_ACS_CMPTR","Finland","UPPSEC",100
2017,"SE_ACS_CMPTR","Finland","SECOND",100
2017,"SE_ACS_CMPTR","Finland","LOWSEC",100
2017,"SE_ACS_CMPTR","Finland","UPPSEC",100
2017,"SE_ACS_CMPTR","Finland","PRIMAR",100
2018,"SE_ACS_CMPTR","Finland","LOWSEC",100
2018,"SE_ACS_CMPTR","Finland","SECOND",100
2018,"SE_ACS_CMPTR","Finland","PRIMAR",100
2018,"SE_ACS_CMPTR","Finland","UPPSEC",100
2019,"SE_ACS_CMPTR","Finland","UPPSEC",100
2019,"SE_ACS_CMPTR","Finland","PRIMAR",100
2019,"SE_ACS_CMPTR","Finland","SECOND",100
2019,"SE_ACS_CMPTR","Finland","LOWSEC",100
2005,"SE_ACS_CMPTR","France","UPPSEC",100
2005,"SE_ACS_CMPTR","France","LOWSEC",100
2005,"SE_ACS_CMPTR","France","SECOND",100
2005,"SE_ACS_CMPTR","France","PRIMAR",96
2015,"SE_ACS_CMPTR","France","PRIMAR",99
2015,"SE_ACS_CMPTR","France","SECOND",100
2015,"SE_ACS_CMPTR","France","LOWSEC",100
2015,"SE_ACS_CMPTR","France","UPPSEC",100
2016,"SE_ACS_CMPTR","France","UPPSEC",100
2016,"SE_ACS_CMPTR","France","LOWSEC",100
2016,"SE_ACS_CMPTR","France","SECOND",100
2016,"SE_ACS_CMPTR","France","PRIMAR",99
2017,"SE_ACS_CMPTR","France","PRIMAR",99
2017,"SE_ACS_CMPTR","France","SECOND",100
2017,"SE_ACS_CMPTR","France","LOWSEC",100
2017,"SE_ACS_CMPTR","France","UPPSEC",100
2018,"SE_ACS_CMPTR","France","SECOND",100
2018,"SE_ACS_CMPTR","France","PRIMAR",99.00093
2018,"SE_ACS_CMPTR","France","UPPSEC",100
2018,"SE_ACS_CMPTR","France","LOWSEC",100
2019,"SE_ACS_CMPTR","France","PRIMAR",98.99887
2019,"SE_ACS_CMPTR","France","SECOND",100
2019,"SE_ACS_CMPTR","France","LOWSEC",100
2019,"SE_ACS_CMPTR","France","UPPSEC",100
2015,"SE_ACS_CMPTR","Georgia","PRIMAR",90.32541
2015,"SE_ACS_CMPTR","Georgia","SECOND",94.66682
2016,"SE_ACS_CMPTR","Georgia","SECOND",100
2016,"SE_ACS_CMPTR","Georgia","LOWSEC",100
2016,"SE_ACS_CMPTR","Georgia","PRIMAR",100
2016,"SE_ACS_CMPTR","Georgia","UPPSEC",100
2017,"SE_ACS_CMPTR","Georgia","PRIMAR",99.74026
2017,"SE_ACS_CMPTR","Georgia","UPPSEC",100
2017,"SE_ACS_CMPTR","Georgia","LOWSEC",100
2017,"SE_ACS_CMPTR","Georgia","SECOND",100
2018,"SE_ACS_CMPTR","Georgia","UPPSEC",100
2018,"SE_ACS_CMPTR","Georgia","PRIMAR",100
2018,"SE_ACS_CMPTR","Georgia","SECOND",100
2018,"SE_ACS_CMPTR","Georgia","LOWSEC",100
2019,"SE_ACS_CMPTR","Georgia","PRIMAR",100
2019,"SE_ACS_CMPTR","Georgia","UPPSEC",100
2019,"SE_ACS_CMPTR","Georgia","LOWSEC",100
2019,"SE_ACS_CMPTR","Georgia","SECOND",100
2020,"SE_ACS_CMPTR","Georgia","SECOND",100
2020,"SE_ACS_CMPTR","Georgia","LOWSEC",100
2020,"SE_ACS_CMPTR","Georgia","UPPSEC",100
2020,"SE_ACS_CMPTR","Georgia","PRIMAR",100
2021,"SE_ACS_CMPTR","Georgia","PRIMAR",100
2021,"SE_ACS_CMPTR","Georgia","UPPSEC",100
2021,"SE_ACS_CMPTR","Georgia","LOWSEC",100
2021,"SE_ACS_CMPTR","Georgia","SECOND",100
2015,"SE_ACS_CMPTR","Germany","PRIMAR",78.14476
2015,"SE_ACS_CMPTR","Germany","SECOND",98.18117
2018,"SE_ACS_CMPTR","Germany","SECOND",98.90785
2019,"SE_ACS_CMPTR","Germany","PRIMAR",73.46467
2015,"SE_ACS_CMPTR","Greece","SECOND",100
2018,"SE_ACS_CMPTR","Greece","SECOND",99.84674
2002,"SE_ACS_CMPTR","Hungary","PRIMAR",100
2002,"SE_ACS_CMPTR","Hungary","SECOND",100
2002,"SE_ACS_CMPTR","Hungary","LOWSEC",100
2002,"SE_ACS_CMPTR","Hungary","UPPSEC",100
2003,"SE_ACS_CMPTR","Hungary","UPPSEC",100
2003,"SE_ACS_CMPTR","Hungary","SECOND",100
2003,"SE_ACS_CMPTR","Hungary","LOWSEC",100
2003,"SE_ACS_CMPTR","Hungary","PRIMAR",100
2004,"SE_ACS_CMPTR","Hungary","PRIMAR",100
2004,"SE_ACS_CMPTR","Hungary","LOWSEC",100
2004,"SE_ACS_CMPTR","Hungary","SECOND",100
2004,"SE_ACS_CMPTR","Hungary","UPPSEC",100
2005,"SE_ACS_CMPTR","Hungary","LOWSEC",100
2005,"SE_ACS_CMPTR","Hungary","PRIMAR",100
2005,"SE_ACS_CMPTR","Hungary","UPPSEC",100
2005,"SE_ACS_CMPTR","Hungary","SECOND",100
2006,"SE_ACS_CMPTR","Hungary","PRIMAR",100
2006,"SE_ACS_CMPTR","Hungary","LOWSEC",100
2006,"SE_ACS_CMPTR","Hungary","SECOND",100
2006,"SE_ACS_CMPTR","Hungary","UPPSEC",100
2007,"SE_ACS_CMPTR","Hungary","UPPSEC",100
2007,"SE_ACS_CMPTR","Hungary","SECOND",100
2007,"SE_ACS_CMPTR","Hungary","LOWSEC",100
2007,"SE_ACS_CMPTR","Hungary","PRIMAR",100
2008,"SE_ACS_CMPTR","Hungary","PRIMAR",100
2008,"SE_ACS_CMPTR","Hungary","LOWSEC",100
2008,"SE_ACS_CMPTR","Hungary","SECOND",100
2008,"SE_ACS_CMPTR","Hungary","UPPSEC",100
2009,"SE_ACS_CMPTR","Hungary","UPPSEC",100
2009,"SE_ACS_CMPTR","Hungary","SECOND",100
2009,"SE_ACS_CMPTR","Hungary","LOWSEC",100
2009,"SE_ACS_CMPTR","Hungary","PRIMAR",100
2010,"SE_ACS_CMPTR","Hungary","PRIMAR",100
2010,"SE_ACS_CMPTR","Hungary","LOWSEC",100
2010,"SE_ACS_CMPTR","Hungary","SECOND",100
2010,"SE_ACS_CMPTR","Hungary","UPPSEC",100
2011,"SE_ACS_CMPTR","Hungary","UPPSEC",100
2011,"SE_ACS_CMPTR","Hungary","SECOND",100
2011,"SE_ACS_CMPTR","Hungary","LOWSEC",100
2011,"SE_ACS_CMPTR","Hungary","PRIMAR",100
2012,"SE_ACS_CMPTR","Hungary","SECOND",100
2012,"SE_ACS_CMPTR","Hungary","UPPSEC",100
2012,"SE_ACS_CMPTR","Hungary","PRIMAR",100
2012,"SE_ACS_CMPTR","Hungary","LOWSEC",100
2013,"SE_ACS_CMPTR","Hungary","UPPSEC",100
2013,"SE_ACS_CMPTR","Hungary","SECOND",100
2013,"SE_ACS_CMPTR","Hungary","LOWSEC",100
2013,"SE_ACS_CMPTR","Hungary","PRIMAR",100
2014,"SE_ACS_CMPTR","Hungary","PRIMAR",100
2014,"SE_ACS_CMPTR","Hungary","LOWSEC",100
2014,"SE_ACS_CMPTR","Hungary","SECOND",100
2014,"SE_ACS_CMPTR","Hungary","UPPSEC",100
2015,"SE_ACS_CMPTR","Hungary","UPPSEC",100
2015,"SE_ACS_CMPTR","Hungary","SECOND",100
2015,"SE_ACS_CMPTR","Hungary","LOWSEC",100
2015,"SE_ACS_CMPTR","Hungary","PRIMAR",100
2016,"SE_ACS_CMPTR","Hungary","PRIMAR",100
2016,"SE_ACS_CMPTR","Hungary","LOWSEC",100
2016,"SE_ACS_CMPTR","Hungary","SECOND",100
2016,"SE_ACS_CMPTR","Hungary","UPPSEC",100
2018,"SE_ACS_CMPTR","Hungary","SECOND",97.08022
2015,"SE_ACS_CMPTR","Iceland","SECOND",100
2018,"SE_ACS_CMPTR","Iceland","SECOND",100
2016,"SE_ACS_CMPTR","India","SECOND",48.13025
2016,"SE_ACS_CMPTR","India","LOWSEC",36.28736
2016,"SE_ACS_CMPTR","India","PRIMAR",10.18754
2016,"SE_ACS_CMPTR","India","UPPSEC",68.10339
2019,"SE_ACS_CMPTR","India","SECOND",50.81088
2019,"SE_ACS_CMPTR","India","UPPSEC",69.88962
2019,"SE_ACS_CMPTR","India","PRIMAR",16.75762
2019,"SE_ACS_CMPTR","India","LOWSEC",38.72948
2020,"SE_ACS_CMPTR","India","SECOND",56.59175
2020,"SE_ACS_CMPTR","India","LOWSEC",43.05106
2020,"SE_ACS_CMPTR","India","PRIMAR",18.90897
2020,"SE_ACS_CMPTR","India","UPPSEC",77.65327
2021,"SE_ACS_CMPTR","India","UPPSEC",78.67882
2021,"SE_ACS_CMPTR","India","PRIMAR",22.14841
2021,"SE_ACS_CMPTR","India","LOWSEC",45.36674
2021,"SE_ACS_CMPTR","India","SECOND",58.58762
2022,"SE_ACS_CMPTR","India","LOWSEC",53.87387
2022,"SE_ACS_CMPTR","India","PRIMAR",28.08537
2022,"SE_ACS_CMPTR","India","UPPSEC",88.48728
2022,"SE_ACS_CMPTR","India","SECOND",67.78517
2015,"SE_ACS_CMPTR","Ireland","PRIMAR",55.63787
2015,"SE_ACS_CMPTR","Ireland","SECOND",82.78027
2018,"SE_ACS_CMPTR","Ireland","SECOND",99.23738
2019,"SE_ACS_CMPTR","Ireland","SECOND",63.6716
2019,"SE_ACS_CMPTR","Ireland","PRIMAR",67.16599
2014,"SE_ACS_CMPTR","Israel","LOWSEC",85
2014,"SE_ACS_CMPTR","Israel","PRIMAR",85
2014,"SE_ACS_CMPTR","Israel","UPPSEC",85
2014,"SE_ACS_CMPTR","Israel","SECOND",85
2015,"SE_ACS_CMPTR","Israel","UPPSEC",85
2015,"SE_ACS_CMPTR","Israel","PRIMAR",85
2015,"SE_ACS_CMPTR","Israel","LOWSEC",85
2015,"SE_ACS_CMPTR","Israel","SECOND",85
2016,"SE_ACS_CMPTR","Israel","SECOND",85
2016,"SE_ACS_CMPTR","Israel","LOWSEC",85
2016,"SE_ACS_CMPTR","Israel","PRIMAR",85
2016,"SE_ACS_CMPTR","Israel","UPPSEC",85
2018,"SE_ACS_CMPTR","Israel","SECOND",98.43172
2019,"SE_ACS_CMPTR","Israel","SECOND",75.69763
2015,"SE_ACS_CMPTR","Italy","SECOND",78.80847
2015,"SE_ACS_CMPTR","Italy","PRIMAR",59.12776
2018,"SE_ACS_CMPTR","Italy","SECOND",99.14704
2019,"SE_ACS_CMPTR","Italy","SECOND",42.9319
2019,"SE_ACS_CMPTR","Italy","PRIMAR",42.76524
2015,"SE_ACS_CMPTR","Japan","PRIMAR",81.43132
2015,"SE_ACS_CMPTR","Japan","SECOND",91.60077
2018,"SE_ACS_CMPTR","Japan","SECOND",100
2019,"SE_ACS_CMPTR","Japan","SECOND",86.02068
2019,"SE_ACS_CMPTR","Japan","PRIMAR",86.40041
2015,"SE_ACS_CMPTR","Kazakhstan","PRIMAR",59.03318
2015,"SE_ACS_CMPTR","Kazakhstan","SECOND",94.17188
2018,"SE_ACS_CMPTR","Kazakhstan","SECOND",100
2019,"SE_ACS_CMPTR","Kazakhstan","SECOND",93.9105
2019,"SE_ACS_CMPTR","Kazakhstan","PRIMAR",70.06499
2000,"SE_ACS_CMPTR","Republic of Korea","SECOND",100
2000,"SE_ACS_CMPTR","Republic of Korea","LOWSEC",100
2000,"SE_ACS_CMPTR","Republic of Korea","PRIMAR",100
2000,"SE_ACS_CMPTR","Republic of Korea","UPPSEC",100
2001,"SE_ACS_CMPTR","Republic of Korea","UPPSEC",100
2001,"SE_ACS_CMPTR","Republic of Korea","PRIMAR",100
2001,"SE_ACS_CMPTR","Republic of Korea","LOWSEC",100
2001,"SE_ACS_CMPTR","Republic of Korea","SECOND",100
2002,"SE_ACS_CMPTR","Republic of Korea","LOWSEC",100
2002,"SE_ACS_CMPTR","Republic of Korea","PRIMAR",100
2002,"SE_ACS_CMPTR","Republic of Korea","UPPSEC",100
2002,"SE_ACS_CMPTR","Republic of Korea","SECOND",100
2003,"SE_ACS_CMPTR","Republic of Korea","UPPSEC",100
2003,"SE_ACS_CMPTR","Republic of Korea","PRIMAR",100
2003,"SE_ACS_CMPTR","Republic of Korea","LOWSEC",100
2003,"SE_ACS_CMPTR","Republic of Korea","SECOND",100
2004,"SE_ACS_CMPTR","Republic of Korea","SECOND",100
2004,"SE_ACS_CMPTR","Republic of Korea","LOWSEC",100
2004,"SE_ACS_CMPTR","Republic of Korea","PRIMAR",100
2004,"SE_ACS_CMPTR","Republic of Korea","UPPSEC",100
2005,"SE_ACS_CMPTR","Republic of Korea","LOWSEC",100
2005,"SE_ACS_CMPTR","Republic of Korea","UPPSEC",100
2005,"SE_ACS_CMPTR","Republic of Korea","PRIMAR",100
2005,"SE_ACS_CMPTR","Republic of Korea","SECOND",100
2006,"SE_ACS_CMPTR","Republic of Korea","LOWSEC",100
2006,"SE_ACS_CMPTR","Republic of Korea","SECOND",100
2006,"SE_ACS_CMPTR","Republic of Korea","PRIMAR",100
2006,"SE_ACS_CMPTR","Republic of Korea","UPPSEC",100
2007,"SE_ACS_CMPTR","Republic of Korea","UPPSEC",100
2007,"SE_ACS_CMPTR","Republic of Korea","PRIMAR",100
2007,"SE_ACS_CMPTR","Republic of Korea","SECOND",100
2007,"SE_ACS_CMPTR","Republic of Korea","LOWSEC",100
2008,"SE_ACS_CMPTR","Republic of Korea","LOWSEC",100
2008,"SE_ACS_CMPTR","Republic of Korea","SECOND",100
2008,"SE_ACS_CMPTR","Republic of Korea","PRIMAR",100
2008,"SE_ACS_CMPTR","Republic of Korea","UPPSEC",100
2009,"SE_ACS_CMPTR","Republic of Korea","PRIMAR",100
2009,"SE_ACS_CMPTR","Republic of Korea","SECOND",100
2009,"SE_ACS_CMPTR","Republic of Korea","LOWSEC",100
2009,"SE_ACS_CMPTR","Republic of Korea","UPPSEC",100
2010,"SE_ACS_CMPTR","Republic of Korea","LOWSEC",100
2010,"SE_ACS_CMPTR","Republic of Korea","SECOND",100
2010,"SE_ACS_CMPTR","Republic of Korea","PRIMAR",100
2010,"SE_ACS_CMPTR","Republic of Korea","UPPSEC",100
2011,"SE_ACS_CMPTR","Republic of Korea","UPPSEC",100
2011,"SE_ACS_CMPTR","Republic of Korea","SECOND",100
2011,"SE_ACS_CMPTR","Republic of Korea","LOWSEC",100
2011,"SE_ACS_CMPTR","Republic of Korea","PRIMAR",100
2012,"SE_ACS_CMPTR","Republic of Korea","UPPSEC",100
2012,"SE_ACS_CMPTR","Republic of Korea","PRIMAR",100
2012,"SE_ACS_CMPTR","Republic of Korea","LOWSEC",100
2012,"SE_ACS_CMPTR","Republic of Korea","SECOND",100
2013,"SE_ACS_CMPTR","Republic of Korea","UPPSEC",100
2013,"SE_ACS_CMPTR","Republic of Korea","SECOND",100
2013,"SE_ACS_CMPTR","Republic of Korea","LOWSEC",100
2013,"SE_ACS_CMPTR","Republic of Korea","PRIMAR",100
2014,"SE_ACS_CMPTR","Republic of Korea","PRIMAR",100
2014,"SE_ACS_CMPTR","Republic of Korea","LOWSEC",100
2014,"SE_ACS_CMPTR","Republic of Korea","SECOND",100
2014,"SE_ACS_CMPTR","Republic of Korea","UPPSEC",100
2015,"SE_ACS_CMPTR","Republic of Korea","UPPSEC",100
2015,"SE_ACS_CMPTR","Republic of Korea","SECOND",100
2015,"SE_ACS_CMPTR","Republic of Korea","LOWSEC",100
2015,"SE_ACS_CMPTR","Republic of Korea","PRIMAR",100
2016,"SE_ACS_CMPTR","Republic of Korea","LOWSEC",100
2016,"SE_ACS_CMPTR","Republic of Korea","SECOND",100
2016,"SE_ACS_CMPTR","Republic of Korea","UPPSEC",100
2016,"SE_ACS_CMPTR","Republic of Korea","PRIMAR",100
2017,"SE_ACS_CMPTR","Republic of Korea","UPPSEC",100
2017,"SE_ACS_CMPTR","Republic of Korea","SECOND",100
2017,"SE_ACS_CMPTR","Republic of Korea","LOWSEC",100
2017,"SE_ACS_CMPTR","Republic of Korea","PRIMAR",100
2018,"SE_ACS_CMPTR","Republic of Korea","PRIMAR",100
2018,"SE_ACS_CMPTR","Republic of Korea","LOWSEC",100
2018,"SE_ACS_CMPTR","Republic of Korea","SECOND",100
2018,"SE_ACS_CMPTR","Republic of Korea","UPPSEC",100
2019,"SE_ACS_CMPTR","Republic of Korea","PRIMAR",100
2019,"SE_ACS_CMPTR","Republic of Korea","UPPSEC",100
2019,"SE_ACS_CMPTR","Republic of Korea","SECOND",100
2019,"SE_ACS_CMPTR","Republic of Korea","LOWSEC",100
2020,"SE_ACS_CMPTR","Republic of Korea","PRIMAR",100
2020,"SE_ACS_CMPTR","Republic of Korea","LOWSEC",100
2020,"SE_ACS_CMPTR","Republic of Korea","SECOND",100
2020,"SE_ACS_CMPTR","Republic of Korea","UPPSEC",100
2016,"SE_ACS_CMPTR","Kyrgyzstan","UPPSEC",88.00999
2017,"SE_ACS_CMPTR","Kyrgyzstan","LOWSEC",88.81932
2017,"SE_ACS_CMPTR","Kyrgyzstan","PRIMAR",88.81932
2017,"SE_ACS_CMPTR","Kyrgyzstan","SECOND",87.26655
2017,"SE_ACS_CMPTR","Kyrgyzstan","UPPSEC",85.8643
2018,"SE_ACS_CMPTR","Kyrgyzstan","UPPSEC",86.67199
2020,"SE_ACS_CMPTR","Kyrgyzstan","UPPSEC",94.2597
2021,"SE_ACS_CMPTR","Kyrgyzstan","UPPSEC",95.1441
2015,"SE_ACS_CMPTR","Latvia","SECOND",100
2016,"SE_ACS_CMPTR","Latvia","SECOND",100
2016,"SE_ACS_CMPTR","Latvia","PRIMAR",100
2016,"SE_ACS_CMPTR","Latvia","LOWSEC",100
2016,"SE_ACS_CMPTR","Latvia","UPPSEC",100
2018,"SE_ACS_CMPTR","Latvia","SECOND",99.43957
2019,"SE_ACS_CMPTR","Latvia","PRIMAR",68.61253
2015,"SE_ACS_CMPTR","Lithuania","PRIMAR",54.99619
2015,"SE_ACS_CMPTR","Lithuania","SECOND",96.64321
2018,"SE_ACS_CMPTR","Lithuania","SECOND",100
2019,"SE_ACS_CMPTR","Lithuania","SECOND",95.90499
2019,"SE_ACS_CMPTR","Lithuania","PRIMAR",69.11612
2020,"SE_ACS_CMPTR","Lithuania","PRIMAR",97.6
2020,"SE_ACS_CMPTR","Lithuania","SECOND",99.55056
2020,"SE_ACS_CMPTR","Lithuania","LOWSEC",99.5283
2020,"SE_ACS_CMPTR","Lithuania","UPPSEC",99.57082
2015,"SE_ACS_CMPTR","Luxembourg","SECOND",100
2018,"SE_ACS_CMPTR","Luxembourg","SECOND",97.61904
2015,"SE_ACS_CMPTR","Malta","SECOND",69.79167
2018,"SE_ACS_CMPTR","Malta","SECOND",100
2019,"SE_ACS_CMPTR","Malta","PRIMAR",98.97959
2009,"SE_ACS_CMPTR","Mexico","PRIMAR",63.76283
2009,"SE_ACS_CMPTR","Mexico","LOWSEC",89.84213
2013,"SE_ACS_CMPTR","Mexico","PRIMAR",48.01639
2015,"SE_ACS_CMPTR","Mexico","SECOND",83.1753
2016,"SE_ACS_CMPTR","Mexico","UPPSEC",66.51853
2018,"SE_ACS_CMPTR","Mexico","SECOND",83.71043
2015,"SE_ACS_CMPTR","Republic of Moldova","SECOND",98.4738
2016,"SE_ACS_CMPTR","Republic of Moldova","SECOND",100
2016,"SE_ACS_CMPTR","Republic of Moldova","LOWSEC",100
2016,"SE_ACS_CMPTR","Republic of Moldova","PRIMAR",100
2016,"SE_ACS_CMPTR","Republic of Moldova","UPPSEC",100
2017,"SE_ACS_CMPTR","Republic of Moldova","UPPSEC",100
2017,"SE_ACS_CMPTR","Republic of Moldova","PRIMAR",100
2017,"SE_ACS_CMPTR","Republic of Moldova","LOWSEC",100
2017,"SE_ACS_CMPTR","Republic of Moldova","SECOND",100
2018,"SE_ACS_CMPTR","Republic of Moldova","SECOND",100
2018,"SE_ACS_CMPTR","Republic of Moldova","LOWSEC",100
2018,"SE_ACS_CMPTR","Republic of Moldova","PRIMAR",100
2018,"SE_ACS_CMPTR","Republic of Moldova","UPPSEC",100
2019,"SE_ACS_CMPTR","Republic of Moldova","UPPSEC",100
2019,"SE_ACS_CMPTR","Republic of Moldova","PRIMAR",100
2019,"SE_ACS_CMPTR","Republic of Moldova","LOWSEC",100
2019,"SE_ACS_CMPTR","Republic of Moldova","SECOND",100
2020,"SE_ACS_CMPTR","Republic of Moldova","SECOND",99.80013
2020,"SE_ACS_CMPTR","Republic of Moldova","LOWSEC",99.72949
2020,"SE_ACS_CMPTR","Republic of Moldova","PRIMAR",99.25743
2020,"SE_ACS_CMPTR","Republic of Moldova","UPPSEC",100
2021,"SE_ACS_CMPTR","Republic of Moldova","LOWSEC",100
2021,"SE_ACS_CMPTR","Republic of Moldova","SECOND",99.93399
2021,"SE_ACS_CMPTR","Republic of Moldova","UPPSEC",99.7449
2021,"SE_ACS_CMPTR","Republic of Moldova","PRIMAR",99.7559
2015,"SE_ACS_CMPTR","Montenegro","SECOND",100
2018,"SE_ACS_CMPTR","Montenegro","SECOND",100
2019,"SE_ACS_CMPTR","Montenegro","PRIMAR",38.4058
2000,"SE_ACS_CMPTR","Netherlands (Kingdom of the)","LOWSEC",100
2000,"SE_ACS_CMPTR","Netherlands (Kingdom of the)","SECOND",100
2000,"SE_ACS_CMPTR","Netherlands (Kingdom of the)","UPPSEC",100
2000,"SE_ACS_CMPTR","Netherlands (Kingdom of the)","PRIMAR",100
2001,"SE_ACS_CMPTR","Netherlands (Kingdom of the)","UPPSEC",100
2001,"SE_ACS_CMPTR","Netherlands (Kingdom of the)","SECOND",100
2001,"SE_ACS_CMPTR","Netherlands (Kingdom of the)","LOWSEC",100
2001,"SE_ACS_CMPTR","Netherlands (Kingdom of the)","PRIMAR",100
2002,"SE_ACS_CMPTR","Netherlands (Kingdom of the)","PRIMAR",100
2002,"SE_ACS_CMPTR","Netherlands (Kingdom of the)","LOWSEC",100
2002,"SE_ACS_CMPTR","Netherlands (Kingdom of the)","SECOND",100
2002,"SE_ACS_CMPTR","Netherlands (Kingdom of the)","UPPSEC",100
2003,"SE_ACS_CMPTR","Netherlands (Kingdom of the)","LOWSEC",100
2003,"SE_ACS_CMPTR","Netherlands (Kingdom of the)","PRIMAR",100
2003,"SE_ACS_CMPTR","Netherlands (Kingdom of the)","UPPSEC",100
2003,"SE_ACS_CMPTR","Netherlands (Kingdom of the)","SECOND",100
2004,"SE_ACS_CMPTR","Netherlands (Kingdom of the)","PRIMAR",100
2004,"SE_ACS_CMPTR","Netherlands (Kingdom of the)","SECOND",100
2004,"SE_ACS_CMPTR","Netherlands (Kingdom of the)","UPPSEC",100
2004,"SE_ACS_CMPTR","Netherlands (Kingdom of the)","LOWSEC",100
2005,"SE_ACS_CMPTR","Netherlands (Kingdom of the)","LOWSEC",100
2005,"SE_ACS_CMPTR","Netherlands (Kingdom of the)","UPPSEC",100
2005,"SE_ACS_CMPTR","Netherlands (Kingdom of the)","SECOND",100
2005,"SE_ACS_CMPTR","Netherlands (Kingdom of the)","PRIMAR",100
2006,"SE_ACS_CMPTR","Netherlands (Kingdom of the)","LOWSEC",100
2006,"SE_ACS_CMPTR","Netherlands (Kingdom of the)","PRIMAR",100
2006,"SE_ACS_CMPTR","Netherlands (Kingdom of the)","SECOND",100
2006,"SE_ACS_CMPTR","Netherlands (Kingdom of the)","UPPSEC",100
2007,"SE_ACS_CMPTR","Netherlands (Kingdom of the)","LOWSEC",100
2007,"SE_ACS_CMPTR","Netherlands (Kingdom of the)","UPPSEC",100
2007,"SE_ACS_CMPTR","Netherlands (Kingdom of the)","SECOND",100
2007,"SE_ACS_CMPTR","Netherlands (Kingdom of the)","PRIMAR",100
2008,"SE_ACS_CMPTR","Netherlands (Kingdom of the)","PRIMAR",100
2008,"SE_ACS_CMPTR","Netherlands (Kingdom of the)","SECOND",100
2008,"SE_ACS_CMPTR","Netherlands (Kingdom of the)","UPPSEC",100
2008,"SE_ACS_CMPTR","Netherlands (Kingdom of the)","LOWSEC",100
2009,"SE_ACS_CMPTR","Netherlands (Kingdom of the)","LOWSEC",100
2009,"SE_ACS_CMPTR","Netherlands (Kingdom of the)","UPPSEC",100
2009,"SE_ACS_CMPTR","Netherlands (Kingdom of the)","SECOND",100
2009,"SE_ACS_CMPTR","Netherlands (Kingdom of the)","PRIMAR",100
2010,"SE_ACS_CMPTR","Netherlands (Kingdom of the)","PRIMAR",100
2010,"SE_ACS_CMPTR","Netherlands (Kingdom of the)","SECOND",100
2010,"SE_ACS_CMPTR","Netherlands (Kingdom of the)","UPPSEC",100
2010,"SE_ACS_CMPTR","Netherlands (Kingdom of the)","LOWSEC",100
2011,"SE_ACS_CMPTR","Netherlands (Kingdom of the)","LOWSEC",100
2011,"SE_ACS_CMPTR","Netherlands (Kingdom of the)","UPPSEC",100
2011,"SE_ACS_CMPTR","Netherlands (Kingdom of the)","SECOND",100
2011,"SE_ACS_CMPTR","Netherlands (Kingdom of the)","PRIMAR",100
2012,"SE_ACS_CMPTR","Netherlands (Kingdom of the)","PRIMAR",100
2012,"SE_ACS_CMPTR","Netherlands (Kingdom of the)","SECOND",100
2012,"SE_ACS_CMPTR","Netherlands (Kingdom of the)","UPPSEC",100
2012,"SE_ACS_CMPTR","Netherlands (Kingdom of the)","LOWSEC",100
2013,"SE_ACS_CMPTR","Netherlands (Kingdom of the)","UPPSEC",100
2013,"SE_ACS_CMPTR","Netherlands (Kingdom of the)","SECOND",100
2013,"SE_ACS_CMPTR","Netherlands (Kingdom of the)","PRIMAR",100
2013,"SE_ACS_CMPTR","Netherlands (Kingdom of the)","LOWSEC",100
2014,"SE_ACS_CMPTR","Netherlands (Kingdom of the)","PRIMAR",100
2014,"SE_ACS_CMPTR","Netherlands (Kingdom of the)","SECOND",100
2014,"SE_ACS_CMPTR","Netherlands (Kingdom of the)","UPPSEC",100
2014,"SE_ACS_CMPTR","Netherlands (Kingdom of the)","LOWSEC",100
2015,"SE_ACS_CMPTR","Netherlands (Kingdom of the)","LOWSEC",100
2015,"SE_ACS_CMPTR","Netherlands (Kingdom of the)","UPPSEC",100
2015,"SE_ACS_CMPTR","Netherlands (Kingdom of the)","SECOND",100
2015,"SE_ACS_CMPTR","Netherlands (Kingdom of the)","PRIMAR",100
2016,"SE_ACS_CMPTR","Netherlands (Kingdom of the)","UPPSEC",100
2016,"SE_ACS_CMPTR","Netherlands (Kingdom of the)","LOWSEC",100
2016,"SE_ACS_CMPTR","Netherlands (Kingdom of the)","PRIMAR",100
2016,"SE_ACS_CMPTR","Netherlands (Kingdom of the)","SECOND",100
2017,"SE_ACS_CMPTR","Netherlands (Kingdom of the)","LOWSEC",100
2017,"SE_ACS_CMPTR","Netherlands (Kingdom of the)","UPPSEC",100
2017,"SE_ACS_CMPTR","Netherlands (Kingdom of the)","PRIMAR",100
2017,"SE_ACS_CMPTR","Netherlands (Kingdom of the)","SECOND",100
2018,"SE_ACS_CMPTR","Netherlands (Kingdom of the)","PRIMAR",100
2018,"SE_ACS_CMPTR","Netherlands (Kingdom of the)","SECOND",100
2018,"SE_ACS_CMPTR","Netherlands (Kingdom of the)","UPPSEC",100
2018,"SE_ACS_CMPTR","Netherlands (Kingdom of the)","LOWSEC",100
2019,"SE_ACS_CMPTR","Netherlands (Kingdom of the)","PRIMAR",100
2019,"SE_ACS_CMPTR","Netherlands (Kingdom of the)","LOWSEC",100
2019,"SE_ACS_CMPTR","Netherlands (Kingdom of the)","UPPSEC",100
2019,"SE_ACS_CMPTR","Netherlands (Kingdom of the)","SECOND",100
2015,"SE_ACS_CMPTR","New Zealand","SECOND",88.45866
2015,"SE_ACS_CMPTR","New Zealand","PRIMAR",98.49974
2019,"SE_ACS_CMPTR","New Zealand","PRIMAR",99.05025
2019,"SE_ACS_CMPTR","New Zealand","SECOND",97.21674
2000,"SE_ACS_CMPTR","Norway","PRIMAR",100
2000,"SE_ACS_CMPTR","Norway","LOWSEC",100
2001,"SE_ACS_CMPTR","Norway","LOWSEC",100
2001,"SE_ACS_CMPTR","Norway","PRIMAR",100
2002,"SE_ACS_CMPTR","Norway","LOWSEC",100
2002,"SE_ACS_CMPTR","Norway","PRIMAR",100
2003,"SE_ACS_CMPTR","Norway","LOWSEC",100
2003,"SE_ACS_CMPTR","Norway","PRIMAR",100
2004,"SE_ACS_CMPTR","Norway","PRIMAR",100
2004,"SE_ACS_CMPTR","Norway","LOWSEC",100
2005,"SE_ACS_CMPTR","Norway","LOWSEC",100
2005,"SE_ACS_CMPTR","Norway","PRIMAR",100
2006,"SE_ACS_CMPTR","Norway","PRIMAR",100
2006,"SE_ACS_CMPTR","Norway","LOWSEC",100
2007,"SE_ACS_CMPTR","Norway","LOWSEC",100
2007,"SE_ACS_CMPTR","Norway","PRIMAR",100
2008,"SE_ACS_CMPTR","Norway","LOWSEC",100
2008,"SE_ACS_CMPTR","Norway","PRIMAR",100
2008,"SE_ACS_CMPTR","Norway","UPPSEC",100
2008,"SE_ACS_CMPTR","Norway","SECOND",100
2009,"SE_ACS_CMPTR","Norway","LOWSEC",100
2009,"SE_ACS_CMPTR","Norway","UPPSEC",100
2009,"SE_ACS_CMPTR","Norway","SECOND",100
2009,"SE_ACS_CMPTR","Norway","PRIMAR",100
2010,"SE_ACS_CMPTR","Norway","PRIMAR",100
2010,"SE_ACS_CMPTR","Norway","UPPSEC",100
2010,"SE_ACS_CMPTR","Norway","SECOND",100
2010,"SE_ACS_CMPTR","Norway","LOWSEC",100
2011,"SE_ACS_CMPTR","Norway","LOWSEC",100
2011,"SE_ACS_CMPTR","Norway","UPPSEC",100
2011,"SE_ACS_CMPTR","Norway","SECOND",100
2011,"SE_ACS_CMPTR","Norway","PRIMAR",100
2012,"SE_ACS_CMPTR","Norway","SECOND",100
2012,"SE_ACS_CMPTR","Norway","UPPSEC",100
2012,"SE_ACS_CMPTR","Norway","LOWSEC",100
2012,"SE_ACS_CMPTR","Norway","PRIMAR",100
2013,"SE_ACS_CMPTR","Norway","LOWSEC",100
2013,"SE_ACS_CMPTR","Norway","UPPSEC",100
2013,"SE_ACS_CMPTR","Norway","SECOND",100
2013,"SE_ACS_CMPTR","Norway","PRIMAR",100
2014,"SE_ACS_CMPTR","Norway","PRIMAR",100
2014,"SE_ACS_CMPTR","Norway","SECOND",100
2014,"SE_ACS_CMPTR","Norway","UPPSEC",100
2014,"SE_ACS_CMPTR","Norway","LOWSEC",100
2015,"SE_ACS_CMPTR","Norway","PRIMAR",100
2015,"SE_ACS_CMPTR","Norway","LOWSEC",100
2015,"SE_ACS_CMPTR","Norway","UPPSEC",100
2015,"SE_ACS_CMPTR","Norway","SECOND",100
2016,"SE_ACS_CMPTR","Norway","PRIMAR",100
2016,"SE_ACS_CMPTR","Norway","SECOND",100
2016,"SE_ACS_CMPTR","Norway","UPPSEC",100
2016,"SE_ACS_CMPTR","Norway","LOWSEC",100
2017,"SE_ACS_CMPTR","Norway","LOWSEC",100
2017,"SE_ACS_CMPTR","Norway","UPPSEC",100
2017,"SE_ACS_CMPTR","Norway","SECOND",100
2017,"SE_ACS_CMPTR","Norway","PRIMAR",100
2018,"SE_ACS_CMPTR","Norway","PRIMAR",100
2018,"SE_ACS_CMPTR","Norway","SECOND",100
2018,"SE_ACS_CMPTR","Norway","UPPSEC",100
2018,"SE_ACS_CMPTR","Norway","LOWSEC",100
2019,"SE_ACS_CMPTR","Norway","UPPSEC",100
2019,"SE_ACS_CMPTR","Norway","SECOND",100
2019,"SE_ACS_CMPTR","Norway","PRIMAR",100
2019,"SE_ACS_CMPTR","Norway","LOWSEC",100
2020,"SE_ACS_CMPTR","Norway","PRIMAR",100
2020,"SE_ACS_CMPTR","Norway","LOWSEC",100
2000,"SE_ACS_CMPTR","Poland","PRIMAR",100
2000,"SE_ACS_CMPTR","Poland","LOWSEC",100
2000,"SE_ACS_CMPTR","Poland","UPPSEC",100
2000,"SE_ACS_CMPTR","Poland","SECOND",100
2001,"SE_ACS_CMPTR","Poland","SECOND",100
2001,"SE_ACS_CMPTR","Poland","UPPSEC",100
2001,"SE_ACS_CMPTR","Poland","LOWSEC",100
2001,"SE_ACS_CMPTR","Poland","PRIMAR",100
2002,"SE_ACS_CMPTR","Poland","SECOND",100
2002,"SE_ACS_CMPTR","Poland","PRIMAR",100
2002,"SE_ACS_CMPTR","Poland","LOWSEC",100
2002,"SE_ACS_CMPTR","Poland","UPPSEC",100
2003,"SE_ACS_CMPTR","Poland","SECOND",100
2003,"SE_ACS_CMPTR","Poland","UPPSEC",100
2003,"SE_ACS_CMPTR","Poland","LOWSEC",100
2003,"SE_ACS_CMPTR","Poland","PRIMAR",100
2004,"SE_ACS_CMPTR","Poland","PRIMAR",100
2004,"SE_ACS_CMPTR","Poland","LOWSEC",100
2004,"SE_ACS_CMPTR","Poland","UPPSEC",100
2004,"SE_ACS_CMPTR","Poland","SECOND",100
2005,"SE_ACS_CMPTR","Poland","SECOND",100
2005,"SE_ACS_CMPTR","Poland","UPPSEC",100
2005,"SE_ACS_CMPTR","Poland","LOWSEC",100
2005,"SE_ACS_CMPTR","Poland","PRIMAR",100
2006,"SE_ACS_CMPTR","Poland","LOWSEC",100
2006,"SE_ACS_CMPTR","Poland","UPPSEC",100
2006,"SE_ACS_CMPTR","Poland","SECOND",100
2006,"SE_ACS_CMPTR","Poland","PRIMAR",100
2007,"SE_ACS_CMPTR","Poland","SECOND",100
2007,"SE_ACS_CMPTR","Poland","UPPSEC",100
2007,"SE_ACS_CMPTR","Poland","LOWSEC",100
2007,"SE_ACS_CMPTR","Poland","PRIMAR",100
2008,"SE_ACS_CMPTR","Poland","PRIMAR",100
2008,"SE_ACS_CMPTR","Poland","LOWSEC",100
2008,"SE_ACS_CMPTR","Poland","UPPSEC",100
2008,"SE_ACS_CMPTR","Poland","SECOND",100
2009,"SE_ACS_CMPTR","Poland","PRIMAR",100
2009,"SE_ACS_CMPTR","Poland","SECOND",100
2009,"SE_ACS_CMPTR","Poland","UPPSEC",100
2009,"SE_ACS_CMPTR","Poland","LOWSEC",100
2010,"SE_ACS_CMPTR","Poland","PRIMAR",100
2010,"SE_ACS_CMPTR","Poland","LOWSEC",100
2010,"SE_ACS_CMPTR","Poland","UPPSEC",100
2010,"SE_ACS_CMPTR","Poland","SECOND",100
2011,"SE_ACS_CMPTR","Poland","UPPSEC",100
2011,"SE_ACS_CMPTR","Poland","SECOND",100
2011,"SE_ACS_CMPTR","Poland","LOWSEC",100
2011,"SE_ACS_CMPTR","Poland","PRIMAR",100
2012,"SE_ACS_CMPTR","Poland","PRIMAR",100
2012,"SE_ACS_CMPTR","Poland","LOWSEC",100
2012,"SE_ACS_CMPTR","Poland","SECOND",100
2012,"SE_ACS_CMPTR","Poland","UPPSEC",100
2013,"SE_ACS_CMPTR","Poland","SECOND",100
2013,"SE_ACS_CMPTR","Poland","LOWSEC",100
2013,"SE_ACS_CMPTR","Poland","PRIMAR",100
2013,"SE_ACS_CMPTR","Poland","UPPSEC",100
2014,"SE_ACS_CMPTR","Poland","PRIMAR",100
2014,"SE_ACS_CMPTR","Poland","LOWSEC",100
2014,"SE_ACS_CMPTR","Poland","UPPSEC",100
2014,"SE_ACS_CMPTR","Poland","SECOND",100
2015,"SE_ACS_CMPTR","Poland","UPPSEC",100
2015,"SE_ACS_CMPTR","Poland","SECOND",100
2015,"SE_ACS_CMPTR","Poland","LOWSEC",100
2015,"SE_ACS_CMPTR","Poland","PRIMAR",100
2016,"SE_ACS_CMPTR","Poland","SECOND",100
2016,"SE_ACS_CMPTR","Poland","PRIMAR",100
2016,"SE_ACS_CMPTR","Poland","LOWSEC",100
2016,"SE_ACS_CMPTR","Poland","UPPSEC",100
2018,"SE_ACS_CMPTR","Poland","SECOND",100
2000,"SE_ACS_CMPTR","Portugal","LOWSEC",100
2000,"SE_ACS_CMPTR","Portugal","SECOND",100
2000,"SE_ACS_CMPTR","Portugal","UPPSEC",100
2000,"SE_ACS_CMPTR","Portugal","PRIMAR",100
2001,"SE_ACS_CMPTR","Portugal","PRIMAR",100
2001,"SE_ACS_CMPTR","Portugal","UPPSEC",100
2001,"SE_ACS_CMPTR","Portugal","SECOND",100
2001,"SE_ACS_CMPTR","Portugal","LOWSEC",100
2002,"SE_ACS_CMPTR","Portugal","LOWSEC",100
2002,"SE_ACS_CMPTR","Portugal","SECOND",100
2002,"SE_ACS_CMPTR","Portugal","UPPSEC",100
2002,"SE_ACS_CMPTR","Portugal","PRIMAR",100
2003,"SE_ACS_CMPTR","Portugal","PRIMAR",100
2003,"SE_ACS_CMPTR","Portugal","UPPSEC",100
2003,"SE_ACS_CMPTR","Portugal","SECOND",100
2003,"SE_ACS_CMPTR","Portugal","LOWSEC",100
2004,"SE_ACS_CMPTR","Portugal","LOWSEC",100
2004,"SE_ACS_CMPTR","Portugal","SECOND",100
2004,"SE_ACS_CMPTR","Portugal","UPPSEC",100
2004,"SE_ACS_CMPTR","Portugal","PRIMAR",100
2005,"SE_ACS_CMPTR","Portugal","PRIMAR",100
2005,"SE_ACS_CMPTR","Portugal","UPPSEC",100
2005,"SE_ACS_CMPTR","Portugal","SECOND",100
2005,"SE_ACS_CMPTR","Portugal","LOWSEC",100
2006,"SE_ACS_CMPTR","Portugal","UPPSEC",100
2006,"SE_ACS_CMPTR","Portugal","PRIMAR",100
2006,"SE_ACS_CMPTR","Portugal","LOWSEC",100
2006,"SE_ACS_CMPTR","Portugal","SECOND",100
2007,"SE_ACS_CMPTR","Portugal","PRIMAR",100
2007,"SE_ACS_CMPTR","Portugal","UPPSEC",100
2007,"SE_ACS_CMPTR","Portugal","SECOND",100
2007,"SE_ACS_CMPTR","Portugal","LOWSEC",100
2008,"SE_ACS_CMPTR","Portugal","LOWSEC",100
2008,"SE_ACS_CMPTR","Portugal","SECOND",100
2008,"SE_ACS_CMPTR","Portugal","UPPSEC",100
2008,"SE_ACS_CMPTR","Portugal","PRIMAR",100
2009,"SE_ACS_CMPTR","Portugal","PRIMAR",100
2009,"SE_ACS_CMPTR","Portugal","UPPSEC",100
2009,"SE_ACS_CMPTR","Portugal","SECOND",100
2009,"SE_ACS_CMPTR","Portugal","LOWSEC",100
2010,"SE_ACS_CMPTR","Portugal","LOWSEC",100
2010,"SE_ACS_CMPTR","Portugal","UPPSEC",100
2010,"SE_ACS_CMPTR","Portugal","SECOND",100
2010,"SE_ACS_CMPTR","Portugal","PRIMAR",100
2011,"SE_ACS_CMPTR","Portugal","PRIMAR",100
2011,"SE_ACS_CMPTR","Portugal","SECOND",100
2011,"SE_ACS_CMPTR","Portugal","UPPSEC",100
2011,"SE_ACS_CMPTR","Portugal","LOWSEC",100
2012,"SE_ACS_CMPTR","Portugal","LOWSEC",100
2012,"SE_ACS_CMPTR","Portugal","UPPSEC",100
2012,"SE_ACS_CMPTR","Portugal","SECOND",100
2012,"SE_ACS_CMPTR","Portugal","PRIMAR",100
2013,"SE_ACS_CMPTR","Portugal","UPPSEC",100
2013,"SE_ACS_CMPTR","Portugal","LOWSEC",100
2013,"SE_ACS_CMPTR","Portugal","PRIMAR",100
2013,"SE_ACS_CMPTR","Portugal","SECOND",100
2014,"SE_ACS_CMPTR","Portugal","LOWSEC",100
2014,"SE_ACS_CMPTR","Portugal","UPPSEC",100
2014,"SE_ACS_CMPTR","Portugal","SECOND",100
2014,"SE_ACS_CMPTR","Portugal","PRIMAR",100
2015,"SE_ACS_CMPTR","Portugal","PRIMAR",100
2015,"SE_ACS_CMPTR","Portugal","SECOND",100
2015,"SE_ACS_CMPTR","Portugal","UPPSEC",100
2015,"SE_ACS_CMPTR","Portugal","LOWSEC",100
2016,"SE_ACS_CMPTR","Portugal","LOWSEC",100
2016,"SE_ACS_CMPTR","Portugal","UPPSEC",100
2016,"SE_ACS_CMPTR","Portugal","SECOND",100
2016,"SE_ACS_CMPTR","Portugal","PRIMAR",100
2017,"SE_ACS_CMPTR","Portugal","SECOND",100
2017,"SE_ACS_CMPTR","Portugal","UPPSEC",100
2017,"SE_ACS_CMPTR","Portugal","LOWSEC",100
2018,"SE_ACS_CMPTR","Portugal","LOWSEC",100
2018,"SE_ACS_CMPTR","Portugal","UPPSEC",100
2018,"SE_ACS_CMPTR","Portugal","SECOND",100
2018,"SE_ACS_CMPTR","Portugal","PRIMAR",100
2015,"SE_ACS_CMPTR","Romania","SECOND",96.42248
2018,"SE_ACS_CMPTR","Romania","SECOND",100
2019,"SE_ACS_CMPTR","Romania","SECOND",66.13973
2020,"SE_ACS_CMPTR","Albania","LOWSEC",100
2020,"SE_ACS_CMPTR","Albania","PRIMAR",54.32331
2021,"SE_ACS_CMPTR","Albania","UPPSEC",67.26908
2021,"SE_ACS_CMPTR","Albania","PRIMAR",83.02048
2021,"SE_ACS_CMPTR","Albania","LOWSEC",83.02048
2021,"SE_ACS_CMPTR","Albania","SECOND",78.32335
2015,"SE_ACS_CMPTR","Serbia","PRIMAR",27.05999
2018,"SE_ACS_CMPTR","Serbia","SECOND",99.75788
2019,"SE_ACS_CMPTR","Serbia","PRIMAR",26.99887
2019,"SE_ACS_CMPTR","Serbia","PRIMAR",26.99887