Year,GeoAreaName,Age,Sex,Value
2000,Kazakhstan,15-24,BOTHSEX,10.19
2000,Kazakhstan,15+,MALE,8.17
2000,Kazakhstan,25+,MALE,7.71
2000,Kazakhstan,15-24,MALE,10.41
2000,Kazakhstan,15-24,FEMALE,9.94
2000,Kazakhstan,15+,FEMALE,6.43
2000,Kazakhstan,25+,BOTHSEX,6.76
2000,Kazakhstan,15+,BOTHSEX,7.33
2000,Kazakhstan,25+,FEMALE,5.77
2001,Kazakhstan,25+,MALE,7.13
2001,Kazakhstan,25+,FEMALE,5.08
2001,Kazakhstan,15+,MALE,7.54
2001,Kazakhstan,15-24,BOTHSEX,9.26
2001,Kazakhstan,15+,BOTHSEX,6.65
2001,Kazakhstan,15+,FEMALE,5.71
2001,Kazakhstan,15-24,FEMALE,9
2001,Kazakhstan,15-24,MALE,9.49
2001,Kazakhstan,25+,BOTHSEX,6.12
2002,Kazakhstan,25+,FEMALE,2.87
2002,Kazakhstan,25+,BOTHSEX,3.62
2002,Kazakhstan,15+,FEMALE,3.27
2002,Kazakhstan,25+,MALE,4.34
2002,Kazakhstan,15-24,BOTHSEX,5.58
2002,Kazakhstan,15+,BOTHSEX,3.95
2002,Kazakhstan,15+,MALE,4.59
2002,Kazakhstan,15-24,MALE,5.78
2002,Kazakhstan,15-24,FEMALE,5.36
2003,Kazakhstan,15-24,FEMALE,3.34
2003,Kazakhstan,15+,BOTHSEX,2.41
2003,Kazakhstan,25+,MALE,2.65
2003,Kazakhstan,15+,MALE,2.83
2003,Kazakhstan,15-24,BOTHSEX,3.52
2003,Kazakhstan,15-24,MALE,3.67
2003,Kazakhstan,25+,BOTHSEX,2.18
2003,Kazakhstan,25+,FEMALE,1.69
2003,Kazakhstan,15+,FEMALE,1.96
2004,Kazakhstan,25+,MALE,0.92
2004,Kazakhstan,15+,FEMALE,0.65
2004,Kazakhstan,15-24,MALE,1.28
2004,Kazakhstan,15+,MALE,0.99
2004,Kazakhstan,15-24,FEMALE,1.14
2004,Kazakhstan,25+,BOTHSEX,0.74
2004,Kazakhstan,25+,FEMALE,0.56
2004,Kazakhstan,15+,BOTHSEX,0.82
2004,Kazakhstan,15-24,BOTHSEX,1.21
2005,Kazakhstan,15-24,MALE,0.47
2005,Kazakhstan,15-24,FEMALE,0.41
2005,Kazakhstan,25+,MALE,0.32
2005,Kazakhstan,25+,FEMALE,0.19
2005,Kazakhstan,15-24,BOTHSEX,0.44
2005,Kazakhstan,25+,BOTHSEX,0.25
2005,Kazakhstan,15+,BOTHSEX,0.29
2005,Kazakhstan,15+,MALE,0.35
2005,Kazakhstan,15+,FEMALE,0.22
2006,Kazakhstan,15+,FEMALE,0.1
2006,Kazakhstan,15-24,BOTHSEX,0.21
2006,Kazakhstan,15-24,FEMALE,0.2
2006,Kazakhstan,15+,MALE,0.17
2006,Kazakhstan,25+,FEMALE,0.09
2006,Kazakhstan,15+,BOTHSEX,0.14
2006,Kazakhstan,25+,BOTHSEX,0.12
2006,Kazakhstan,15-24,MALE,0.23
2006,Kazakhstan,25+,MALE,0.15
2007,Kazakhstan,25+,MALE,0.08
2007,Kazakhstan,25+,FEMALE,0.04
2007,Kazakhstan,15+,BOTHSEX,0.07
2007,Kazakhstan,15-24,FEMALE,0.09
2007,Kazakhstan,15+,MALE,0.08
2007,Kazakhstan,15-24,BOTHSEX,0.1
2007,Kazakhstan,15-24,MALE,0.11
2007,Kazakhstan,15+,FEMALE,0.05
2007,Kazakhstan,25+,BOTHSEX,0.06
2008,Kazakhstan,15+,FEMALE,0
2008,Kazakhstan,25+,BOTHSEX,0
2008,Kazakhstan,15-24,MALE,0.01
2008,Kazakhstan,15+,MALE,0.01
2008,Kazakhstan,25+,MALE,0
2008,Kazakhstan,15-24,BOTHSEX,0.01
2008,Kazakhstan,15+,BOTHSEX,0
2008,Kazakhstan,15-24,FEMALE,0.01
2008,Kazakhstan,25+,FEMALE,0
2009,Kazakhstan,25+,BOTHSEX,0.03
2009,Kazakhstan,15-24,FEMALE,0.04
2009,Kazakhstan,15+,FEMALE,0.02
2009,Kazakhstan,25+,MALE,0.03
2009,Kazakhstan,15-24,MALE,0.05
2009,Kazakhstan,15+,MALE,0.04
2009,Kazakhstan,25+,FEMALE,0.02
2009,Kazakhstan,15-24,BOTHSEX,0.04
2009,Kazakhstan,15+,BOTHSEX,0.03
2010,Kazakhstan,15+,BOTHSEX,0.03
2010,Kazakhstan,15-24,MALE,0.05
2010,Kazakhstan,15+,FEMALE,0.02
2010,Kazakhstan,15+,MALE,0.04
2010,Kazakhstan,15-24,FEMALE,0.04
2010,Kazakhstan,25+,FEMALE,0.02
2010,Kazakhstan,25+,MALE,0.03
2010,Kazakhstan,15-24,BOTHSEX,0.04
2010,Kazakhstan,25+,BOTHSEX,0.02
2011,Kazakhstan,15-24,BOTHSEX,0.01
2011,Kazakhstan,25+,MALE,0.01
2011,Kazakhstan,15+,FEMALE,0.01
2011,Kazakhstan,15-24,FEMALE,0.01
2011,Kazakhstan,25+,BOTHSEX,0.01
2011,Kazakhstan,15+,MALE,0.01
2011,Kazakhstan,15-24,MALE,0.02
2011,Kazakhstan,25+,FEMALE,0.01
2011,Kazakhstan,15+,BOTHSEX,0.01
2012,Kazakhstan,15-24,MALE,0.01
2012,Kazakhstan,15+,BOTHSEX,0.01
2012,Kazakhstan,15+,MALE,0.01
2012,Kazakhstan,25+,MALE,0.01
2012,Kazakhstan,25+,FEMALE,0
2012,Kazakhstan,15+,FEMALE,0.01
2012,Kazakhstan,15-24,FEMALE,0.01
2012,Kazakhstan,15-24,BOTHSEX,0.01
2012,Kazakhstan,25+,BOTHSEX,0.01
2013,Kazakhstan,15-24,FEMALE,0.01
2013,Kazakhstan,15-24,BOTHSEX,0.01
2013,Kazakhstan,25+,BOTHSEX,0.01
2013,Kazakhstan,15+,MALE,0.01
2013,Kazakhstan,15-24,MALE,0.01
2013,Kazakhstan,15+,FEMALE,0
2013,Kazakhstan,25+,FEMALE,0
2013,Kazakhstan,15+,BOTHSEX,0.01
2013,Kazakhstan,25+,MALE,0.01
2014,Kazakhstan,15-24,MALE,0
2014,Kazakhstan,25+,FEMALE,0
2014,Kazakhstan,15+,FEMALE,0
2014,Kazakhstan,15+,BOTHSEX,0
2014,Kazakhstan,25+,BOTHSEX,0
2014,Kazakhstan,15-24,FEMALE,0
2014,Kazakhstan,15-24,BOTHSEX,0
2014,Kazakhstan,15+,MALE,0
2014,Kazakhstan,25+,MALE,0
2015,Kazakhstan,25+,BOTHSEX,0
2015,Kazakhstan,15-24,MALE,0.01
2015,Kazakhstan,25+,FEMALE,0
2015,Kazakhstan,25+,MALE,0
2015,Kazakhstan,15+,BOTHSEX,0
2015,Kazakhstan,15-24,BOTHSEX,0.01
2015,Kazakhstan,15+,FEMALE,0
2015,Kazakhstan,15+,MALE,0
2015,Kazakhstan,15-24,FEMALE,0
2016,Kazakhstan,25+,BOTHSEX,0
2016,Kazakhstan,15+,FEMALE,0
2016,Kazakhstan,15-24,FEMALE,0.01
2016,Kazakhstan,25+,FEMALE,0
2016,Kazakhstan,15-24,BOTHSEX,0.01
2016,Kazakhstan,15+,BOTHSEX,0
2016,Kazakhstan,15-24,MALE,0.01
2016,Kazakhstan,25+,MALE,0
2016,Kazakhstan,15+,MALE,0
2017,Kazakhstan,25+,BOTHSEX,0.01
2017,Kazakhstan,15+,MALE,0.01
2017,Kazakhstan,15-24,FEMALE,0.01
2017,Kazakhstan,15+,FEMALE,0
2017,Kazakhstan,15-24,MALE,0.01
2017,Kazakhstan,25+,FEMALE,0
2017,Kazakhstan,15+,BOTHSEX,0.01
2017,Kazakhstan,15-24,BOTHSEX,0.01
2017,Kazakhstan,25+,MALE,0.01
2018,Kazakhstan,25+,MALE,0
2018,Kazakhstan,25+,BOTHSEX,0
2018,Kazakhstan,15-24,FEMALE,0
2018,Kazakhstan,15+,FEMALE,0
2018,Kazakhstan,15+,BOTHSEX,0
2018,Kazakhstan,15-24,BOTHSEX,0.01
2018,Kazakhstan,25+,FEMALE,0
2018,Kazakhstan,15+,MALE,0
2018,Kazakhstan,15-24,MALE,0.01
2019,Kazakhstan,25+,MALE,0
2019,Kazakhstan,25+,FEMALE,0
2019,Kazakhstan,15+,BOTHSEX,0
2019,Kazakhstan,15-24,FEMALE,0
2019,Kazakhstan,15-24,MALE,0.01
2019,Kazakhstan,15+,FEMALE,0
2019,Kazakhstan,15-24,BOTHSEX,0.01
2019,Kazakhstan,25+,BOTHSEX,0
2019,Kazakhstan,15+,MALE,0
2020,Kazakhstan,15+,BOTHSEX,0.1
2021,Kazakhstan,15+,BOTHSEX,0.09
2022,Kazakhstan,15+,BOTHSEX,0.09
2000,Kyrgyzstan,15-24,MALE,30.63
2000,Kyrgyzstan,25+,FEMALE,25.9
2000,Kyrgyzstan,15+,BOTHSEX,30.06
2000,Kyrgyzstan,25+,MALE,32.9
2000,Kyrgyzstan,15+,MALE,32.38
2000,Kyrgyzstan,15-24,BOTHSEX,31.29
2000,Kyrgyzstan,15-24,FEMALE,32.15
2000,Kyrgyzstan,15+,FEMALE,27.23
2000,Kyrgyzstan,25+,BOTHSEX,29.71
2001,Kyrgyzstan,15+,FEMALE,23.67
2001,Kyrgyzstan,15-24,BOTHSEX,27.75
2001,Kyrgyzstan,25+,MALE,29.51
2001,Kyrgyzstan,15-24,FEMALE,28.44
2001,Kyrgyzstan,25+,FEMALE,22.37
2001,Kyrgyzstan,15-24,MALE,27.24
2001,Kyrgyzstan,15+,BOTHSEX,26.6
2001,Kyrgyzstan,15+,MALE,28.99
2001,Kyrgyzstan,25+,BOTHSEX,26.27
2002,Kyrgyzstan,15+,BOTHSEX,23.86
2002,Kyrgyzstan,15-24,FEMALE,25.85
2002,Kyrgyzstan,25+,FEMALE,19.55
2002,Kyrgyzstan,25+,MALE,26.75
2002,Kyrgyzstan,15-24,MALE,24.65
2002,Kyrgyzstan,15+,MALE,26.25
2002,Kyrgyzstan,25+,BOTHSEX,23.48
2002,Kyrgyzstan,15-24,BOTHSEX,25.17
2002,Kyrgyzstan,15+,FEMALE,20.92
2003,Kyrgyzstan,15+,BOTHSEX,18.58
2003,Kyrgyzstan,25+,BOTHSEX,18.28
2003,Kyrgyzstan,15+,FEMALE,15.65
2003,Kyrgyzstan,15-24,MALE,19.34
2003,Kyrgyzstan,15-24,BOTHSEX,19.63
2003,Kyrgyzstan,15-24,FEMALE,20.04
2003,Kyrgyzstan,15+,MALE,20.94
2003,Kyrgyzstan,25+,FEMALE,14.47
2003,Kyrgyzstan,25+,MALE,21.43
2004,Kyrgyzstan,25+,FEMALE,5.57
2004,Kyrgyzstan,15+,BOTHSEX,7.96
2004,Kyrgyzstan,15+,FEMALE,6.22
2004,Kyrgyzstan,15-24,MALE,8.58
2004,Kyrgyzstan,15-24,FEMALE,8.75
2004,Kyrgyzstan,25+,MALE,9.55
2004,Kyrgyzstan,15-24,BOTHSEX,8.65
2004,Kyrgyzstan,15+,MALE,9.32
2004,Kyrgyzstan,25+,BOTHSEX,7.76
2005,Kyrgyzstan,15-24,MALE,10.26
2005,Kyrgyzstan,25+,MALE,11.92
2005,Kyrgyzstan,15+,FEMALE,7.46
2005,Kyrgyzstan,25+,FEMALE,6.72
2005,Kyrgyzstan,15+,MALE,11.52
2005,Kyrgyzstan,15+,BOTHSEX,9.75
2005,Kyrgyzstan,15-24,BOTHSEX,10.29
2005,Kyrgyzstan,25+,BOTHSEX,9.6
2005,Kyrgyzstan,15-24,FEMALE,10.32
2006,Kyrgyzstan,25+,BOTHSEX,5.7
2006,Kyrgyzstan,15+,MALE,6.98
2006,Kyrgyzstan,15-24,BOTHSEX,6.04
2006,Kyrgyzstan,25+,MALE,7.28
2006,Kyrgyzstan,15-24,MALE,6.04
2006,Kyrgyzstan,15+,FEMALE,4.2
2006,Kyrgyzstan,15-24,FEMALE,6.03
2006,Kyrgyzstan,15+,BOTHSEX,5.78
2006,Kyrgyzstan,25+,FEMALE,3.73
2007,Kyrgyzstan,15+,FEMALE,4.51
2007,Kyrgyzstan,15-24,FEMALE,6.41
2007,Kyrgyzstan,25+,FEMALE,4.01
2007,Kyrgyzstan,25+,MALE,7.68
2007,Kyrgyzstan,15-24,MALE,6.43
2007,Kyrgyzstan,15+,BOTHSEX,6.14
2007,Kyrgyzstan,25+,BOTHSEX,6.05
2007,Kyrgyzstan,15-24,BOTHSEX,6.42
2007,Kyrgyzstan,15+,MALE,7.37
2008,Kyrgyzstan,25+,MALE,2.36
2008,Kyrgyzstan,15-24,BOTHSEX,1.98
2008,Kyrgyzstan,15+,BOTHSEX,1.87
2008,Kyrgyzstan,15-24,FEMALE,1.98
2008,Kyrgyzstan,25+,FEMALE,1.18
2008,Kyrgyzstan,15-24,MALE,1.99
2008,Kyrgyzstan,15+,MALE,2.27
2008,Kyrgyzstan,25+,BOTHSEX,1.84
2008,Kyrgyzstan,15+,FEMALE,1.35
2009,Kyrgyzstan,15-24,MALE,0.53
2009,Kyrgyzstan,15-24,FEMALE,0.53
2009,Kyrgyzstan,15+,BOTHSEX,0.48
2009,Kyrgyzstan,25+,BOTHSEX,0.47
2009,Kyrgyzstan,15+,FEMALE,0.35
2009,Kyrgyzstan,25+,MALE,0.59
2009,Kyrgyzstan,15-24,BOTHSEX,0.53
2009,Kyrgyzstan,15+,MALE,0.58
2009,Kyrgyzstan,25+,FEMALE,0.31
2010,Kyrgyzstan,25+,BOTHSEX,1.51
2010,Kyrgyzstan,15+,FEMALE,1.11
2010,Kyrgyzstan,15-24,FEMALE,1.62
2010,Kyrgyzstan,25+,MALE,1.93
2010,Kyrgyzstan,15-24,MALE,1.66
2010,Kyrgyzstan,25+,FEMALE,0.98
2010,Kyrgyzstan,15+,BOTHSEX,1.54
2010,Kyrgyzstan,15-24,BOTHSEX,1.65
2010,Kyrgyzstan,15+,MALE,1.86
2011,Kyrgyzstan,25+,BOTHSEX,0.27
2011,Kyrgyzstan,15-24,FEMALE,0.27
2011,Kyrgyzstan,15-24,BOTHSEX,0.28
2011,Kyrgyzstan,15-24,MALE,0.28
2011,Kyrgyzstan,15+,MALE,0.33
2011,Kyrgyzstan,15+,BOTHSEX,0.27
2011,Kyrgyzstan,25+,FEMALE,0.16
2011,Kyrgyzstan,25+,MALE,0.34
2011,Kyrgyzstan,15+,FEMALE,0.18
2012,Kyrgyzstan,15+,FEMALE,0.86
2012,Kyrgyzstan,15+,BOTHSEX,1.25
2012,Kyrgyzstan,15+,MALE,1.54
2012,Kyrgyzstan,15-24,MALE,1.28
2012,Kyrgyzstan,15-24,BOTHSEX,1.27
2012,Kyrgyzstan,25+,MALE,1.62
2012,Kyrgyzstan,15-24,FEMALE,1.25
2012,Kyrgyzstan,25+,BOTHSEX,1.25
2012,Kyrgyzstan,25+,FEMALE,0.77
2013,Kyrgyzstan,15+,FEMALE,0.96
2013,Kyrgyzstan,15+,MALE,1.55
2013,Kyrgyzstan,15+,BOTHSEX,1.31
2013,Kyrgyzstan,25+,MALE,1.59
2013,Kyrgyzstan,25+,FEMALE,0.85
2013,Kyrgyzstan,15-24,BOTHSEX,1.41
2013,Kyrgyzstan,15-24,MALE,1.42
2013,Kyrgyzstan,15-24,FEMALE,1.38
2013,Kyrgyzstan,25+,BOTHSEX,1.28
2014,Kyrgyzstan,15-24,BOTHSEX,0.27
2014,Kyrgyzstan,15+,BOTHSEX,0.25
2014,Kyrgyzstan,25+,BOTHSEX,0.25
2014,Kyrgyzstan,15+,FEMALE,0.18
2014,Kyrgyzstan,15+,MALE,0.3
2014,Kyrgyzstan,15-24,FEMALE,0.27
2014,Kyrgyzstan,25+,FEMALE,0.17
2014,Kyrgyzstan,15-24,MALE,0.27
2014,Kyrgyzstan,25+,MALE,0.31
2015,Kyrgyzstan,15-24,MALE,0.79
2015,Kyrgyzstan,25+,MALE,0.93
2015,Kyrgyzstan,25+,BOTHSEX,0.74
2015,Kyrgyzstan,15+,BOTHSEX,0.75
2015,Kyrgyzstan,15+,FEMALE,0.54
2015,Kyrgyzstan,25+,FEMALE,0.49
2015,Kyrgyzstan,15+,MALE,0.9
2015,Kyrgyzstan,15-24,FEMALE,0.79
2015,Kyrgyzstan,15-24,BOTHSEX,0.79
2016,Kyrgyzstan,15-24,BOTHSEX,0.31
2016,Kyrgyzstan,15-24,FEMALE,0.3
2016,Kyrgyzstan,15-24,MALE,0.31
2016,Kyrgyzstan,25+,MALE,0.36
2016,Kyrgyzstan,15+,MALE,0.35
2016,Kyrgyzstan,25+,FEMALE,0.19
2016,Kyrgyzstan,25+,BOTHSEX,0.29
2016,Kyrgyzstan,15+,BOTHSEX,0.3
2016,Kyrgyzstan,15+,FEMALE,0.21
2017,Kyrgyzstan,25+,MALE,0.39
2017,Kyrgyzstan,15-24,BOTHSEX,0.33
2017,Kyrgyzstan,15+,BOTHSEX,0.32
2017,Kyrgyzstan,25+,FEMALE,0.21
2017,Kyrgyzstan,15+,MALE,0.38
2017,Kyrgyzstan,15-24,FEMALE,0.32
2017,Kyrgyzstan,15-24,MALE,0.34
2017,Kyrgyzstan,15+,FEMALE,0.23
2017,Kyrgyzstan,25+,BOTHSEX,0.32
2018,Kyrgyzstan,15+,MALE,0.2
2018,Kyrgyzstan,15-24,MALE,0.18
2018,Kyrgyzstan,15-24,BOTHSEX,0.17
2018,Kyrgyzstan,15-24,FEMALE,0.17
2018,Kyrgyzstan,15+,BOTHSEX,0.17
2018,Kyrgyzstan,25+,BOTHSEX,0.17
2018,Kyrgyzstan,15+,FEMALE,0.12
2018,Kyrgyzstan,25+,MALE,0.2
2018,Kyrgyzstan,25+,FEMALE,0.12
2019,Kyrgyzstan,15+,BOTHSEX,0.16
2019,Kyrgyzstan,25+,MALE,0.2
2019,Kyrgyzstan,15+,MALE,0.2
2019,Kyrgyzstan,15-24,FEMALE,0.16
2019,Kyrgyzstan,15-24,MALE,0.16
2019,Kyrgyzstan,15-24,BOTHSEX,0.16
2019,Kyrgyzstan,25+,FEMALE,0.11
2019,Kyrgyzstan,25+,BOTHSEX,0.16
2019,Kyrgyzstan,15+,FEMALE,0.11
2020,Kyrgyzstan,15+,BOTHSEX,0.29
2021,Kyrgyzstan,15+,BOTHSEX,0.29
2022,Kyrgyzstan,15+,BOTHSEX,0.29
2000,Tajikistan,15+,FEMALE,41.46
2000,Tajikistan,25+,BOTHSEX,39.54
2000,Tajikistan,15-24,BOTHSEX,41.02
2000,Tajikistan,25+,MALE,38.5
2000,Tajikistan,15+,MALE,38.83
2000,Tajikistan,15-24,FEMALE,41.33
2000,Tajikistan,25+,FEMALE,41.49
2000,Tajikistan,15+,BOTHSEX,39.79
2000,Tajikistan,15-24,MALE,40.77
2001,Tajikistan,15+,FEMALE,35.03
2001,Tajikistan,15+,MALE,33.42
2001,Tajikistan,25+,MALE,33.14
2001,Tajikistan,15-24,BOTHSEX,35.36
2001,Tajikistan,15+,BOTHSEX,34
2001,Tajikistan,15-24,FEMALE,35.76
2001,Tajikistan,15-24,MALE,35.04
2001,Tajikistan,25+,BOTHSEX,33.73
2001,Tajikistan,25+,FEMALE,34.84
2002,Tajikistan,25+,FEMALE,28.62
2002,Tajikistan,15+,MALE,28.39
2002,Tajikistan,15+,FEMALE,29
2002,Tajikistan,15+,BOTHSEX,28.61
2002,Tajikistan,25+,MALE,28.13
2002,Tajikistan,25+,BOTHSEX,28.3
2002,Tajikistan,15-24,BOTHSEX,30.11
2002,Tajikistan,15-24,FEMALE,30.47
2002,Tajikistan,15-24,MALE,29.82
2003,Tajikistan,25+,MALE,24.32
2003,Tajikistan,15-24,MALE,25.9
2003,Tajikistan,25+,FEMALE,24.06
2003,Tajikistan,15-24,BOTHSEX,26.12
2003,Tajikistan,15+,BOTHSEX,24.55
2003,Tajikistan,15+,FEMALE,24.54
2003,Tajikistan,15-24,FEMALE,26.41
2003,Tajikistan,25+,BOTHSEX,24.23
2003,Tajikistan,15+,MALE,24.56
2004,Tajikistan,15-24,BOTHSEX,12.37
2004,Tajikistan,15+,MALE,12.18
2004,Tajikistan,25+,FEMALE,10.39
2004,Tajikistan,15-24,FEMALE,12.06
2004,Tajikistan,15+,FEMALE,10.74
2004,Tajikistan,25+,BOTHSEX,11.51
2004,Tajikistan,15-24,MALE,12.6
2004,Tajikistan,25+,MALE,12.1
2004,Tajikistan,15+,BOTHSEX,11.66
2005,Tajikistan,15-24,BOTHSEX,10.47
2005,Tajikistan,15+,MALE,10.65
2005,Tajikistan,15-24,MALE,10.97
2005,Tajikistan,25+,FEMALE,9.04
2005,Tajikistan,25+,BOTHSEX,10.06
2005,Tajikistan,15+,BOTHSEX,10.13
2005,Tajikistan,15-24,FEMALE,9.83
2005,Tajikistan,15+,FEMALE,9.21
2005,Tajikistan,25+,MALE,10.59
2006,Tajikistan,15-24,FEMALE,8.34
2006,Tajikistan,15+,FEMALE,8.32
2006,Tajikistan,25+,BOTHSEX,9.18
2006,Tajikistan,15+,BOTHSEX,9.19
2006,Tajikistan,15-24,MALE,9.95
2006,Tajikistan,15+,MALE,9.68
2006,Tajikistan,15-24,BOTHSEX,9.26
2006,Tajikistan,25+,MALE,9.63
2006,Tajikistan,25+,FEMALE,8.31
2007,Tajikistan,15-24,FEMALE,6.7
2007,Tajikistan,15-24,BOTHSEX,7.75
2007,Tajikistan,25+,MALE,8.22
2007,Tajikistan,15+,MALE,8.27
2007,Tajikistan,15+,FEMALE,7.11
2007,Tajikistan,25+,FEMALE,7.23
2007,Tajikistan,15+,BOTHSEX,7.86
2007,Tajikistan,25+,BOTHSEX,7.88
2007,Tajikistan,15-24,MALE,8.53
2008,Tajikistan,25+,BOTHSEX,5.43
2008,Tajikistan,15+,MALE,5.51
2008,Tajikistan,15-24,MALE,5.1
2008,Tajikistan,15-24,BOTHSEX,5
2008,Tajikistan,15+,BOTHSEX,5.35
2008,Tajikistan,15+,FEMALE,5.06
2008,Tajikistan,15-24,FEMALE,4.86
2008,Tajikistan,25+,FEMALE,5.12
2008,Tajikistan,25+,MALE,5.59
2009,Tajikistan,15+,BOTHSEX,3.1
2009,Tajikistan,15+,FEMALE,3.06
2009,Tajikistan,15-24,FEMALE,2.97
2009,Tajikistan,15-24,BOTHSEX,2.44
2009,Tajikistan,15+,MALE,3.12
2009,Tajikistan,15-24,MALE,2.06
2009,Tajikistan,25+,MALE,3.33
2009,Tajikistan,25+,FEMALE,3.09
2009,Tajikistan,25+,BOTHSEX,3.25
2010,Tajikistan,25+,FEMALE,3.89
2010,Tajikistan,15+,MALE,3.83
2010,Tajikistan,15-24,MALE,2.56
2010,Tajikistan,25+,MALE,4.07
2010,Tajikistan,25+,BOTHSEX,4.01
2010,Tajikistan,15+,FEMALE,3.86
2010,Tajikistan,15-24,BOTHSEX,3.07
2010,Tajikistan,15+,BOTHSEX,3.84
2010,Tajikistan,15-24,FEMALE,3.75
2011,Tajikistan,25+,BOTHSEX,3.95
2011,Tajikistan,15+,BOTHSEX,3.79
2011,Tajikistan,15+,MALE,3.74
2011,Tajikistan,25+,MALE,3.97
2011,Tajikistan,25+,FEMALE,3.89
2011,Tajikistan,15-24,MALE,2.57
2011,Tajikistan,15-24,FEMALE,3.78
2011,Tajikistan,15-24,BOTHSEX,3.09
2011,Tajikistan,15+,FEMALE,3.87
2012,Tajikistan,15+,MALE,3.81
2012,Tajikistan,15-24,FEMALE,3.95
2012,Tajikistan,15+,FEMALE,4.02
2012,Tajikistan,15-24,BOTHSEX,3.21
2012,Tajikistan,15-24,MALE,2.64
2012,Tajikistan,25+,MALE,4.03
2012,Tajikistan,25+,BOTHSEX,4.03
2012,Tajikistan,15+,BOTHSEX,3.89
2012,Tajikistan,25+,FEMALE,4.04
2013,Tajikistan,15+,MALE,3.74
2013,Tajikistan,25+,MALE,3.94
2013,Tajikistan,15-24,BOTHSEX,3.25
2013,Tajikistan,15-24,FEMALE,4.01
2013,Tajikistan,15-24,MALE,2.66
2013,Tajikistan,15+,BOTHSEX,3.85
2013,Tajikistan,25+,BOTHSEX,3.99
2013,Tajikistan,15+,FEMALE,4.05
2013,Tajikistan,25+,FEMALE,4.06
2014,Tajikistan,15-24,FEMALE,4.11
2014,Tajikistan,15+,BOTHSEX,3.87
2014,Tajikistan,15-24,MALE,2.7
2014,Tajikistan,25+,FEMALE,4.13
2014,Tajikistan,25+,BOTHSEX,3.99
2014,Tajikistan,15+,MALE,3.71
2014,Tajikistan,25+,MALE,3.9
2014,Tajikistan,15+,FEMALE,4.12
2014,Tajikistan,15-24,BOTHSEX,3.32
2015,Tajikistan,15+,FEMALE,4.21
2015,Tajikistan,15+,MALE,3.7
2015,Tajikistan,25+,FEMALE,4.21
2015,Tajikistan,15+,BOTHSEX,3.89
2015,Tajikistan,15-24,MALE,2.76
2015,Tajikistan,25+,MALE,3.87
2015,Tajikistan,15-24,FEMALE,4.22
2015,Tajikistan,25+,BOTHSEX,4
2015,Tajikistan,15-24,BOTHSEX,3.4
2016,Tajikistan,25+,MALE,3.2
2016,Tajikistan,15-24,FEMALE,3.64
2016,Tajikistan,15-24,MALE,2.34
2016,Tajikistan,15+,MALE,3.07
2016,Tajikistan,15+,BOTHSEX,3.27
2016,Tajikistan,25+,FEMALE,3.57
2016,Tajikistan,25+,BOTHSEX,3.34
2016,Tajikistan,15-24,BOTHSEX,2.91
2016,Tajikistan,15+,FEMALE,3.58
2017,Tajikistan,25+,BOTHSEX,2.82
2017,Tajikistan,25+,MALE,2.67
2017,Tajikistan,15-24,BOTHSEX,2.48
2017,Tajikistan,15-24,FEMALE,3.13
2017,Tajikistan,15+,FEMALE,3.08
2017,Tajikistan,15+,MALE,2.56
2017,Tajikistan,25+,FEMALE,3.06
2017,Tajikistan,15-24,MALE,1.99
2017,Tajikistan,15+,BOTHSEX,2.76
2018,Tajikistan,15+,BOTHSEX,2.34
2018,Tajikistan,25+,BOTHSEX,2.38
2018,Tajikistan,15+,MALE,2.14
2018,Tajikistan,25+,MALE,2.23
2018,Tajikistan,25+,FEMALE,2.63
2018,Tajikistan,15-24,BOTHSEX,2.12
2018,Tajikistan,15+,FEMALE,2.65
2018,Tajikistan,15-24,MALE,1.69
2018,Tajikistan,15-24,FEMALE,2.69
2019,Tajikistan,15-24,MALE,1.57
2019,Tajikistan,15+,BOTHSEX,2.17
2019,Tajikistan,15-24,BOTHSEX,1.98
2019,Tajikistan,15+,MALE,1.96
2019,Tajikistan,25+,MALE,2.04
2019,Tajikistan,25+,BOTHSEX,2.2
2019,Tajikistan,15-24,FEMALE,2.54
2019,Tajikistan,15+,FEMALE,2.49
2019,Tajikistan,25+,FEMALE,2.48
2020,Tajikistan,15+,BOTHSEX,1.93
2021,Tajikistan,15+,BOTHSEX,1.47
2022,Tajikistan,15+,BOTHSEX,1.62
2000,Turkmenistan,15-24,BOTHSEX,37.65
2000,Turkmenistan,15-24,MALE,32.16
2000,Turkmenistan,15+,MALE,26.26
2000,Turkmenistan,15-24,FEMALE,40.31
2000,Turkmenistan,15+,BOTHSEX,31.48
2000,Turkmenistan,25+,FEMALE,34.35
2000,Turkmenistan,15+,FEMALE,35.71
2000,Turkmenistan,25+,MALE,25.33
2000,Turkmenistan,25+,BOTHSEX,30.05
2001,Turkmenistan,15+,BOTHSEX,29.91
2001,Turkmenistan,25+,MALE,24.13
2001,Turkmenistan,15+,FEMALE,33.89
2001,Turkmenistan,15+,MALE,25.04
2001,Turkmenistan,25+,BOTHSEX,28.46
2001,Turkmenistan,15-24,MALE,30.67
2001,Turkmenistan,25+,FEMALE,32.43
2001,Turkmenistan,15-24,FEMALE,38.77
2001,Turkmenistan,15-24,BOTHSEX,36.09
2002,Turkmenistan,15-24,BOTHSEX,36.35
2002,Turkmenistan,15-24,FEMALE,39.06
2002,Turkmenistan,15-24,MALE,31.05
2002,Turkmenistan,25+,FEMALE,32.67
2002,Turkmenistan,15+,BOTHSEX,30.31
2002,Turkmenistan,15+,MALE,25.63
2002,Turkmenistan,25+,MALE,24.71
2002,Turkmenistan,15+,FEMALE,34.16
2002,Turkmenistan,25+,BOTHSEX,28.86
2003,Turkmenistan,15+,MALE,24.74
2003,Turkmenistan,15+,BOTHSEX,29.16
2003,Turkmenistan,25+,FEMALE,31.26
2003,Turkmenistan,25+,BOTHSEX,27.68
2003,Turkmenistan,15+,FEMALE,32.83
2003,Turkmenistan,15-24,MALE,30.03
2003,Turkmenistan,25+,MALE,23.81
2003,Turkmenistan,15-24,FEMALE,37.92
2003,Turkmenistan,15-24,BOTHSEX,35.19
2004,Turkmenistan,15-24,FEMALE,35.84
2004,Turkmenistan,25+,FEMALE,28.83
2004,Turkmenistan,15-24,BOTHSEX,33.12
2004,Turkmenistan,25+,MALE,22.19
2004,Turkmenistan,15+,MALE,23.09
2004,Turkmenistan,15-24,MALE,28.05
2004,Turkmenistan,25+,BOTHSEX,25.63
2004,Turkmenistan,15+,BOTHSEX,27.12
2004,Turkmenistan,15+,FEMALE,30.5
2005,Turkmenistan,15+,BOTHSEX,22.26
2005,Turkmenistan,15-24,BOTHSEX,28.11
2005,Turkmenistan,15+,MALE,18.83
2005,Turkmenistan,25+,FEMALE,23.41
2005,Turkmenistan,15-24,MALE,23.4
2005,Turkmenistan,25+,BOTHSEX,20.78
2005,Turkmenistan,15+,FEMALE,25.15
2005,Turkmenistan,15-24,FEMALE,30.67
2005,Turkmenistan,25+,MALE,17.98
2006,Turkmenistan,15+,MALE,14.45
2006,Turkmenistan,15+,BOTHSEX,17.08
2006,Turkmenistan,15-24,FEMALE,24.64
2006,Turkmenistan,25+,MALE,13.71
2006,Turkmenistan,15+,FEMALE,19.33
2006,Turkmenistan,15-24,MALE,18.38
2006,Turkmenistan,25+,BOTHSEX,15.74
2006,Turkmenistan,15-24,BOTHSEX,22.38
2006,Turkmenistan,25+,FEMALE,17.65
2007,Turkmenistan,15+,FEMALE,15.93
2007,Turkmenistan,15-24,MALE,15.3
2007,Turkmenistan,15+,BOTHSEX,14.07
2007,Turkmenistan,15-24,BOTHSEX,18.78
2007,Turkmenistan,25+,FEMALE,14.39
2007,Turkmenistan,25+,BOTHSEX,12.87
2007,Turkmenistan,25+,MALE,11.26
2007,Turkmenistan,15-24,FEMALE,20.8
2007,Turkmenistan,15+,MALE,11.91
2008,Turkmenistan,25+,MALE,8.14
2008,Turkmenistan,15-24,BOTHSEX,13.97
2008,Turkmenistan,25+,FEMALE,10.33
2008,Turkmenistan,15+,BOTHSEX,10.21
2008,Turkmenistan,15+,FEMALE,11.56
2008,Turkmenistan,15-24,MALE,11.27
2008,Turkmenistan,25+,BOTHSEX,9.26
2008,Turkmenistan,15+,MALE,8.64
2008,Turkmenistan,15-24,FEMALE,15.57
2009,Turkmenistan,15+,MALE,7.69
2009,Turkmenistan,15+,FEMALE,10.18
2009,Turkmenistan,15-24,BOTHSEX,12.4
2009,Turkmenistan,15-24,MALE,9.99
2009,Turkmenistan,25+,MALE,7.26
2009,Turkmenistan,15-24,FEMALE,13.86
2009,Turkmenistan,15+,BOTHSEX,9.02
2009,Turkmenistan,25+,FEMALE,9.07
2009,Turkmenistan,25+,BOTHSEX,8.18
2010,Turkmenistan,25+,FEMALE,7.02
2010,Turkmenistan,25+,MALE,5.58
2010,Turkmenistan,15+,MALE,5.93
2010,Turkmenistan,15-24,MALE,7.8
2010,Turkmenistan,15+,BOTHSEX,6.97
2010,Turkmenistan,15-24,BOTHSEX,9.73
2010,Turkmenistan,15+,FEMALE,7.89
2010,Turkmenistan,25+,BOTHSEX,6.31
2010,Turkmenistan,15-24,FEMALE,10.91
2011,Turkmenistan,15+,FEMALE,5.01
2011,Turkmenistan,25+,MALE,3.49
2011,Turkmenistan,15+,BOTHSEX,4.41
2011,Turkmenistan,25+,FEMALE,4.46
2011,Turkmenistan,15-24,FEMALE,7.06
2011,Turkmenistan,15+,MALE,3.71
2011,Turkmenistan,15-24,MALE,5
2011,Turkmenistan,25+,BOTHSEX,3.98
2011,Turkmenistan,15-24,BOTHSEX,6.27
2012,Turkmenistan,15-24,BOTHSEX,3.82
2012,Turkmenistan,15+,MALE,2.22
2012,Turkmenistan,25+,MALE,2.08
2012,Turkmenistan,15-24,FEMALE,4.31
2012,Turkmenistan,15+,BOTHSEX,2.64
2012,Turkmenistan,25+,BOTHSEX,2.4
2012,Turkmenistan,15-24,MALE,3.03
2012,Turkmenistan,15+,FEMALE,3.02
2012,Turkmenistan,25+,FEMALE,2.69
2013,Turkmenistan,15-24,MALE,2.18
2013,Turkmenistan,15+,BOTHSEX,1.88
2013,Turkmenistan,15+,FEMALE,2.16
2013,Turkmenistan,15-24,BOTHSEX,2.74
2013,Turkmenistan,15-24,FEMALE,3.09
2013,Turkmenistan,25+,MALE,1.47
2013,Turkmenistan,25+,BOTHSEX,1.71
2013,Turkmenistan,25+,FEMALE,1.94
2013,Turkmenistan,15+,MALE,1.56
2014,Turkmenistan,15-24,FEMALE,1.73
2014,Turkmenistan,25+,FEMALE,1.09
2014,Turkmenistan,25+,MALE,0.8
2014,Turkmenistan,15+,BOTHSEX,1.04
2014,Turkmenistan,15-24,BOTHSEX,1.53
2014,Turkmenistan,25+,BOTHSEX,0.95
2014,Turkmenistan,15+,MALE,0.86
2014,Turkmenistan,15+,FEMALE,1.2
2014,Turkmenistan,15-24,MALE,1.21
2015,Turkmenistan,15+,BOTHSEX,0.91
2015,Turkmenistan,15-24,MALE,1.07
2015,Turkmenistan,15-24,BOTHSEX,1.35
2015,Turkmenistan,25+,FEMALE,0.96
2015,Turkmenistan,15+,FEMALE,1.06
2015,Turkmenistan,25+,MALE,0.7
2015,Turkmenistan,15+,MALE,0.74
2015,Turkmenistan,25+,BOTHSEX,0.83
2015,Turkmenistan,15-24,FEMALE,1.52
2016,Turkmenistan,25+,MALE,0.61
2016,Turkmenistan,15-24,FEMALE,1.35
2016,Turkmenistan,15+,MALE,0.65
2016,Turkmenistan,15-24,MALE,0.95
2016,Turkmenistan,25+,BOTHSEX,0.74
2016,Turkmenistan,25+,FEMALE,0.86
2016,Turkmenistan,15+,FEMALE,0.94
2016,Turkmenistan,15-24,BOTHSEX,1.19
2016,Turkmenistan,15+,BOTHSEX,0.8
2017,Turkmenistan,25+,FEMALE,0.74
2017,Turkmenistan,15-24,FEMALE,1.16
2017,Turkmenistan,25+,BOTHSEX,0.63
2017,Turkmenistan,25+,MALE,0.52
2017,Turkmenistan,15-24,MALE,0.82
2017,Turkmenistan,15+,FEMALE,0.81
2017,Turkmenistan,15+,BOTHSEX,0.69
2017,Turkmenistan,15-24,BOTHSEX,1.03
2017,Turkmenistan,15+,MALE,0.55
2018,Turkmenistan,15-24,MALE,0.72
2018,Turkmenistan,15+,FEMALE,0.7
2018,Turkmenistan,25+,BOTHSEX,0.55
2018,Turkmenistan,25+,MALE,0.45
2018,Turkmenistan,25+,FEMALE,0.65
2018,Turkmenistan,15+,BOTHSEX,0.6
2018,Turkmenistan,15+,MALE,0.48
2018,Turkmenistan,15-24,FEMALE,1.01
2018,Turkmenistan,15-24,BOTHSEX,0.9
2019,Turkmenistan,25+,BOTHSEX,0.48
2019,Turkmenistan,15-24,FEMALE,0.88
2019,Turkmenistan,15+,BOTHSEX,0.51
2019,Turkmenistan,15-24,BOTHSEX,0.78
2019,Turkmenistan,25+,MALE,0.38
2019,Turkmenistan,25+,FEMALE,0.56
2019,Turkmenistan,15+,MALE,0.41
2019,Turkmenistan,15+,FEMALE,0.61
2019,Turkmenistan,15-24,MALE,0.62
2020,Turkmenistan,15+,BOTHSEX,0.59
2021,Turkmenistan,15+,BOTHSEX,0.58
2022,Turkmenistan,15+,BOTHSEX,0.58
2000,Uzbekistan,15-24,BOTHSEX,53.63
2000,Uzbekistan,15+,BOTHSEX,54.95
2000,Uzbekistan,15+,FEMALE,55.27
2000,Uzbekistan,25+,MALE,54.99
2000,Uzbekistan,15-24,MALE,53.93
2000,Uzbekistan,15-24,FEMALE,52.89
2000,Uzbekistan,25+,FEMALE,55.67
2000,Uzbekistan,25+,BOTHSEX,55.26
2000,Uzbekistan,15+,MALE,54.76
2001,Uzbekistan,15-24,FEMALE,51.12
2001,Uzbekistan,25+,FEMALE,53.42
2001,Uzbekistan,15+,MALE,53.09
2001,Uzbekistan,15-24,MALE,52.04
2001,Uzbekistan,15+,BOTHSEX,53.08
2001,Uzbekistan,15-24,BOTHSEX,51.77
2001,Uzbekistan,15+,FEMALE,53.08
2001,Uzbekistan,25+,BOTHSEX,53.39
2001,Uzbekistan,25+,MALE,53.38
2002,Uzbekistan,15+,MALE,51.29
2002,Uzbekistan,15+,BOTHSEX,51.07
2002,Uzbekistan,25+,FEMALE,50.96
2002,Uzbekistan,25+,BOTHSEX,51.37
2002,Uzbekistan,25+,MALE,51.65
2002,Uzbekistan,15-24,MALE,50.03
2002,Uzbekistan,15-24,BOTHSEX,49.79
2002,Uzbekistan,15-24,FEMALE,49.24
2002,Uzbekistan,15+,FEMALE,50.7
2003,Uzbekistan,15+,FEMALE,55.26
2003,Uzbekistan,25+,FEMALE,55.64
2003,Uzbekistan,15+,MALE,55.12
2003,Uzbekistan,15+,BOTHSEX,55.17
2003,Uzbekistan,15-24,MALE,54.08
2003,Uzbekistan,15-24,FEMALE,53.17
2003,Uzbekistan,25+,MALE,55.41
2003,Uzbekistan,25+,BOTHSEX,55.51
2003,Uzbekistan,15-24,BOTHSEX,53.8
2004,Uzbekistan,15-24,FEMALE,49.08
2004,Uzbekistan,15-24,MALE,49.75
2004,Uzbekistan,25+,BOTHSEX,51.22
2004,Uzbekistan,25+,FEMALE,50.69
2004,Uzbekistan,15+,MALE,51.18
2004,Uzbekistan,15+,BOTHSEX,50.89
2004,Uzbekistan,25+,MALE,51.59
2004,Uzbekistan,15-24,BOTHSEX,49.54
2004,Uzbekistan,15+,FEMALE,50.43
2005,Uzbekistan,15-24,MALE,45.66
2005,Uzbekistan,15-24,BOTHSEX,45.51
2005,Uzbekistan,15-24,FEMALE,45.21
2005,Uzbekistan,25+,BOTHSEX,47.11
2005,Uzbekistan,15+,MALE,47.43
2005,Uzbekistan,15+,BOTHSEX,46.78
2005,Uzbekistan,15+,FEMALE,45.75
2005,Uzbekistan,25+,FEMALE,45.86
2005,Uzbekistan,25+,MALE,47.94
2006,Uzbekistan,15-24,FEMALE,41.07
2006,Uzbekistan,15+,BOTHSEX,42.37
2006,Uzbekistan,25+,FEMALE,40.64
2006,Uzbekistan,25+,MALE,43.99
2006,Uzbekistan,15-24,BOTHSEX,41.28
2006,Uzbekistan,15-24,MALE,41.38
2006,Uzbekistan,15+,FEMALE,40.72
2006,Uzbekistan,25+,BOTHSEX,42.65
2006,Uzbekistan,15+,MALE,43.4
2007,Uzbekistan,15+,MALE,38.48
2007,Uzbekistan,15-24,FEMALE,36.13
2007,Uzbekistan,25+,FEMALE,34.5
2007,Uzbekistan,25+,BOTHSEX,37.29
2007,Uzbekistan,15-24,BOTHSEX,36.22
2007,Uzbekistan,15-24,MALE,36.27
2007,Uzbekistan,15+,BOTHSEX,37.07
2007,Uzbekistan,25+,MALE,39.12
2007,Uzbekistan,15+,FEMALE,34.79
2008,Uzbekistan,15-24,BOTHSEX,31.34
2008,Uzbekistan,15-24,FEMALE,31.29
2008,Uzbekistan,15-24,MALE,31.36
2008,Uzbekistan,15+,FEMALE,29.31
2008,Uzbekistan,15+,BOTHSEX,31.97
2008,Uzbekistan,25+,FEMALE,28.88
2008,Uzbekistan,25+,MALE,34.22
2008,Uzbekistan,15+,MALE,33.59
2008,Uzbekistan,25+,BOTHSEX,32.13
2009,Uzbekistan,15-24,MALE,27.36
2009,Uzbekistan,15-24,BOTHSEX,27.36
2009,Uzbekistan,25+,MALE,30.17
2009,Uzbekistan,15+,BOTHSEX,27.85
2009,Uzbekistan,25+,FEMALE,24.52
2009,Uzbekistan,15-24,FEMALE,27.34
2009,Uzbekistan,25+,BOTHSEX,27.98
2009,Uzbekistan,15+,MALE,29.57
2009,Uzbekistan,15+,FEMALE,25.02
2010,Uzbekistan,15+,FEMALE,21.89
2010,Uzbekistan,15+,BOTHSEX,24.75
2010,Uzbekistan,15-24,BOTHSEX,24.36
2010,Uzbekistan,25+,FEMALE,21.37
2010,Uzbekistan,15+,MALE,26.47
2010,Uzbekistan,15-24,FEMALE,24.36
2010,Uzbekistan,15-24,MALE,24.36
2010,Uzbekistan,25+,BOTHSEX,24.85
2010,Uzbekistan,25+,MALE,27.02
2011,Uzbekistan,15-24,BOTHSEX,21.84
2011,Uzbekistan,25+,MALE,24.18
2011,Uzbekistan,25+,FEMALE,18.68
2011,Uzbekistan,15+,BOTHSEX,22.02
2011,Uzbekistan,15-24,MALE,21.77
2011,Uzbekistan,25+,BOTHSEX,22.06
2011,Uzbekistan,15-24,FEMALE,21.99
2011,Uzbekistan,15+,FEMALE,19.26
2011,Uzbekistan,15+,MALE,23.69
2012,Uzbekistan,15+,BOTHSEX,19.09
2012,Uzbekistan,15-24,MALE,18.87
2012,Uzbekistan,25+,MALE,21.15
2012,Uzbekistan,15-24,BOTHSEX,18.94
2012,Uzbekistan,15+,FEMALE,16.38
2012,Uzbekistan,25+,BOTHSEX,19.12
2012,Uzbekistan,15+,MALE,20.71
2012,Uzbekistan,25+,FEMALE,15.83
2012,Uzbekistan,15-24,FEMALE,19.09
2013,Uzbekistan,15+,BOTHSEX,16.55
2013,Uzbekistan,25+,FEMALE,13.49
2013,Uzbekistan,15+,FEMALE,14
2013,Uzbekistan,15+,MALE,18.06
2013,Uzbekistan,25+,BOTHSEX,16.57
2013,Uzbekistan,15-24,MALE,16.42
2013,Uzbekistan,15-24,FEMALE,16.59
2013,Uzbekistan,25+,MALE,18.44
2013,Uzbekistan,15-24,BOTHSEX,16.47
2014,Uzbekistan,15-24,BOTHSEX,14.36
2014,Uzbekistan,25+,BOTHSEX,14.42
2014,Uzbekistan,15+,FEMALE,12.06
2014,Uzbekistan,15+,MALE,15.79
2014,Uzbekistan,15-24,FEMALE,14.47
2014,Uzbekistan,15+,BOTHSEX,14.41
2014,Uzbekistan,15-24,MALE,14.3
2014,Uzbekistan,25+,MALE,16.11
2014,Uzbekistan,25+,FEMALE,11.6
2015,Uzbekistan,15-24,FEMALE,12.48
2015,Uzbekistan,15-24,BOTHSEX,12.39
2015,Uzbekistan,15-24,MALE,12.34
2015,Uzbekistan,25+,MALE,13.88
2015,Uzbekistan,15+,MALE,13.62
2015,Uzbekistan,25+,FEMALE,9.87
2015,Uzbekistan,15+,FEMALE,10.27
2015,Uzbekistan,15+,BOTHSEX,12.39
2015,Uzbekistan,25+,BOTHSEX,12.39
2016,Uzbekistan,15+,FEMALE,9.06
2016,Uzbekistan,15-24,MALE,11
2016,Uzbekistan,25+,BOTHSEX,10.98
2016,Uzbekistan,15+,MALE,12.1
2016,Uzbekistan,15+,BOTHSEX,10.99
2016,Uzbekistan,15-24,BOTHSEX,11.05
2016,Uzbekistan,25+,MALE,12.31
2016,Uzbekistan,15-24,FEMALE,11.13
2016,Uzbekistan,25+,FEMALE,8.7
2017,Uzbekistan,15-24,BOTHSEX,10.1
2017,Uzbekistan,15-24,FEMALE,10.18
2017,Uzbekistan,15+,FEMALE,8.26
2017,Uzbekistan,15-24,MALE,10.06
2017,Uzbekistan,25+,FEMALE,7.94
2017,Uzbekistan,15+,MALE,10.95
2017,Uzbekistan,15+,BOTHSEX,9.97
2017,Uzbekistan,25+,BOTHSEX,9.94
2017,Uzbekistan,25+,MALE,11.11
2018,Uzbekistan,15+,BOTHSEX,9.05
2018,Uzbekistan,25+,MALE,10.08
2018,Uzbekistan,25+,FEMALE,7.21
2018,Uzbekistan,15-24,BOTHSEX,9.2
2018,Uzbekistan,15-24,FEMALE,9.28
2018,Uzbekistan,25+,BOTHSEX,9.03
2018,Uzbekistan,15+,FEMALE,7.49
2018,Uzbekistan,15-24,MALE,9.16
2018,Uzbekistan,15+,MALE,9.94
2019,Uzbekistan,15-24,BOTHSEX,8.31
2019,Uzbekistan,15-24,MALE,8.27
2019,Uzbekistan,25+,BOTHSEX,8.12
2019,Uzbekistan,15+,FEMALE,6.74
2019,Uzbekistan,15+,MALE,8.95
2019,Uzbekistan,25+,MALE,9.06
2019,Uzbekistan,15+,BOTHSEX,8.15
2019,Uzbekistan,25+,FEMALE,6.48
2019,Uzbekistan,15-24,FEMALE,8.4
2020,Uzbekistan,15+,BOTHSEX,8.12
2021,Uzbekistan,15+,BOTHSEX,6.78
2022,Uzbekistan,15+,BOTHSEX,6.56
2022,Uzbekistan,15+,BOTHSEX,6.56