Year,SeriesCode,Country,Education level,Type of skill,Value
2000,SE_NAP_ACHI,Albania,LOWSEC,SKILL_READ,0.60053
2000,SE_NAP_ACHI,Albania,LOWSEC,SKILL_MATH,0.47846
2009,SE_NAP_ACHI,Albania,LOWSEC,SKILL_MATH,0.22303
2009,SE_NAP_ACHI,Albania,LOWSEC,SKILL_READ,0.49921
2012,SE_NAP_ACHI,Albania,LOWSEC,SKILL_READ,1.00147
2012,SE_NAP_ACHI,Albania,LOWSEC,SKILL_MATH,1.16039
2018,SE_NAP_ACHI,Albania,LOWSEC,SKILL_MATH,0.682
2018,SE_NAP_ACHI,Albania,LOWSEC,SKILL_READ,0.2548
2019,SE_NAP_ACHI,Albania,PRIMAR,SKILL_MATH,0.98955
2006,SE_NAP_ACHI,Azerbaijan,LOWSEC,SKILL_READ,1.15854
2006,SE_NAP_ACHI,Azerbaijan,LOWSEC,SKILL_MATH,1.01614
2009,SE_NAP_ACHI,Azerbaijan,LOWSEC,SKILL_READ,0.99639
2009,SE_NAP_ACHI,Azerbaijan,LOWSEC,SKILL_MATH,1.08478
2019,SE_NAP_ACHI,Azerbaijan,PRIMAR,SKILL_MATH,0.82495
2000,SE_NAP_ACHI,Australia,LOWSEC,SKILL_MATH,1.00896
2000,SE_NAP_ACHI,Australia,LOWSEC,SKILL_READ,0.99386
2003,SE_NAP_ACHI,Australia,LOWSEC,SKILL_READ,0.96906
2003,SE_NAP_ACHI,Australia,GRAD23,SKILL_MATH,1.1522
2003,SE_NAP_ACHI,Australia,PRIMAR,SKILL_MATH,1.00207
2003,SE_NAP_ACHI,Australia,LOWSEC,SKILL_MATH,0.97569
2006,SE_NAP_ACHI,Australia,LOWSEC,SKILL_MATH,1.01433
2006,SE_NAP_ACHI,Australia,LOWSEC,SKILL_READ,1.00034
2007,SE_NAP_ACHI,Australia,PRIMAR,SKILL_MATH,0.55292
2007,SE_NAP_ACHI,Australia,GRAD23,SKILL_MATH,1.27925
2009,SE_NAP_ACHI,Australia,LOWSEC,SKILL_READ,1.01033
2009,SE_NAP_ACHI,Australia,LOWSEC,SKILL_MATH,1.01111
2011,SE_NAP_ACHI,Australia,PRIMAR,SKILL_MATH,1.03275
2012,SE_NAP_ACHI,Australia,LOWSEC,SKILL_READ,1.02113
2012,SE_NAP_ACHI,Australia,LOWSEC,SKILL_MATH,1.0427
2015,SE_NAP_ACHI,Australia,LOWSEC,SKILL_MATH,1.02184
2015,SE_NAP_ACHI,Australia,LOWSEC,SKILL_READ,1.00583
2015,SE_NAP_ACHI,Australia,PRIMAR,SKILL_MATH,0.99309
2015,SE_NAP_ACHI,Australia,GRAD23,SKILL_MATH,0.97854
2018,SE_NAP_ACHI,Australia,LOWSEC,SKILL_READ,1.00836
2018,SE_NAP_ACHI,Australia,LOWSEC,SKILL_MATH,1.03307
2019,SE_NAP_ACHI,Australia,GRAD23,SKILL_MATH,0.92692
2019,SE_NAP_ACHI,Australia,PRIMAR,SKILL_MATH,1.06375
2000,SE_NAP_ACHI,Austria,LOWSEC,SKILL_MATH,0.79033
2000,SE_NAP_ACHI,Austria,LOWSEC,SKILL_READ,0.78856
2003,SE_NAP_ACHI,Austria,LOWSEC,SKILL_MATH,0.75281
2003,SE_NAP_ACHI,Austria,LOWSEC,SKILL_READ,0.69619
2006,SE_NAP_ACHI,Austria,LOWSEC,SKILL_READ,0.72972
2006,SE_NAP_ACHI,Austria,LOWSEC,SKILL_MATH,0.69142
2006,SE_NAP_ACHI,Austria,PRIMAR,SKILL_READ,1.05441
2009,SE_NAP_ACHI,Austria,LOWSEC,SKILL_MATH,0.71544
2009,SE_NAP_ACHI,Austria,LOWSEC,SKILL_READ,0.65346
2012,SE_NAP_ACHI,Austria,LOWSEC,SKILL_MATH,0.74077
2012,SE_NAP_ACHI,Austria,LOWSEC,SKILL_READ,0.78947
2015,SE_NAP_ACHI,Austria,LOWSEC,SKILL_MATH,0.70542
2015,SE_NAP_ACHI,Austria,LOWSEC,SKILL_READ,0.74404
2018,SE_NAP_ACHI,Austria,LOWSEC,SKILL_READ,0.73539
2018,SE_NAP_ACHI,Austria,LOWSEC,SKILL_MATH,0.74006
2019,SE_NAP_ACHI,Austria,PRIMAR,SKILL_MATH,0.88434
2003,SE_NAP_ACHI,Armenia,PRIMAR,SKILL_MATH,1.26664
2003,SE_NAP_ACHI,Armenia,LOWSEC,SKILL_MATH,1.13335
2007,SE_NAP_ACHI,Armenia,LOWSEC,SKILL_MATH,0.43676
2007,SE_NAP_ACHI,Armenia,PRIMAR,SKILL_MATH,1.1041
2011,SE_NAP_ACHI,Armenia,LOWSEC,SKILL_MATH,0.99301
2015,SE_NAP_ACHI,Armenia,LOWSEC,SKILL_MATH,1.00466
2015,SE_NAP_ACHI,Armenia,PRIMAR,SKILL_MATH,1.01033
2019,SE_NAP_ACHI,Armenia,PRIMAR,SKILL_MATH,0.88916
2000,SE_NAP_ACHI,Belgium,LOWSEC,SKILL_MATH,0.73201
2000,SE_NAP_ACHI,Belgium,LOWSEC,SKILL_READ,0.74229
2003,SE_NAP_ACHI,Belgium,LOWSEC,SKILL_READ,0.66281
2003,SE_NAP_ACHI,Belgium,LOWSEC,SKILL_MATH,0.66919
2006,SE_NAP_ACHI,Belgium,LOWSEC,SKILL_MATH,0.67668
2006,SE_NAP_ACHI,Belgium,LOWSEC,SKILL_READ,0.68833
2009,SE_NAP_ACHI,Belgium,LOWSEC,SKILL_MATH,0.74502
2009,SE_NAP_ACHI,Belgium,LOWSEC,SKILL_READ,0.76105
2012,SE_NAP_ACHI,Belgium,LOWSEC,SKILL_MATH,0.71597
2012,SE_NAP_ACHI,Belgium,LOWSEC,SKILL_READ,0.77836
2015,SE_NAP_ACHI,Belgium,LOWSEC,SKILL_READ,0.76818
2015,SE_NAP_ACHI,Belgium,LOWSEC,SKILL_MATH,0.74092
2018,SE_NAP_ACHI,Belgium,LOWSEC,SKILL_MATH,0.78217
2018,SE_NAP_ACHI,Belgium,LOWSEC,SKILL_READ,0.74858
2019,SE_NAP_ACHI,Belgium,PRIMAR,SKILL_MATH,0.8507
2018,SE_NAP_ACHI,Bosnia and Herzegovina,LOWSEC,SKILL_READ,0.79283
2019,SE_NAP_ACHI,Bosnia and Herzegovina,PRIMAR,SKILL_MATH,1.11548
2000,SE_NAP_ACHI,Bulgaria,LOWSEC,SKILL_MATH,1.07368
2000,SE_NAP_ACHI,Bulgaria,LOWSEC,SKILL_READ,1.08543
2001,SE_NAP_ACHI,Bulgaria,PRIMAR,SKILL_READ,1.04846
2006,SE_NAP_ACHI,Bulgaria,PRIMAR,SKILL_READ,1.14103
2006,SE_NAP_ACHI,Bulgaria,LOWSEC,SKILL_READ,0.24584
2006,SE_NAP_ACHI,Bulgaria,LOWSEC,SKILL_MATH,0.39073
2009,SE_NAP_ACHI,Bulgaria,LOWSEC,SKILL_MATH,0.55011
2009,SE_NAP_ACHI,Bulgaria,LOWSEC,SKILL_READ,0.53963
2012,SE_NAP_ACHI,Bulgaria,LOWSEC,SKILL_MATH,0.4419
2012,SE_NAP_ACHI,Bulgaria,LOWSEC,SKILL_READ,0.41475
2015,SE_NAP_ACHI,Bulgaria,LOWSEC,SKILL_MATH,0.48755
2015,SE_NAP_ACHI,Bulgaria,PRIMAR,SKILL_MATH,1.08133
2015,SE_NAP_ACHI,Bulgaria,LOWSEC,SKILL_READ,0.49348
2018,SE_NAP_ACHI,Bulgaria,LOWSEC,SKILL_READ,0.69421
2018,SE_NAP_ACHI,Bulgaria,LOWSEC,SKILL_MATH,0.70647
2019,SE_NAP_ACHI,Bulgaria,PRIMAR,SKILL_MATH,1.02544
2018,SE_NAP_ACHI,Belarus,LOWSEC,SKILL_READ,0.85302
2018,SE_NAP_ACHI,Belarus,LOWSEC,SKILL_MATH,0.83693
2000,SE_NAP_ACHI,Canada,LOWSEC,SKILL_READ,0.97444
2000,SE_NAP_ACHI,Canada,LOWSEC,SKILL_MATH,0.96995
2001,SE_NAP_ACHI,Canada,PRIMAR,SKILL_READ,1.05749
2003,SE_NAP_ACHI,Canada,LOWSEC,SKILL_MATH,0.99603
2003,SE_NAP_ACHI,Canada,LOWSEC,SKILL_READ,0.98974
2006,SE_NAP_ACHI,Canada,LOWSEC,SKILL_READ,0.96738
2006,SE_NAP_ACHI,Canada,LOWSEC,SKILL_MATH,0.96253
2009,SE_NAP_ACHI,Canada,LOWSEC,SKILL_MATH,0.96148
2009,SE_NAP_ACHI,Canada,LOWSEC,SKILL_READ,0.97513
2012,SE_NAP_ACHI,Canada,LOWSEC,SKILL_READ,0.9916
2012,SE_NAP_ACHI,Canada,LOWSEC,SKILL_MATH,0.97905
2015,SE_NAP_ACHI,Canada,LOWSEC,SKILL_MATH,1.02837
2015,SE_NAP_ACHI,Canada,PRIMAR,SKILL_MATH,1.11596
2015,SE_NAP_ACHI,Canada,LOWSEC,SKILL_READ,1.01098
2018,SE_NAP_ACHI,Canada,LOWSEC,SKILL_READ,0.97937
2018,SE_NAP_ACHI,Canada,LOWSEC,SKILL_MATH,0.98538
2019,SE_NAP_ACHI,Canada,PRIMAR,SKILL_MATH,0.95496
2000,SE_NAP_ACHI,Chile,LOWSEC,SKILL_READ,0.94672
2003,SE_NAP_ACHI,Chile,LOWSEC,SKILL_MATH,1.44805
2006,SE_NAP_ACHI,Chile,LOWSEC,SKILL_READ,1.17052
2009,SE_NAP_ACHI,Chile,LOWSEC,SKILL_READ,0.80074
2011,SE_NAP_ACHI,Chile,LOWSEC,SKILL_MATH,0.82978
2012,SE_NAP_ACHI,Chile,LOWSEC,SKILL_READ,1.04919
2015,SE_NAP_ACHI,Chile,LOWSEC,SKILL_READ,0.86233
2015,SE_NAP_ACHI,Chile,LOWSEC,SKILL_MATH,0.83419
2018,SE_NAP_ACHI,Chile,LOWSEC,SKILL_READ,0.87947
2019,SE_NAP_ACHI,Chile,LOWSEC,SKILL_MATH,0.73304
2006,SE_NAP_ACHI,Colombia,LOWSEC,SKILL_READ,0.16954
2006,SE_NAP_ACHI,Colombia,LOWSEC,SKILL_MATH,0.12565
2009,SE_NAP_ACHI,Colombia,LOWSEC,SKILL_MATH,0.07891
2009,SE_NAP_ACHI,Colombia,LOWSEC,SKILL_READ,0.18947
2012,SE_NAP_ACHI,Colombia,LOWSEC,SKILL_MATH,0.10045
2012,SE_NAP_ACHI,Colombia,LOWSEC,SKILL_READ,0.2733
2015,SE_NAP_ACHI,Colombia,LOWSEC,SKILL_MATH,0.53327
2015,SE_NAP_ACHI,Colombia,LOWSEC,SKILL_READ,0.5093
2018,SE_NAP_ACHI,Colombia,LOWSEC,SKILL_READ,0.44937
2018,SE_NAP_ACHI,Colombia,LOWSEC,SKILL_MATH,0.60268
2009,SE_NAP_ACHI,Costa Rica,LOWSEC,SKILL_MATH,0.8527
2009,SE_NAP_ACHI,Costa Rica,LOWSEC,SKILL_READ,0.86348
2012,SE_NAP_ACHI,Costa Rica,LOWSEC,SKILL_READ,0.79067
2012,SE_NAP_ACHI,Costa Rica,LOWSEC,SKILL_MATH,0.56695
2015,SE_NAP_ACHI,Costa Rica,LOWSEC,SKILL_MATH,0.60345
2015,SE_NAP_ACHI,Costa Rica,LOWSEC,SKILL_READ,0.77164
2018,SE_NAP_ACHI,Costa Rica,LOWSEC,SKILL_READ,0.79424
2018,SE_NAP_ACHI,Costa Rica,LOWSEC,SKILL_MATH,0.71316
2006,SE_NAP_ACHI,Croatia,LOWSEC,SKILL_MATH,0.92156
2006,SE_NAP_ACHI,Croatia,LOWSEC,SKILL_READ,0.94806
2009,SE_NAP_ACHI,Croatia,LOWSEC,SKILL_READ,0.9313
2009,SE_NAP_ACHI,Croatia,LOWSEC,SKILL_MATH,0.92334
2012,SE_NAP_ACHI,Croatia,LOWSEC,SKILL_READ,0.9304
2012,SE_NAP_ACHI,Croatia,LOWSEC,SKILL_MATH,0.90697
2015,SE_NAP_ACHI,Croatia,LOWSEC,SKILL_READ,0.92096
2015,SE_NAP_ACHI,Croatia,PRIMAR,SKILL_MATH,1.15099
2015,SE_NAP_ACHI,Croatia,LOWSEC,SKILL_MATH,0.89508
2018,SE_NAP_ACHI,Croatia,LOWSEC,SKILL_MATH,0.95185
2018,SE_NAP_ACHI,Croatia,LOWSEC,SKILL_READ,0.98487
2019,SE_NAP_ACHI,Croatia,PRIMAR,SKILL_MATH,0.683
2001,SE_NAP_ACHI,Cyprus,PRIMAR,SKILL_READ,1.08494
2003,SE_NAP_ACHI,Cyprus,PRIMAR,SKILL_MATH,1.27637
2015,SE_NAP_ACHI,Cyprus,PRIMAR,SKILL_MATH,1.06072
2018,SE_NAP_ACHI,Cyprus,LOWSEC,SKILL_READ,0.99402
2019,SE_NAP_ACHI,Cyprus,PRIMAR,SKILL_MATH,0.9063
2000,SE_NAP_ACHI,Czechia,LOWSEC,SKILL_READ,1.00923
2000,SE_NAP_ACHI,Czechia,LOWSEC,SKILL_MATH,0.97389
2001,SE_NAP_ACHI,Czechia,PRIMAR,SKILL_READ,1.09947
2003,SE_NAP_ACHI,Czechia,LOWSEC,SKILL_MATH,0.91536
2003,SE_NAP_ACHI,Czechia,LOWSEC,SKILL_READ,0.88933
2006,SE_NAP_ACHI,Czechia,LOWSEC,SKILL_MATH,0.75859
2006,SE_NAP_ACHI,Czechia,LOWSEC,SKILL_READ,0.68667
2007,SE_NAP_ACHI,Czechia,PRIMAR,SKILL_MATH,1.47115
2009,SE_NAP_ACHI,Czechia,LOWSEC,SKILL_READ,0.87474
2009,SE_NAP_ACHI,Czechia,LOWSEC,SKILL_MATH,0.85829
2012,SE_NAP_ACHI,Czechia,LOWSEC,SKILL_MATH,0.87663
2012,SE_NAP_ACHI,Czechia,LOWSEC,SKILL_READ,0.93116
2015,SE_NAP_ACHI,Czechia,LOWSEC,SKILL_READ,0.81011
2015,SE_NAP_ACHI,Czechia,PRIMAR,SKILL_MATH,1.11441
2015,SE_NAP_ACHI,Czechia,LOWSEC,SKILL_MATH,0.85063
2018,SE_NAP_ACHI,Czechia,LOWSEC,SKILL_MATH,0.74073
2018,SE_NAP_ACHI,Czechia,LOWSEC,SKILL_READ,0.77665
2019,SE_NAP_ACHI,Czechia,PRIMAR,SKILL_MATH,0.82141
2000,SE_NAP_ACHI,Denmark,LOWSEC,SKILL_READ,0.82379
2000,SE_NAP_ACHI,Denmark,LOWSEC,SKILL_MATH,0.83511
2003,SE_NAP_ACHI,Denmark,LOWSEC,SKILL_MATH,0.75269
2003,SE_NAP_ACHI,Denmark,LOWSEC,SKILL_READ,0.80047
2006,SE_NAP_ACHI,Denmark,LOWSEC,SKILL_MATH,0.70877
2006,SE_NAP_ACHI,Denmark,LOWSEC,SKILL_READ,0.70869
2006,SE_NAP_ACHI,Denmark,GRAD23,SKILL_READ,1.03757
2007,SE_NAP_ACHI,Denmark,GRAD23,SKILL_MATH,1.26096
2009,SE_NAP_ACHI,Denmark,LOWSEC,SKILL_MATH,0.69285
2009,SE_NAP_ACHI,Denmark,LOWSEC,SKILL_READ,0.74218
2012,SE_NAP_ACHI,Denmark,LOWSEC,SKILL_READ,0.76566
2012,SE_NAP_ACHI,Denmark,LOWSEC,SKILL_MATH,0.67301
2015,SE_NAP_ACHI,Denmark,LOWSEC,SKILL_MATH,0.74994
2015,SE_NAP_ACHI,Denmark,LOWSEC,SKILL_READ,0.75756
2015,SE_NAP_ACHI,Denmark,GRAD23,SKILL_MATH,1.0822
2018,SE_NAP_ACHI,Denmark,LOWSEC,SKILL_READ,0.74537
2018,SE_NAP_ACHI,Denmark,LOWSEC,SKILL_MATH,0.77277
2019,SE_NAP_ACHI,Denmark,GRAD23,SKILL_MATH,0.75593
2015,SE_NAP_ACHI,Estonia,LOWSEC,SKILL_READ,0.93476
2015,SE_NAP_ACHI,Estonia,LOWSEC,SKILL_MATH,0.94139
2018,SE_NAP_ACHI,Estonia,LOWSEC,SKILL_MATH,0.92127
2018,SE_NAP_ACHI,Estonia,LOWSEC,SKILL_READ,0.90434
2000,SE_NAP_ACHI,Finland,LOWSEC,SKILL_READ,0.91462
2000,SE_NAP_ACHI,Finland,LOWSEC,SKILL_MATH,0.95236
2003,SE_NAP_ACHI,Finland,LOWSEC,SKILL_MATH,0.73973
2003,SE_NAP_ACHI,Finland,LOWSEC,SKILL_READ,0.73159
2006,SE_NAP_ACHI,Finland,LOWSEC,SKILL_READ,0.88086
2006,SE_NAP_ACHI,Finland,LOWSEC,SKILL_MATH,0.71258
2009,SE_NAP_ACHI,Finland,LOWSEC,SKILL_MATH,0.8417
2009,SE_NAP_ACHI,Finland,LOWSEC,SKILL_READ,0.76373
2012,SE_NAP_ACHI,Finland,LOWSEC,SKILL_MATH,0.61528
2012,SE_NAP_ACHI,Finland,LOWSEC,SKILL_READ,0.66755
2015,SE_NAP_ACHI,Finland,LOWSEC,SKILL_MATH,0.70568
2015,SE_NAP_ACHI,Finland,PRIMAR,SKILL_MATH,1.28333
2015,SE_NAP_ACHI,Finland,LOWSEC,SKILL_READ,0.70848
2018,SE_NAP_ACHI,Finland,LOWSEC,SKILL_READ,0.67716
2018,SE_NAP_ACHI,Finland,LOWSEC,SKILL_MATH,0.71509
2019,SE_NAP_ACHI,Finland,PRIMAR,SKILL_MATH,0.67229
2000,SE_NAP_ACHI,France,LOWSEC,SKILL_MATH,0.89243
2000,SE_NAP_ACHI,France,LOWSEC,SKILL_READ,0.89433
2001,SE_NAP_ACHI,France,PRIMAR,SKILL_READ,1.07732
2003,SE_NAP_ACHI,France,LOWSEC,SKILL_MATH,0.79068
2003,SE_NAP_ACHI,France,LOWSEC,SKILL_READ,0.81194
2006,SE_NAP_ACHI,France,LOWSEC,SKILL_READ,0.86081
2006,SE_NAP_ACHI,France,LOWSEC,SKILL_MATH,0.74929
2006,SE_NAP_ACHI,France,PRIMAR,SKILL_READ,1.0364
2009,SE_NAP_ACHI,France,LOWSEC,SKILL_MATH,0.72219
2009,SE_NAP_ACHI,France,LOWSEC,SKILL_READ,0.75932
2012,SE_NAP_ACHI,France,LOWSEC,SKILL_MATH,0.68901
2012,SE_NAP_ACHI,France,LOWSEC,SKILL_READ,0.76743
2015,SE_NAP_ACHI,France,LOWSEC,SKILL_MATH,0.73312
2015,SE_NAP_ACHI,France,LOWSEC,SKILL_READ,0.7796
2015,SE_NAP_ACHI,France,PRIMAR,SKILL_MATH,1.29442
2018,SE_NAP_ACHI,France,LOWSEC,SKILL_READ,0.79292
2018,SE_NAP_ACHI,France,LOWSEC,SKILL_MATH,0.77123
2019,SE_NAP_ACHI,France,PRIMAR,SKILL_MATH,0.72036
2006,SE_NAP_ACHI,Georgia,PRIMAR,SKILL_READ,1.00433
2007,SE_NAP_ACHI,Georgia,PRIMAR,SKILL_MATH,1.60269
2009,SE_NAP_ACHI,Georgia,LOWSEC,SKILL_READ,1.15561
2009,SE_NAP_ACHI,Georgia,LOWSEC,SKILL_MATH,1.00093
2015,SE_NAP_ACHI,Georgia,LOWSEC,SKILL_MATH,0.95129
2015,SE_NAP_ACHI,Georgia,LOWSEC,SKILL_READ,0.91156
2015,SE_NAP_ACHI,Georgia,PRIMAR,SKILL_MATH,1.00843
2018,SE_NAP_ACHI,Georgia,LOWSEC,SKILL_READ,0.44688
2018,SE_NAP_ACHI,Georgia,LOWSEC,SKILL_MATH,0.4719
2019,SE_NAP_ACHI,Georgia,PRIMAR,SKILL_MATH,0.69863
2000,SE_NAP_ACHI,Germany,LOWSEC,SKILL_MATH,0.68873
2000,SE_NAP_ACHI,Germany,LOWSEC,SKILL_READ,0.7297
2001,SE_NAP_ACHI,Germany,PRIMAR,SKILL_READ,1.06355
2003,SE_NAP_ACHI,Germany,LOWSEC,SKILL_READ,0.66107
2003,SE_NAP_ACHI,Germany,LOWSEC,SKILL_MATH,0.66249
2006,SE_NAP_ACHI,Germany,LOWSEC,SKILL_READ,0.72901
2006,SE_NAP_ACHI,Germany,LOWSEC,SKILL_MATH,0.71273
2006,SE_NAP_ACHI,Germany,PRIMAR,SKILL_READ,1.01922
2007,SE_NAP_ACHI,Germany,PRIMAR,SKILL_MATH,1.31543
2009,SE_NAP_ACHI,Germany,LOWSEC,SKILL_READ,0.79784
2009,SE_NAP_ACHI,Germany,LOWSEC,SKILL_MATH,0.79269
2012,SE_NAP_ACHI,Germany,LOWSEC,SKILL_READ,0.86344
2012,SE_NAP_ACHI,Germany,LOWSEC,SKILL_MATH,0.79801
2015,SE_NAP_ACHI,Germany,LOWSEC,SKILL_READ,0.8119
2015,SE_NAP_ACHI,Germany,LOWSEC,SKILL_MATH,0.79479
2015,SE_NAP_ACHI,Germany,PRIMAR,SKILL_MATH,1.10599
2018,SE_NAP_ACHI,Germany,LOWSEC,SKILL_READ,0.75246
2018,SE_NAP_ACHI,Germany,LOWSEC,SKILL_MATH,0.76063
2019,SE_NAP_ACHI,Germany,PRIMAR,SKILL_MATH,0.74536
2000,SE_NAP_ACHI,Greece,LOWSEC,SKILL_MATH,0.84787
2000,SE_NAP_ACHI,Greece,LOWSEC,SKILL_READ,0.8739
2001,SE_NAP_ACHI,Greece,PRIMAR,SKILL_READ,1.03144
2003,SE_NAP_ACHI,Greece,LOWSEC,SKILL_READ,0.79903
2003,SE_NAP_ACHI,Greece,LOWSEC,SKILL_MATH,0.69457
2006,SE_NAP_ACHI,Greece,LOWSEC,SKILL_READ,0.81997
2006,SE_NAP_ACHI,Greece,LOWSEC,SKILL_MATH,0.78319
2009,SE_NAP_ACHI,Greece,LOWSEC,SKILL_READ,0.75161
2009,SE_NAP_ACHI,Greece,LOWSEC,SKILL_MATH,0.70322
2012,SE_NAP_ACHI,Greece,LOWSEC,SKILL_MATH,0.62799
2012,SE_NAP_ACHI,Greece,LOWSEC,SKILL_READ,0.77912
2015,SE_NAP_ACHI,Greece,LOWSEC,SKILL_MATH,0.71917
2015,SE_NAP_ACHI,Greece,LOWSEC,SKILL_READ,0.755
2018,SE_NAP_ACHI,Greece,LOWSEC,SKILL_READ,0.7116
2018,SE_NAP_ACHI,Greece,LOWSEC,SKILL_MATH,0.68264
2000,SE_NAP_ACHI,Hungary,LOWSEC,SKILL_READ,1.00637
2001,SE_NAP_ACHI,Hungary,PRIMAR,SKILL_READ,1.06677
2003,SE_NAP_ACHI,Hungary,LOWSEC,SKILL_READ,1.01571
2003,SE_NAP_ACHI,Hungary,PRIMAR,SKILL_MATH,1.48234
2003,SE_NAP_ACHI,Hungary,LOWSEC,SKILL_MATH,1.14281
2006,SE_NAP_ACHI,Hungary,LOWSEC,SKILL_READ,1.07391
2006,SE_NAP_ACHI,Hungary,PRIMAR,SKILL_READ,1.02863
2007,SE_NAP_ACHI,Hungary,LOWSEC,SKILL_MATH,0.68832
2007,SE_NAP_ACHI,Hungary,PRIMAR,SKILL_MATH,1.60142
2009,SE_NAP_ACHI,Hungary,LOWSEC,SKILL_READ,1.06076
2011,SE_NAP_ACHI,Hungary,LOWSEC,SKILL_MATH,0.61484
2012,SE_NAP_ACHI,Hungary,LOWSEC,SKILL_READ,1.06897
2015,SE_NAP_ACHI,Hungary,PRIMAR,SKILL_MATH,1.34744
2015,SE_NAP_ACHI,Hungary,LOWSEC,SKILL_READ,1.04888
2015,SE_NAP_ACHI,Hungary,LOWSEC,SKILL_MATH,0.88897
2018,SE_NAP_ACHI,Hungary,LOWSEC,SKILL_READ,1.07059
2019,SE_NAP_ACHI,Hungary,PRIMAR,SKILL_MATH,0.87408
2019,SE_NAP_ACHI,Hungary,LOWSEC,SKILL_MATH,0.82322
2000,SE_NAP_ACHI,Iceland,LOWSEC,SKILL_READ,0.96419
2000,SE_NAP_ACHI,Iceland,LOWSEC,SKILL_MATH,0.97464
2001,SE_NAP_ACHI,Iceland,GRAD23,SKILL_READ,1.09468
2003,SE_NAP_ACHI,Iceland,LOWSEC,SKILL_READ,0.73524
2003,SE_NAP_ACHI,Iceland,LOWSEC,SKILL_MATH,0.90103
2006,SE_NAP_ACHI,Iceland,LOWSEC,SKILL_READ,0.65948
2006,SE_NAP_ACHI,Iceland,LOWSEC,SKILL_MATH,0.72616
2006,SE_NAP_ACHI,Iceland,GRAD23,SKILL_READ,1.04364
2009,SE_NAP_ACHI,Iceland,LOWSEC,SKILL_MATH,0.65293
2009,SE_NAP_ACHI,Iceland,LOWSEC,SKILL_READ,0.67737
2012,SE_NAP_ACHI,Iceland,LOWSEC,SKILL_MATH,0.75636
2012,SE_NAP_ACHI,Iceland,LOWSEC,SKILL_READ,0.6242
2015,SE_NAP_ACHI,Iceland,LOWSEC,SKILL_READ,0.54398
2015,SE_NAP_ACHI,Iceland,LOWSEC,SKILL_MATH,0.69842
2018,SE_NAP_ACHI,Iceland,LOWSEC,SKILL_MATH,0.76813
2018,SE_NAP_ACHI,Iceland,LOWSEC,SKILL_READ,0.64155
2000,SE_NAP_ACHI,Ireland,LOWSEC,SKILL_MATH,1.03038
2000,SE_NAP_ACHI,Ireland,LOWSEC,SKILL_READ,1.00811
2003,SE_NAP_ACHI,Ireland,LOWSEC,SKILL_READ,0.91789
2003,SE_NAP_ACHI,Ireland,LOWSEC,SKILL_MATH,0.94333
2006,SE_NAP_ACHI,Ireland,LOWSEC,SKILL_MATH,0.88594
2006,SE_NAP_ACHI,Ireland,LOWSEC,SKILL_READ,0.9431
2009,SE_NAP_ACHI,Ireland,LOWSEC,SKILL_READ,0.85074
2009,SE_NAP_ACHI,Ireland,LOWSEC,SKILL_MATH,0.89298
2012,SE_NAP_ACHI,Ireland,LOWSEC,SKILL_MATH,0.98576
2012,SE_NAP_ACHI,Ireland,LOWSEC,SKILL_READ,0.96387
2015,SE_NAP_ACHI,Ireland,GRAD23,SKILL_MATH,1.03103
2015,SE_NAP_ACHI,Ireland,LOWSEC,SKILL_MATH,0.96946
2015,SE_NAP_ACHI,Ireland,LOWSEC,SKILL_READ,0.95869
2018,SE_NAP_ACHI,Ireland,LOWSEC,SKILL_MATH,0.97631
2018,SE_NAP_ACHI,Ireland,LOWSEC,SKILL_READ,0.96717
2019,SE_NAP_ACHI,Ireland,GRAD23,SKILL_MATH,0.94294
2000,SE_NAP_ACHI,Israel,LOWSEC,SKILL_READ,1.05013
2000,SE_NAP_ACHI,Israel,LOWSEC,SKILL_MATH,1.10885
2001,SE_NAP_ACHI,Israel,PRIMAR,SKILL_READ,1.18125
2006,SE_NAP_ACHI,Israel,LOWSEC,SKILL_MATH,0.98957
2006,SE_NAP_ACHI,Israel,LOWSEC,SKILL_READ,0.97936
2006,SE_NAP_ACHI,Israel,PRIMAR,SKILL_READ,1.05904
2009,SE_NAP_ACHI,Israel,LOWSEC,SKILL_READ,1.00357
2009,SE_NAP_ACHI,Israel,LOWSEC,SKILL_MATH,0.99936
2012,SE_NAP_ACHI,Israel,LOWSEC,SKILL_MATH,1.07371
2012,SE_NAP_ACHI,Israel,LOWSEC,SKILL_READ,1.03031
2015,SE_NAP_ACHI,Israel,LOWSEC,SKILL_READ,0.93218
2015,SE_NAP_ACHI,Israel,LOWSEC,SKILL_MATH,0.95366
2018,SE_NAP_ACHI,Israel,LOWSEC,SKILL_READ,0.98131
2018,SE_NAP_ACHI,Israel,LOWSEC,SKILL_MATH,0.96186
2000,SE_NAP_ACHI,Italy,LOWSEC,SKILL_READ,0.98628
2001,SE_NAP_ACHI,Italy,PRIMAR,SKILL_READ,1.06946
2003,SE_NAP_ACHI,Italy,PRIMAR,SKILL_MATH,1.3063
2003,SE_NAP_ACHI,Italy,LOWSEC,SKILL_MATH,1.2796
2003,SE_NAP_ACHI,Italy,LOWSEC,SKILL_READ,0.77323
2006,SE_NAP_ACHI,Italy,LOWSEC,SKILL_READ,0.7318
2006,SE_NAP_ACHI,Italy,PRIMAR,SKILL_READ,1.03159
2007,SE_NAP_ACHI,Italy,LOWSEC,SKILL_MATH,0.56711
2007,SE_NAP_ACHI,Italy,PRIMAR,SKILL_MATH,1.19459
2009,SE_NAP_ACHI,Italy,LOWSEC,SKILL_READ,0.66139
2011,SE_NAP_ACHI,Italy,LOWSEC,SKILL_MATH,0.79298
2012,SE_NAP_ACHI,Italy,LOWSEC,SKILL_READ,0.71532
2015,SE_NAP_ACHI,Italy,LOWSEC,SKILL_READ,0.79969
2015,SE_NAP_ACHI,Italy,LOWSEC,SKILL_MATH,1.23564
2015,SE_NAP_ACHI,Italy,PRIMAR,SKILL_MATH,1.41412
2018,SE_NAP_ACHI,Italy,LOWSEC,SKILL_READ,0.80248
2019,SE_NAP_ACHI,Italy,LOWSEC,SKILL_MATH,0.75143
2019,SE_NAP_ACHI,Italy,PRIMAR,SKILL_MATH,0.7424
2007,SE_NAP_ACHI,Kazakhstan,PRIMAR,SKILL_MATH,1.00556
2009,SE_NAP_ACHI,Kazakhstan,LOWSEC,SKILL_MATH,1.15336
2009,SE_NAP_ACHI,Kazakhstan,LOWSEC,SKILL_READ,1.0554
2012,SE_NAP_ACHI,Kazakhstan,LOWSEC,SKILL_READ,0.79183
2012,SE_NAP_ACHI,Kazakhstan,LOWSEC,SKILL_MATH,0.92869
2015,SE_NAP_ACHI,Kazakhstan,PRIMAR,SKILL_MATH,1.02175
2018,SE_NAP_ACHI,Kazakhstan,LOWSEC,SKILL_READ,0.83172
2018,SE_NAP_ACHI,Kazakhstan,LOWSEC,SKILL_MATH,0.89495
2019,SE_NAP_ACHI,Kazakhstan,PRIMAR,SKILL_MATH,0.81515
2003,SE_NAP_ACHI,Republic of Korea,LOWSEC,SKILL_MATH,0.22034
2006,SE_NAP_ACHI,Republic of Korea,LOWSEC,SKILL_READ,0.21155
2009,SE_NAP_ACHI,Republic of Korea,LOWSEC,SKILL_READ,0.63499
2012,SE_NAP_ACHI,Republic of Korea,LOWSEC,SKILL_READ,0.70268
2012,SE_NAP_ACHI,Republic of Korea,LOWSEC,SKILL_MATH,0.71425
2015,SE_NAP_ACHI,Republic of Korea,PRIMAR,SKILL_MATH,1.02516
2019,SE_NAP_ACHI,Republic of Korea,PRIMAR,SKILL_MATH,0.90587
2000,SE_NAP_ACHI,Latvia,LOWSEC,SKILL_READ,0.9749
2000,SE_NAP_ACHI,Latvia,LOWSEC,SKILL_MATH,0.93681
2001,SE_NAP_ACHI,Latvia,PRIMAR,SKILL_READ,1.02618
2003,SE_NAP_ACHI,Latvia,PRIMAR,SKILL_MATH,1.29557
2003,SE_NAP_ACHI,Latvia,LOWSEC,SKILL_MATH,0.99935
2003,SE_NAP_ACHI,Latvia,LOWSEC,SKILL_READ,0.95882
2006,SE_NAP_ACHI,Latvia,LOWSEC,SKILL_READ,0.92536
2006,SE_NAP_ACHI,Latvia,LOWSEC,SKILL_MATH,0.9975
2006,SE_NAP_ACHI,Latvia,PRIMAR,SKILL_READ,1.00505
2007,SE_NAP_ACHI,Latvia,PRIMAR,SKILL_MATH,1.38575
2009,SE_NAP_ACHI,Latvia,LOWSEC,SKILL_MATH,0.89876
2009,SE_NAP_ACHI,Latvia,LOWSEC,SKILL_READ,0.9175
2012,SE_NAP_ACHI,Latvia,LOWSEC,SKILL_READ,0.94684
2012,SE_NAP_ACHI,Latvia,LOWSEC,SKILL_MATH,0.96596
2015,SE_NAP_ACHI,Latvia,LOWSEC,SKILL_MATH,0.88476
2015,SE_NAP_ACHI,Latvia,LOWSEC,SKILL_READ,0.92557
2018,SE_NAP_ACHI,Latvia,LOWSEC,SKILL_READ,0.92875
2018,SE_NAP_ACHI,Latvia,LOWSEC,SKILL_MATH,0.89567
2019,SE_NAP_ACHI,Latvia,PRIMAR,SKILL_MATH,1.00626
2001,SE_NAP_ACHI,Lithuania,PRIMAR,SKILL_READ,1.0525
2003,SE_NAP_ACHI,Lithuania,PRIMAR,SKILL_MATH,1.39195
2006,SE_NAP_ACHI,Lithuania,LOWSEC,SKILL_MATH,1.06868
2006,SE_NAP_ACHI,Lithuania,PRIMAR,SKILL_READ,0.9921
2006,SE_NAP_ACHI,Lithuania,LOWSEC,SKILL_READ,0.89282
2007,SE_NAP_ACHI,Lithuania,PRIMAR,SKILL_MATH,1.52045
2009,SE_NAP_ACHI,Lithuania,LOWSEC,SKILL_MATH,0.90757
2009,SE_NAP_ACHI,Lithuania,LOWSEC,SKILL_READ,0.88269
2012,SE_NAP_ACHI,Lithuania,LOWSEC,SKILL_READ,0.87456
2012,SE_NAP_ACHI,Lithuania,LOWSEC,SKILL_MATH,0.99584
2015,SE_NAP_ACHI,Lithuania,LOWSEC,SKILL_MATH,1.02438
2015,SE_NAP_ACHI,Lithuania,PRIMAR,SKILL_MATH,0.98497
2015,SE_NAP_ACHI,Lithuania,LOWSEC,SKILL_READ,0.9856
2018,SE_NAP_ACHI,Lithuania,LOWSEC,SKILL_READ,0.89442
2018,SE_NAP_ACHI,Lithuania,LOWSEC,SKILL_MATH,0.96911
2019,SE_NAP_ACHI,Lithuania,PRIMAR,SKILL_MATH,1.02712
2000,SE_NAP_ACHI,Luxembourg,LOWSEC,SKILL_MATH,0.66826
2000,SE_NAP_ACHI,Luxembourg,LOWSEC,SKILL_READ,0.62344
2003,SE_NAP_ACHI,Luxembourg,LOWSEC,SKILL_MATH,0.82167
2003,SE_NAP_ACHI,Luxembourg,LOWSEC,SKILL_READ,0.74298
2006,SE_NAP_ACHI,Luxembourg,LOWSEC,SKILL_MATH,0.76828
2006,SE_NAP_ACHI,Luxembourg,PRIMAR,SKILL_READ,1.01382
2006,SE_NAP_ACHI,Luxembourg,LOWSEC,SKILL_READ,0.72061
2009,SE_NAP_ACHI,Luxembourg,LOWSEC,SKILL_READ,0.75545
2009,SE_NAP_ACHI,Luxembourg,LOWSEC,SKILL_MATH,0.77913
2012,SE_NAP_ACHI,Luxembourg,LOWSEC,SKILL_MATH,0.80083
2012,SE_NAP_ACHI,Luxembourg,LOWSEC,SKILL_READ,0.81749
2015,SE_NAP_ACHI,Luxembourg,LOWSEC,SKILL_MATH,0.82272
2015,SE_NAP_ACHI,Luxembourg,LOWSEC,SKILL_READ,0.82265
2018,SE_NAP_ACHI,Luxembourg,LOWSEC,SKILL_MATH,0.83954
2018,SE_NAP_ACHI,Luxembourg,LOWSEC,SKILL_READ,0.8046
2009,SE_NAP_ACHI,Malta,LOWSEC,SKILL_READ,1.04428
2015,SE_NAP_ACHI,Malta,LOWSEC,SKILL_READ,1.04843
2018,SE_NAP_ACHI,Malta,LOWSEC,SKILL_READ,0.98645
2019,SE_NAP_ACHI,Malta,PRIMAR,SKILL_MATH,0.9777
2000,SE_NAP_ACHI,Mexico,LOWSEC,SKILL_READ,0.49135
2000,SE_NAP_ACHI,Mexico,LOWSEC,SKILL_MATH,0.45675
2003,SE_NAP_ACHI,Mexico,LOWSEC,SKILL_MATH,0.13436
2003,SE_NAP_ACHI,Mexico,LOWSEC,SKILL_READ,0.28874
2006,SE_NAP_ACHI,Mexico,LOWSEC,SKILL_READ,0.18824
2006,SE_NAP_ACHI,Mexico,LOWSEC,SKILL_MATH,0.19667
2009,SE_NAP_ACHI,Mexico,LOWSEC,SKILL_READ,0.28756
2009,SE_NAP_ACHI,Mexico,LOWSEC,SKILL_MATH,0.24096
2012,SE_NAP_ACHI,Mexico,LOWSEC,SKILL_READ,0.35484
2012,SE_NAP_ACHI,Mexico,LOWSEC,SKILL_MATH,0.26507
2015,SE_NAP_ACHI,Mexico,LOWSEC,SKILL_MATH,0.17156
2015,SE_NAP_ACHI,Mexico,LOWSEC,SKILL_READ,0.29743
2018,SE_NAP_ACHI,Mexico,LOWSEC,SKILL_READ,0.27324
2018,SE_NAP_ACHI,Mexico,LOWSEC,SKILL_MATH,0.24413
2001,SE_NAP_ACHI,Moldova,PRIMAR,SKILL_READ,1.07208
2003,SE_NAP_ACHI,Moldova,PRIMAR,SKILL_MATH,1.23639
2006,SE_NAP_ACHI,Moldova,PRIMAR,SKILL_READ,1.02299
2009,SE_NAP_ACHI,Moldova,LOWSEC,SKILL_MATH,1.42138
2009,SE_NAP_ACHI,Moldova,LOWSEC,SKILL_READ,1.35859
2015,SE_NAP_ACHI,Moldova,LOWSEC,SKILL_READ,1.0143
2015,SE_NAP_ACHI,Moldova,LOWSEC,SKILL_MATH,1.06224
2018,SE_NAP_ACHI,Moldova,LOWSEC,SKILL_MATH,1.06647
2018,SE_NAP_ACHI,Moldova,LOWSEC,SKILL_READ,1.01229
2015,SE_NAP_ACHI,Montenegro,LOWSEC,SKILL_MATH,1.1583
2015,SE_NAP_ACHI,Montenegro,LOWSEC,SKILL_READ,1.134
2018,SE_NAP_ACHI,Montenegro,LOWSEC,SKILL_READ,1.06688
2018,SE_NAP_ACHI,Montenegro,LOWSEC,SKILL_MATH,1.04531
2019,SE_NAP_ACHI,Montenegro,PRIMAR,SKILL_MATH,1.07095
2000,SE_NAP_ACHI,Netherlands (Kingdom of the),LOWSEC,SKILL_READ,0.85616
2000,SE_NAP_ACHI,Netherlands (Kingdom of the),LOWSEC,SKILL_MATH,0.82402
2001,SE_NAP_ACHI,Netherlands (Kingdom of the),PRIMAR,SKILL_READ,1.00955
2003,SE_NAP_ACHI,Netherlands (Kingdom of the),LOWSEC,SKILL_MATH,0.82565
2003,SE_NAP_ACHI,Netherlands (Kingdom of the),PRIMAR,SKILL_MATH,1.18069
2003,SE_NAP_ACHI,Netherlands (Kingdom of the),LOWSEC,SKILL_READ,0.84906
2006,SE_NAP_ACHI,Netherlands (Kingdom of the),LOWSEC,SKILL_READ,0.76387
2006,SE_NAP_ACHI,Netherlands (Kingdom of the),LOWSEC,SKILL_MATH,0.79157
2006,SE_NAP_ACHI,Netherlands (Kingdom of the),PRIMAR,SKILL_READ,1.01145
2007,SE_NAP_ACHI,Netherlands (Kingdom of the),PRIMAR,SKILL_MATH,1.19677
2009,SE_NAP_ACHI,Netherlands (Kingdom of the),LOWSEC,SKILL_MATH,0.82447
2009,SE_NAP_ACHI,Netherlands (Kingdom of the),LOWSEC,SKILL_READ,0.88941
2012,SE_NAP_ACHI,Netherlands (Kingdom of the),LOWSEC,SKILL_READ,0.82831
2012,SE_NAP_ACHI,Netherlands (Kingdom of the),LOWSEC,SKILL_MATH,0.81225
2015,SE_NAP_ACHI,Netherlands (Kingdom of the),PRIMAR,SKILL_MATH,1.06875
2015,SE_NAP_ACHI,Netherlands (Kingdom of the),LOWSEC,SKILL_READ,0.83725
2015,SE_NAP_ACHI,Netherlands (Kingdom of the),LOWSEC,SKILL_MATH,0.81814
2018,SE_NAP_ACHI,Netherlands (Kingdom of the),LOWSEC,SKILL_READ,0.70229
2018,SE_NAP_ACHI,Netherlands (Kingdom of the),LOWSEC,SKILL_MATH,0.76534
2019,SE_NAP_ACHI,Netherlands (Kingdom of the),PRIMAR,SKILL_MATH,0.83971
2000,SE_NAP_ACHI,New Zealand,LOWSEC,SKILL_MATH,0.97626
2000,SE_NAP_ACHI,New Zealand,LOWSEC,SKILL_READ,0.96247
2001,SE_NAP_ACHI,New Zealand,PRIMAR,SKILL_READ,1.04411
2003,SE_NAP_ACHI,New Zealand,PRIMAR,SKILL_MATH,1.01387
2003,SE_NAP_ACHI,New Zealand,LOWSEC,SKILL_READ,0.92158
2003,SE_NAP_ACHI,New Zealand,LOWSEC,SKILL_MATH,0.94181
2006,SE_NAP_ACHI,New Zealand,LOWSEC,SKILL_READ,0.93019
2006,SE_NAP_ACHI,New Zealand,LOWSEC,SKILL_MATH,0.96768
2006,SE_NAP_ACHI,New Zealand,PRIMAR,SKILL_READ,0.98947
2007,SE_NAP_ACHI,New Zealand,PRIMAR,SKILL_MATH,1.30327
2009,SE_NAP_ACHI,New Zealand,LOWSEC,SKILL_MATH,0.93484
2009,SE_NAP_ACHI,New Zealand,LOWSEC,SKILL_READ,0.94469
2012,SE_NAP_ACHI,New Zealand,LOWSEC,SKILL_MATH,0.95095
2012,SE_NAP_ACHI,New Zealand,LOWSEC,SKILL_READ,0.94053
2015,SE_NAP_ACHI,New Zealand,LOWSEC,SKILL_MATH,0.98743
2015,SE_NAP_ACHI,New Zealand,PRIMAR,SKILL_MATH,0.97462
2015,SE_NAP_ACHI,New Zealand,LOWSEC,SKILL_READ,0.97045
2018,SE_NAP_ACHI,New Zealand,LOWSEC,SKILL_READ,0.97755
2018,SE_NAP_ACHI,New Zealand,LOWSEC,SKILL_MATH,1.00901
2019,SE_NAP_ACHI,New Zealand,PRIMAR,SKILL_MATH,1.08168
2000,SE_NAP_ACHI,Norway,LOWSEC,SKILL_MATH,0.88603
2000,SE_NAP_ACHI,Norway,LOWSEC,SKILL_READ,0.91515
2001,SE_NAP_ACHI,Norway,GRAD23,SKILL_READ,1.14405
2003,SE_NAP_ACHI,Norway,LOWSEC,SKILL_MATH,0.72898
2003,SE_NAP_ACHI,Norway,PRIMAR,SKILL_MATH,1.40781
2003,SE_NAP_ACHI,Norway,LOWSEC,SKILL_READ,0.74679
2003,SE_NAP_ACHI,Norway,GRAD23,SKILL_MATH,1.4347
2006,SE_NAP_ACHI,Norway,LOWSEC,SKILL_MATH,0.68817
2006,SE_NAP_ACHI,Norway,GRAD23,SKILL_READ,1.1131
2006,SE_NAP_ACHI,Norway,LOWSEC,SKILL_READ,0.74537
2007,SE_NAP_ACHI,Norway,GRAD23,SKILL_MATH,1.34183
2007,SE_NAP_ACHI,Norway,PRIMAR,SKILL_MATH,0.45342
2009,SE_NAP_ACHI,Norway,LOWSEC,SKILL_READ,0.80367
2009,SE_NAP_ACHI,Norway,LOWSEC,SKILL_MATH,0.75236
2011,SE_NAP_ACHI,Norway,PRIMAR,SKILL_MATH,0.73743
2012,SE_NAP_ACHI,Norway,LOWSEC,SKILL_MATH,0.73364
2012,SE_NAP_ACHI,Norway,LOWSEC,SKILL_READ,0.82163
2015,SE_NAP_ACHI,Norway,LOWSEC,SKILL_READ,0.86748
2015,SE_NAP_ACHI,Norway,LOWSEC,SKILL_MATH,0.82267
2015,SE_NAP_ACHI,Norway,PRIMAR,SKILL_MATH,1.28841
2018,SE_NAP_ACHI,Norway,LOWSEC,SKILL_MATH,0.82167
2018,SE_NAP_ACHI,Norway,LOWSEC,SKILL_READ,0.81189
2019,SE_NAP_ACHI,Norway,GRAD23,SKILL_MATH,0.89556
2019,SE_NAP_ACHI,Norway,PRIMAR,SKILL_MATH,0.79084
2000,SE_NAP_ACHI,Poland,LOWSEC,SKILL_READ,0.82596
2000,SE_NAP_ACHI,Poland,LOWSEC,SKILL_MATH,0.80803
2006,SE_NAP_ACHI,Poland,LOWSEC,SKILL_READ,0.79957
2006,SE_NAP_ACHI,Poland,PRIMAR,SKILL_READ,0.99904
2006,SE_NAP_ACHI,Poland,LOWSEC,SKILL_MATH,0.88267
2012,SE_NAP_ACHI,Poland,LOWSEC,SKILL_MATH,0.87928
2012,SE_NAP_ACHI,Poland,LOWSEC,SKILL_READ,0.78415
2019,SE_NAP_ACHI,Poland,PRIMAR,SKILL_MATH,0.95844
2000,SE_NAP_ACHI,Portugal,LOWSEC,SKILL_MATH,1.0632
2000,SE_NAP_ACHI,Portugal,LOWSEC,SKILL_READ,1.03275
2003,SE_NAP_ACHI,Portugal,LOWSEC,SKILL_READ,0.72212
2003,SE_NAP_ACHI,Portugal,LOWSEC,SKILL_MATH,0.57879
2006,SE_NAP_ACHI,Portugal,LOWSEC,SKILL_MATH,0.6552
2006,SE_NAP_ACHI,Portugal,LOWSEC,SKILL_READ,0.72991
2009,SE_NAP_ACHI,Portugal,LOWSEC,SKILL_READ,0.90185
2009,SE_NAP_ACHI,Portugal,LOWSEC,SKILL_MATH,0.82165
2012,SE_NAP_ACHI,Portugal,LOWSEC,SKILL_MATH,0.74258
2012,SE_NAP_ACHI,Portugal,LOWSEC,SKILL_READ,0.81374
2015,SE_NAP_ACHI,Portugal,LOWSEC,SKILL_MATH,0.86883
2015,SE_NAP_ACHI,Portugal,PRIMAR,SKILL_MATH,1.12969
2015,SE_NAP_ACHI,Portugal,LOWSEC,SKILL_READ,0.99111
2018,SE_NAP_ACHI,Portugal,LOWSEC,SKILL_MATH,0.76826
2018,SE_NAP_ACHI,Portugal,LOWSEC,SKILL_READ,0.87116
2019,SE_NAP_ACHI,Portugal,PRIMAR,SKILL_MATH,0.85332
2000,SE_NAP_ACHI,Romania,LOWSEC,SKILL_MATH,0.93828
2000,SE_NAP_ACHI,Romania,LOWSEC,SKILL_READ,0.64965
2001,SE_NAP_ACHI,Romania,PRIMAR,SKILL_READ,1.18923
2006,SE_NAP_ACHI,Romania,PRIMAR,SKILL_READ,1.08106
2006,SE_NAP_ACHI,Romania,LOWSEC,SKILL_READ,1.50479
2006,SE_NAP_ACHI,Romania,LOWSEC,SKILL_MATH,1.27546
2009,SE_NAP_ACHI,Romania,LOWSEC,SKILL_MATH,0.72037
2009,SE_NAP_ACHI,Romania,LOWSEC,SKILL_READ,0.77648
2012,SE_NAP_ACHI,Romania,LOWSEC,SKILL_READ,1.06996
2012,SE_NAP_ACHI,Romania,LOWSEC,SKILL_MATH,1.32429
2003,SE_NAP_ACHI,Serbia,LOWSEC,SKILL_MATH,1.03391
2003,SE_NAP_ACHI,Serbia,LOWSEC,SKILL_READ,1.08003
2006,SE_NAP_ACHI,Serbia,LOWSEC,SKILL_READ,1.07585
2006,SE_NAP_ACHI,Serbia,LOWSEC,SKILL_MATH,1.09219
2009,SE_NAP_ACHI,Serbia,LOWSEC,SKILL_MATH,1.06375
2009,SE_NAP_ACHI,Serbia,LOWSEC,SKILL_READ,1.07501
2012,SE_NAP_ACHI,Serbia,LOWSEC,SKILL_READ,1.11827
2012,SE_NAP_ACHI,Serbia,LOWSEC,SKILL_MATH,1.07957
2015,SE_NAP_ACHI,Serbia,PRIMAR,SKILL_MATH,1.13364
2018,SE_NAP_ACHI,Serbia,LOWSEC,SKILL_MATH,1.01669
2018,SE_NAP_ACHI,Serbia,LOWSEC,SKILL_READ,1.04593
2019,SE_NAP_ACHI,Serbia,PRIMAR,SKILL_MATH,0.82164
2001,SE_NAP_ACHI,Slovakia,PRIMAR,SKILL_READ,1.06509
2003,SE_NAP_ACHI,Slovakia,LOWSEC,SKILL_READ,0.79608
2003,SE_NAP_ACHI,Slovakia,LOWSEC,SKILL_MATH,0.74975
2006,SE_NAP_ACHI,Slovakia,LOWSEC,SKILL_MATH,0.89604
2006,SE_NAP_ACHI,Slovakia,LOWSEC,SKILL_READ,0.82132
2006,SE_NAP_ACHI,Slovakia,PRIMAR,SKILL_READ,1.20905
2009,SE_NAP_ACHI,Slovakia,LOWSEC,SKILL_MATH,0.98727
2009,SE_NAP_ACHI,Slovakia,LOWSEC,SKILL_READ,0.98032
2012,SE_NAP_ACHI,Slovakia,LOWSEC,SKILL_READ,1.00659
2012,SE_NAP_ACHI,Slovakia,LOWSEC,SKILL_MATH,0.93319
2015,SE_NAP_ACHI,Slovakia,LOWSEC,SKILL_MATH,0.62351
2015,SE_NAP_ACHI,Slovakia,LOWSEC,SKILL_READ,0.54696
2018,SE_NAP_ACHI,Slovakia,LOWSEC,SKILL_READ,0.70101
2018,SE_NAP_ACHI,Slovakia,LOWSEC,SKILL_MATH,0.67584
2019,SE_NAP_ACHI,Slovakia,PRIMAR,SKILL_MATH,1.00501
2001,SE_NAP_ACHI,Slovenia,PRIMAR,SKILL_READ,1.11083
2003,SE_NAP_ACHI,Slovenia,PRIMAR,SKILL_MATH,1.49111
2006,SE_NAP_ACHI,Slovenia,LOWSEC,SKILL_MATH,0.88343
2006,SE_NAP_ACHI,Slovenia,LOWSEC,SKILL_READ,0.92099
2006,SE_NAP_ACHI,Slovenia,PRIMAR,SKILL_READ,1.13689
2007,SE_NAP_ACHI,Slovenia,PRIMAR,SKILL_MATH,1.39651
2009,SE_NAP_ACHI,Slovenia,LOWSEC,SKILL_READ,0.80829
2009,SE_NAP_ACHI,Slovenia,LOWSEC,SKILL_MATH,0.79159
2012,SE_NAP_ACHI,Slovenia,LOWSEC,SKILL_MATH,0.76928
2012,SE_NAP_ACHI,Slovenia,LOWSEC,SKILL_READ,0.80515
2015,SE_NAP_ACHI,Slovenia,LOWSEC,SKILL_READ,0.82537
2015,SE_NAP_ACHI,Slovenia,LOWSEC,SKILL_MATH,0.77259
2015,SE_NAP_ACHI,Slovenia,PRIMAR,SKILL_MATH,1.3296
2018,SE_NAP_ACHI,Slovenia,LOWSEC,SKILL_MATH,0.694
2018,SE_NAP_ACHI,Slovenia,LOWSEC,SKILL_READ,0.76166
2000,SE_NAP_ACHI,Spain,LOWSEC,SKILL_READ,0.8918
2000,SE_NAP_ACHI,Spain,LOWSEC,SKILL_MATH,0.92948
2003,SE_NAP_ACHI,Spain,LOWSEC,SKILL_MATH,0.73888
2003,SE_NAP_ACHI,Spain,LOWSEC,SKILL_READ,0.81256
2006,SE_NAP_ACHI,Spain,LOWSEC,SKILL_READ,0.71937
2006,SE_NAP_ACHI,Spain,LOWSEC,SKILL_MATH,0.67144
2006,SE_NAP_ACHI,Spain,PRIMAR,SKILL_READ,1.07362
2009,SE_NAP_ACHI,Spain,LOWSEC,SKILL_MATH,0.69
2009,SE_NAP_ACHI,Spain,LOWSEC,SKILL_READ,0.74092
2012,SE_NAP_ACHI,Spain,LOWSEC,SKILL_READ,0.80323
2012,SE_NAP_ACHI,Spain,LOWSEC,SKILL_MATH,0.72161
2015,SE_NAP_ACHI,Spain,LOWSEC,SKILL_MATH,0.77928
2015,SE_NAP_ACHI,Spain,PRIMAR,SKILL_MATH,1.18308
2015,SE_NAP_ACHI,Spain,LOWSEC,SKILL_READ,0.82786
2018,SE_NAP_ACHI,Spain,LOWSEC,SKILL_MATH,0.79765
2019,SE_NAP_ACHI,Spain,PRIMAR,SKILL_MATH,0.72141
2000,SE_NAP_ACHI,Sweden,LOWSEC,SKILL_MATH,0.8479
2000,SE_NAP_ACHI,Sweden,LOWSEC,SKILL_READ,0.90748
2001,SE_NAP_ACHI,Sweden,PRIMAR,SKILL_READ,1.03878
2003,SE_NAP_ACHI,Sweden,LOWSEC,SKILL_MATH,0.74784
2003,SE_NAP_ACHI,Sweden,LOWSEC,SKILL_READ,0.81668
2006,SE_NAP_ACHI,Sweden,LOWSEC,SKILL_READ,0.85273
2006,SE_NAP_ACHI,Sweden,PRIMAR,SKILL_READ,1.07302
2006,SE_NAP_ACHI,Sweden,LOWSEC,SKILL_MATH,0.76949
2007,SE_NAP_ACHI,Sweden,PRIMAR,SKILL_MATH,1.32652
2009,SE_NAP_ACHI,Sweden,LOWSEC,SKILL_MATH,0.69961
2009,SE_NAP_ACHI,Sweden,LOWSEC,SKILL_READ,0.74807
2012,SE_NAP_ACHI,Sweden,LOWSEC,SKILL_READ,0.73152
2012,SE_NAP_ACHI,Sweden,LOWSEC,SKILL_MATH,0.67797
2015,SE_NAP_ACHI,Sweden,LOWSEC,SKILL_READ,0.78785
2015,SE_NAP_ACHI,Sweden,LOWSEC,SKILL_MATH,0.71778
2015,SE_NAP_ACHI,Sweden,PRIMAR,SKILL_MATH,1.28795
2018,SE_NAP_ACHI,Sweden,LOWSEC,SKILL_READ,0.70829
2018,SE_NAP_ACHI,Sweden,LOWSEC,SKILL_MATH,0.7037
2019,SE_NAP_ACHI,Sweden,PRIMAR,SKILL_MATH,0.76153
2015,SE_NAP_ACHI,Switzerland,LOWSEC,SKILL_MATH,0.82881
2015,SE_NAP_ACHI,Switzerland,LOWSEC,SKILL_READ,0.81136
2018,SE_NAP_ACHI,Switzerland,LOWSEC,SKILL_READ,0.79349
2018,SE_NAP_ACHI,Switzerland,LOWSEC,SKILL_MATH,0.83934
2009,SE_NAP_ACHI,United Arab Emirates,LOWSEC,SKILL_READ,1.36165
2011,SE_NAP_ACHI,United Arab Emirates,LOWSEC,SKILL_MATH,1.38476
2012,SE_NAP_ACHI,United Arab Emirates,LOWSEC,SKILL_READ,1.31286
2015,SE_NAP_ACHI,United Arab Emirates,LOWSEC,SKILL_READ,1.39912
2015,SE_NAP_ACHI,United Arab Emirates,LOWSEC,SKILL_MATH,0.52399
2015,SE_NAP_ACHI,United Arab Emirates,PRIMAR,SKILL_MATH,0.54329
2018,SE_NAP_ACHI,United Arab Emirates,LOWSEC,SKILL_READ,1.45011
2019,SE_NAP_ACHI,United Arab Emirates,LOWSEC,SKILL_MATH,1.45304
2019,SE_NAP_ACHI,United Arab Emirates,PRIMAR,SKILL_MATH,1.3491
2001,SE_NAP_ACHI,Türkiye,PRIMAR,SKILL_READ,1.25322
2003,SE_NAP_ACHI,Türkiye,LOWSEC,SKILL_READ,1.12104
2006,SE_NAP_ACHI,Türkiye,LOWSEC,SKILL_READ,0.92478
2007,SE_NAP_ACHI,Türkiye,LOWSEC,SKILL_MATH,0.46513
2009,SE_NAP_ACHI,Türkiye,LOWSEC,SKILL_READ,1.06716
2011,SE_NAP_ACHI,Türkiye,LOWSEC,SKILL_MATH,0.87771
2012,SE_NAP_ACHI,Türkiye,LOWSEC,SKILL_READ,0.81888
2015,SE_NAP_ACHI,Türkiye,LOWSEC,SKILL_READ,0.79859
2015,SE_NAP_ACHI,Türkiye,LOWSEC,SKILL_MATH,1.21662
2015,SE_NAP_ACHI,Türkiye,PRIMAR,SKILL_MATH,1.57172
2018,SE_NAP_ACHI,Türkiye,LOWSEC,SKILL_READ,0.99535
2019,SE_NAP_ACHI,Türkiye,PRIMAR,SKILL_MATH,0.50421
2019,SE_NAP_ACHI,Türkiye,LOWSEC,SKILL_MATH,0.68026
2007,SE_NAP_ACHI,Ukraine,PRIMAR,SKILL_MATH,1.54538
2018,SE_NAP_ACHI,Ukraine,LOWSEC,SKILL_READ,0.92055
2000,SE_NAP_ACHI,North Macedonia,LOWSEC,SKILL_MATH,0.8017
2000,SE_NAP_ACHI,North Macedonia,LOWSEC,SKILL_READ,0.75315
2001,SE_NAP_ACHI,North Macedonia,PRIMAR,SKILL_READ,1.20525
2006,SE_NAP_ACHI,North Macedonia,PRIMAR,SKILL_READ,1.38295
2015,SE_NAP_ACHI,North Macedonia,LOWSEC,SKILL_MATH,0.54149
2015,SE_NAP_ACHI,North Macedonia,LOWSEC,SKILL_READ,0.59278
2018,SE_NAP_ACHI,North Macedonia,LOWSEC,SKILL_READ,0.74108
2018,SE_NAP_ACHI,North Macedonia,LOWSEC,SKILL_MATH,0.76197
2019,SE_NAP_ACHI,North Macedonia,PRIMAR,SKILL_MATH,0.80846
2015,SE_NAP_ACHI,United Kingdom of Great Britain and Northern Ireland,LOWSEC,SKILL_MATH,0.93266
2015,SE_NAP_ACHI,United Kingdom of Great Britain and Northern Ireland,LOWSEC,SKILL_READ,0.95427
2018,SE_NAP_ACHI,United Kingdom of Great Britain and Northern Ireland,LOWSEC,SKILL_READ,0.93279
2018,SE_NAP_ACHI,United Kingdom of Great Britain and Northern Ireland,LOWSEC,SKILL_MATH,0.95262
2019,SE_NAP_ACHI,United Kingdom of Great Britain and Northern Ireland,PRIMAR,SKILL_MATH,0.9373
2019,SE_NAP_ACHI,United Kingdom of Great Britain and Northern Ireland,PRIMAR,SKILL_MATH,0.9373
