Year,SeriesCode,GeoAreaName,Type of product,Value
2005,TM_TAX_WMFN,Australia,AGR,3.08373
2005,TM_TAX_WMFN,Australia,ARM,0.63818
2005,TM_TAX_WMFN,Australia,CLO,16.93186
2005,TM_TAX_WMFN,Australia,TEX,7.21214
2005,TM_TAX_WMFN,Australia,IND,3.24447
2005,TM_TAX_WMFN,Australia,OIL,0.0
2005,TM_TAX_WMFN,Australia,ALP,3.42638
2010,TM_TAX_WMFN,Australia,TEX,7.48626
2010,TM_TAX_WMFN,Australia,IND,3.34445
2010,TM_TAX_WMFN,Australia,OIL,0.0
2010,TM_TAX_WMFN,Australia,CLO,16.92437
2010,TM_TAX_WMFN,Australia,ARM,0.65797
2010,TM_TAX_WMFN,Australia,AGR,2.85492
2010,TM_TAX_WMFN,Australia,ALP,3.45407
2015,TM_TAX_WMFN,Australia,CLO,4.87951
2015,TM_TAX_WMFN,Australia,ARM,1.09138
2015,TM_TAX_WMFN,Australia,TEX,4.47742
2015,TM_TAX_WMFN,Australia,OIL,0.0
2015,TM_TAX_WMFN,Australia,IND,2.7949
2015,TM_TAX_WMFN,Australia,ALP,2.77752
2015,TM_TAX_WMFN,Australia,AGR,2.62496
2016,TM_TAX_WMFN,Australia,TEX,4.47742
2016,TM_TAX_WMFN,Australia,OIL,0.0
2016,TM_TAX_WMFN,Australia,IND,2.79506
2016,TM_TAX_WMFN,Australia,ARM,1.09138
2016,TM_TAX_WMFN,Australia,CLO,4.87951
2016,TM_TAX_WMFN,Australia,AGR,2.6162
2016,TM_TAX_WMFN,Australia,ALP,2.77709
2017,TM_TAX_WMFN,Australia,OIL,0.0
2017,TM_TAX_WMFN,Australia,TEX,4.48281
2017,TM_TAX_WMFN,Australia,IND,2.70501
2017,TM_TAX_WMFN,Australia,CLO,4.87907
2017,TM_TAX_WMFN,Australia,ALP,2.70252
2017,TM_TAX_WMFN,Australia,AGR,2.65165
2017,TM_TAX_WMFN,Australia,ARM,0.84451
2018,TM_TAX_WMFN,Australia,IND,2.60476
2018,TM_TAX_WMFN,Australia,TEX,4.48281
2018,TM_TAX_WMFN,Australia,OIL,0.0
2018,TM_TAX_WMFN,Australia,CLO,4.87903
2018,TM_TAX_WMFN,Australia,AGR,2.64249
2018,TM_TAX_WMFN,Australia,ALP,2.61711
2018,TM_TAX_WMFN,Australia,ARM,0.84451
2019,TM_TAX_WMFN,Australia,OIL,0.0
2019,TM_TAX_WMFN,Australia,TEX,4.49515
2019,TM_TAX_WMFN,Australia,IND,2.55665
2019,TM_TAX_WMFN,Australia,ARM,0.53754
2019,TM_TAX_WMFN,Australia,ALP,2.56191
2019,TM_TAX_WMFN,Australia,AGR,2.61214
2019,TM_TAX_WMFN,Australia,CLO,4.88075
2020,TM_TAX_WMFN,Australia,IND,2.58302
2020,TM_TAX_WMFN,Australia,OIL,0.0
2020,TM_TAX_WMFN,Australia,TEX,4.62769
2020,TM_TAX_WMFN,Australia,CLO,4.8942
2020,TM_TAX_WMFN,Australia,ARM,0.97454
2020,TM_TAX_WMFN,Australia,ALP,2.6524
2005,TM_TAX_WMFN,Albania,CLO,15.0
2005,TM_TAX_WMFN,Albania,ARM,14.98984
2005,TM_TAX_WMFN,Albania,AGR,7.31967
2005,TM_TAX_WMFN,Albania,IND,3.46099
2005,TM_TAX_WMFN,Albania,ALP,5.08071
2005,TM_TAX_WMFN,Albania,TEX,9.68126
2010,TM_TAX_WMFN,Albania,AGR,7.3329
2010,TM_TAX_WMFN,Albania,CLO,15.0
2010,TM_TAX_WMFN,Albania,ARM,15.0
2010,TM_TAX_WMFN,Albania,OIL,10.0
2010,TM_TAX_WMFN,Albania,TEX,9.42484
2020,TM_TAX_WMFN,Australia,AGR,2.62182
2021,TM_TAX_WMFN,Australia,IND,2.61597
2021,TM_TAX_WMFN,Australia,TEX,4.5071
2021,TM_TAX_WMFN,Australia,AGR,2.84358
2021,TM_TAX_WMFN,Australia,ALP,2.67565
2021,TM_TAX_WMFN,Australia,ARM,0.95937
2021,TM_TAX_WMFN,Australia,CLO,4.89079
2021,TM_TAX_WMFN,Australia,OIL,0.0
2005,TM_TAX_WMFN,Armenia,TEX,3.31678
2005,TM_TAX_WMFN,Armenia,IND,1.16934
2005,TM_TAX_WMFN,Armenia,CLO,9.87845
2005,TM_TAX_WMFN,Armenia,AGR,7.24641
2005,TM_TAX_WMFN,Armenia,ALP,2.49034
2010,TM_TAX_WMFN,Armenia,ALP,3.18465
2010,TM_TAX_WMFN,Armenia,AGR,6.53556
2010,TM_TAX_WMFN,Armenia,TEX,3.71589
2010,TM_TAX_WMFN,Armenia,IND,1.99903
2010,TM_TAX_WMFN,Armenia,CLO,9.76941
2015,TM_TAX_WMFN,Armenia,CLO,9.97441
2015,TM_TAX_WMFN,Armenia,IND,3.6978
2015,TM_TAX_WMFN,Armenia,TEX,6.24799
2015,TM_TAX_WMFN,Armenia,ALP,4.89951
2005,TM_TAX_WMFN,Costa Rica,ALP,3.81695
2005,TM_TAX_WMFN,Costa Rica,AGR,10.91573
2005,TM_TAX_WMFN,Costa Rica,IND,2.65868
2005,TM_TAX_WMFN,Costa Rica,CLO,14.98691
2005,TM_TAX_WMFN,Costa Rica,OIL,0.0
2005,TM_TAX_WMFN,Costa Rica,ARM,14.93868
2005,TM_TAX_WMFN,Costa Rica,TEX,8.23073
2010,TM_TAX_WMFN,Costa Rica,TEX,7.21855
2010,TM_TAX_WMFN,Costa Rica,ARM,13.98503
2010,TM_TAX_WMFN,Costa Rica,OIL,0.0
2010,TM_TAX_WMFN,Costa Rica,CLO,13.96528
2010,TM_TAX_WMFN,Costa Rica,IND,2.49085
2010,TM_TAX_WMFN,Costa Rica,AGR,9.61511
2010,TM_TAX_WMFN,Costa Rica,ALP,3.38665
2015,TM_TAX_WMFN,Costa Rica,AGR,11.19676
2015,TM_TAX_WMFN,Costa Rica,IND,3.37909
2015,TM_TAX_WMFN,Costa Rica,CLO,13.96227
2015,TM_TAX_WMFN,Costa Rica,OIL,0.0
2015,TM_TAX_WMFN,Costa Rica,ARM,14.0
2015,TM_TAX_WMFN,Costa Rica,TEX,7.97441
2015,TM_TAX_WMFN,Costa Rica,ALP,4.55575
2016,TM_TAX_WMFN,Costa Rica,TEX,7.97441
2016,TM_TAX_WMFN,Costa Rica,ARM,14.0
2016,TM_TAX_WMFN,Costa Rica,OIL,0.0
2016,TM_TAX_WMFN,Costa Rica,CLO,13.96227
2016,TM_TAX_WMFN,Costa Rica,IND,3.37239
2016,TM_TAX_WMFN,Costa Rica,AGR,11.14162
2016,TM_TAX_WMFN,Costa Rica,ALP,4.54388
2017,TM_TAX_WMFN,Costa Rica,OIL,0.0
2017,TM_TAX_WMFN,Costa Rica,IND,3.59086
2017,TM_TAX_WMFN,Costa Rica,ARM,14.0
2017,TM_TAX_WMFN,Costa Rica,CLO,13.9639
2017,TM_TAX_WMFN,Costa Rica,TEX,8.21617
2015,TM_TAX_WMFN,Armenia,AGR,7.55242
2016,TM_TAX_WMFN,Armenia,AGR,5.74143
2016,TM_TAX_WMFN,Armenia,ALP,3.26286
2016,TM_TAX_WMFN,Armenia,IND,2.46659
2016,TM_TAX_WMFN,Armenia,TEX,4.05204
2016,TM_TAX_WMFN,Armenia,CLO,6.74882
2017,TM_TAX_WMFN,Armenia,CLO,6.96545
2017,TM_TAX_WMFN,Armenia,ALP,3.09281
2017,TM_TAX_WMFN,Armenia,TEX,5.11502
2017,TM_TAX_WMFN,Armenia,IND,2.06127
2017,TM_TAX_WMFN,Armenia,AGR,6.21505
2017,TM_TAX_WMFN,Costa Rica,ALP,4.95577
2017,TM_TAX_WMFN,Costa Rica,AGR,12.71699
2019,TM_TAX_WMFN,Costa Rica,TEX,8.5653
2019,TM_TAX_WMFN,Costa Rica,CLO,13.96526
2019,TM_TAX_WMFN,Costa Rica,ARM,14.0
2019,TM_TAX_WMFN,Costa Rica,IND,3.4903
2019,TM_TAX_WMFN,Costa Rica,OIL,0.0
2019,TM_TAX_WMFN,Costa Rica,AGR,12.76998
2019,TM_TAX_WMFN,Costa Rica,ALP,4.9272
2020,TM_TAX_WMFN,Costa Rica,IND,3.58423
2020,TM_TAX_WMFN,Costa Rica,ARM,14.0
2018,TM_TAX_WMFN,Armenia,AGR,9.71299
2018,TM_TAX_WMFN,Armenia,IND,3.79063
2018,TM_TAX_WMFN,Armenia,TEX,7.11821
2018,TM_TAX_WMFN,Armenia,ALP,5.14403
2018,TM_TAX_WMFN,Armenia,CLO,8.26582
2019,TM_TAX_WMFN,Armenia,CLO,8.82286
2019,TM_TAX_WMFN,Armenia,TEX,6.79576
2019,TM_TAX_WMFN,Armenia,ALP,4.38549
2019,TM_TAX_WMFN,Armenia,IND,3.44225
2019,TM_TAX_WMFN,Armenia,AGR,7.3885
2020,TM_TAX_WMFN,Armenia,AGR,5.47629
2005,TM_TAX_WMFN,Mexico,TEX,16.1176
2005,TM_TAX_WMFN,Mexico,ARM,15.05088
2005,TM_TAX_WMFN,Mexico,AGR,33.31672
2005,TM_TAX_WMFN,Mexico,ALP,12.87567
2005,TM_TAX_WMFN,Mexico,IND,10.94364
2005,TM_TAX_WMFN,Mexico,CLO,35.0
2010,TM_TAX_WMFN,Mexico,CLO,35.0
2010,TM_TAX_WMFN,Mexico,AGR,39.50415
2010,TM_TAX_WMFN,Mexico,ALP,13.57225
2010,TM_TAX_WMFN,Mexico,ARM,13.40111
2010,TM_TAX_WMFN,Mexico,TEX,16.89403
2010,TM_TAX_WMFN,Albania,IND,3.60781
2010,TM_TAX_WMFN,Albania,ALP,4.96894
2015,TM_TAX_WMFN,Albania,ALP,3.43176
2015,TM_TAX_WMFN,Albania,IND,3.06284
2015,TM_TAX_WMFN,Albania,TEX,1.68153
2015,TM_TAX_WMFN,Albania,CLO,0.0
2015,TM_TAX_WMFN,Albania,AGR,6.65017
2016,TM_TAX_WMFN,Albania,AGR,6.66682
2016,TM_TAX_WMFN,Albania,CLO,0.0
2016,TM_TAX_WMFN,Albania,TEX,2.47506
2016,TM_TAX_WMFN,Albania,IND,2.75292
2020,TM_TAX_WMFN,Armenia,IND,3.22311
2020,TM_TAX_WMFN,Armenia,ALP,3.84105
2020,TM_TAX_WMFN,Armenia,CLO,7.46409
2020,TM_TAX_WMFN,Armenia,TEX,6.29699
2021,TM_TAX_WMFN,Armenia,TEX,6.38834
2021,TM_TAX_WMFN,Armenia,CLO,6.26667
2021,TM_TAX_WMFN,Armenia,ALP,3.87972
2021,TM_TAX_WMFN,Armenia,IND,3.08478
2021,TM_TAX_WMFN,Armenia,AGR,6.53361
2005,TM_TAX_WMFN,Bosnia and Herzegovina,ARM,14.28337
2005,TM_TAX_WMFN,Bosnia and Herzegovina,OIL,0.0
2020,TM_TAX_WMFN,Costa Rica,CLO,13.63066
2020,TM_TAX_WMFN,Costa Rica,TEX,7.80683
2020,TM_TAX_WMFN,Costa Rica,ALP,5.03512
2020,TM_TAX_WMFN,Costa Rica,AGR,12.28324
2020,TM_TAX_WMFN,Costa Rica,OIL,0.0
2021,TM_TAX_WMFN,Costa Rica,TEX,8.27228
2021,TM_TAX_WMFN,Costa Rica,CLO,13.34817
2021,TM_TAX_WMFN,Costa Rica,ARM,14.0
2021,TM_TAX_WMFN,Costa Rica,OIL,0.0
2021,TM_TAX_WMFN,Costa Rica,ALP,4.77505
2021,TM_TAX_WMFN,Costa Rica,IND,3.38351
2016,TM_TAX_WMFN,Albania,ALP,3.22543
2017,TM_TAX_WMFN,Albania,ALP,3.31174
2017,TM_TAX_WMFN,Albania,IND,3.00828
2017,TM_TAX_WMFN,Albania,TEX,1.98984
2017,TM_TAX_WMFN,Albania,CLO,0.0
2017,TM_TAX_WMFN,Albania,AGR,6.78201
2018,TM_TAX_WMFN,Albania,AGR,7.19035
2018,TM_TAX_WMFN,Albania,CLO,0.0
2018,TM_TAX_WMFN,Albania,ALP,3.27197
2018,TM_TAX_WMFN,Albania,IND,2.91181
2018,TM_TAX_WMFN,Albania,TEX,1.96777
2019,TM_TAX_WMFN,Albania,IND,2.99387
2019,TM_TAX_WMFN,Albania,TEX,1.89228
2019,TM_TAX_WMFN,Albania,AGR,6.97546
2019,TM_TAX_WMFN,Albania,ALP,3.30181
2019,TM_TAX_WMFN,Albania,CLO,0.0
2020,TM_TAX_WMFN,Albania,CLO,0.0
2020,TM_TAX_WMFN,Albania,ALP,3.42207
2020,TM_TAX_WMFN,Albania,AGR,7.05183
2020,TM_TAX_WMFN,Albania,TEX,2.26665
2020,TM_TAX_WMFN,Albania,IND,2.9703
2021,TM_TAX_WMFN,Albania,IND,2.95665
2005,TM_TAX_WMFN,Bosnia and Herzegovina,TEX,10.19869
2005,TM_TAX_WMFN,Bosnia and Herzegovina,CLO,15.0
2005,TM_TAX_WMFN,Bosnia and Herzegovina,IND,6.05944
2005,TM_TAX_WMFN,Bosnia and Herzegovina,AGR,15.79221
2005,TM_TAX_WMFN,Bosnia and Herzegovina,ALP,7.91315
2010,TM_TAX_WMFN,Bosnia and Herzegovina,ALP,7.54494
2010,TM_TAX_WMFN,Bosnia and Herzegovina,AGR,16.30277
2010,TM_TAX_WMFN,Bosnia and Herzegovina,IND,5.60953
2010,TM_TAX_WMFN,Bosnia and Herzegovina,CLO,15.0
2010,TM_TAX_WMFN,Bosnia and Herzegovina,TEX,9.50429
2010,TM_TAX_WMFN,Bosnia and Herzegovina,OIL,0.0
2015,TM_TAX_WMFN,Bosnia and Herzegovina,OIL,0.0
2015,TM_TAX_WMFN,Bosnia and Herzegovina,CLO,15.0
2015,TM_TAX_WMFN,Bosnia and Herzegovina,IND,5.96145
2015,TM_TAX_WMFN,Bosnia and Herzegovina,TEX,9.22579
2015,TM_TAX_WMFN,Bosnia and Herzegovina,AGR,15.82199
2015,TM_TAX_WMFN,Bosnia and Herzegovina,ALP,7.88609
2016,TM_TAX_WMFN,Bosnia and Herzegovina,AGR,15.3037
2016,TM_TAX_WMFN,Bosnia and Herzegovina,TEX,9.21698
2016,TM_TAX_WMFN,Bosnia and Herzegovina,CLO,15.0
2016,TM_TAX_WMFN,Bosnia and Herzegovina,IND,5.79648
2016,TM_TAX_WMFN,Bosnia and Herzegovina,OIL,0.0
2010,TM_TAX_WMFN,Mexico,IND,10.91537
2015,TM_TAX_WMFN,Mexico,OIL,0.0
2015,TM_TAX_WMFN,Mexico,TEX,8.80565
2015,TM_TAX_WMFN,Mexico,CLO,22.75413
2015,TM_TAX_WMFN,Mexico,IND,3.16058
2015,TM_TAX_WMFN,Mexico,ALP,4.69337
2015,TM_TAX_WMFN,Mexico,AGR,21.63237
2015,TM_TAX_WMFN,Mexico,ARM,8.38127
2016,TM_TAX_WMFN,Mexico,TEX,8.71504
2016,TM_TAX_WMFN,Mexico,OIL,0.0
2016,TM_TAX_WMFN,Mexico,ARM,9.12272
2021,TM_TAX_WMFN,Costa Rica,AGR,11.69824
2005,TM_TAX_WMFN,Georgia,ALP,9.20975
2005,TM_TAX_WMFN,Georgia,AGR,14.06964
2005,TM_TAX_WMFN,Georgia,OIL,12.0
2005,TM_TAX_WMFN,Georgia,IND,8.36397
2005,TM_TAX_WMFN,Georgia,CLO,12.52167
2005,TM_TAX_WMFN,Georgia,ARM,12.0
2005,TM_TAX_WMFN,Georgia,TEX,10.05205
2010,TM_TAX_WMFN,Georgia,CLO,0.0
2010,TM_TAX_WMFN,Georgia,ARM,0.0
2010,TM_TAX_WMFN,Georgia,IND,0.23111
2021,TM_TAX_WMFN,Albania,TEX,4.03754
2021,TM_TAX_WMFN,Albania,AGR,6.64239
2021,TM_TAX_WMFN,Albania,ALP,3.47906
2021,TM_TAX_WMFN,Albania,CLO,0.0
2005,TM_TAX_WMFN,Azerbaijan,CLO,15.0
2005,TM_TAX_WMFN,Azerbaijan,IND,7.63881
2005,TM_TAX_WMFN,Azerbaijan,AGR,7.51269
2005,TM_TAX_WMFN,Azerbaijan,ALP,7.73323
2005,TM_TAX_WMFN,Azerbaijan,TEX,15.65179
2010,TM_TAX_WMFN,Azerbaijan,TEX,5.38492
2010,TM_TAX_WMFN,Azerbaijan,OIL,0.0
2016,TM_TAX_WMFN,Bosnia and Herzegovina,ALP,7.67387
2017,TM_TAX_WMFN,Bosnia and Herzegovina,IND,6.02625
2017,TM_TAX_WMFN,Bosnia and Herzegovina,CLO,15.0
2017,TM_TAX_WMFN,Bosnia and Herzegovina,OIL,0.0
2017,TM_TAX_WMFN,Bosnia and Herzegovina,TEX,9.24858
2017,TM_TAX_WMFN,Bosnia and Herzegovina,AGR,15.00477
2017,TM_TAX_WMFN,Bosnia and Herzegovina,ALP,7.75035
2018,TM_TAX_WMFN,Bosnia and Herzegovina,OIL,0.0
2018,TM_TAX_WMFN,Bosnia and Herzegovina,CLO,15.0
2018,TM_TAX_WMFN,Bosnia and Herzegovina,IND,6.02701
2018,TM_TAX_WMFN,Bosnia and Herzegovina,AGR,15.10976
2010,TM_TAX_WMFN,Georgia,OIL,0.0
2010,TM_TAX_WMFN,Georgia,ALP,1.35941
2010,TM_TAX_WMFN,Georgia,AGR,6.41336
2010,TM_TAX_WMFN,Georgia,TEX,0.0
2015,TM_TAX_WMFN,Georgia,OIL,0.0
2015,TM_TAX_WMFN,Georgia,ARM,0.0
2015,TM_TAX_WMFN,Georgia,IND,0.93664
2015,TM_TAX_WMFN,Georgia,CLO,0.0
2015,TM_TAX_WMFN,Georgia,TEX,0.44148
2015,TM_TAX_WMFN,Georgia,ALP,1.85691
2015,TM_TAX_WMFN,Georgia,AGR,7.17458
2010,TM_TAX_WMFN,Azerbaijan,AGR,8.11273
2010,TM_TAX_WMFN,Azerbaijan,IND,6.61403
2010,TM_TAX_WMFN,Azerbaijan,CLO,15.0
2010,TM_TAX_WMFN,Azerbaijan,ALP,6.91486
2015,TM_TAX_WMFN,Azerbaijan,CLO,15.0
2015,TM_TAX_WMFN,Azerbaijan,AGR,6.20737
2015,TM_TAX_WMFN,Azerbaijan,ALP,7.15803
2015,TM_TAX_WMFN,Azerbaijan,IND,7.24955
2015,TM_TAX_WMFN,Azerbaijan,TEX,13.75122
2016,TM_TAX_WMFN,Azerbaijan,AGR,5.58456
2016,TM_TAX_WMFN,Azerbaijan,CLO,15.0
2018,TM_TAX_WMFN,Bosnia and Herzegovina,ALP,8.00909
2018,TM_TAX_WMFN,Bosnia and Herzegovina,TEX,9.24858
2019,TM_TAX_WMFN,Bosnia and Herzegovina,IND,5.64096
2019,TM_TAX_WMFN,Bosnia and Herzegovina,OIL,0.0
2019,TM_TAX_WMFN,Bosnia and Herzegovina,TEX,9.52919
2019,TM_TAX_WMFN,Bosnia and Herzegovina,CLO,15.0
2019,TM_TAX_WMFN,Bosnia and Herzegovina,AGR,16.01302
2019,TM_TAX_WMFN,Bosnia and Herzegovina,ARM,9.84033
2019,TM_TAX_WMFN,Bosnia and Herzegovina,ALP,7.73552
2020,TM_TAX_WMFN,Bosnia and Herzegovina,CLO,15.0
2020,TM_TAX_WMFN,Bosnia and Herzegovina,OIL,0.0
2020,TM_TAX_WMFN,Bosnia and Herzegovina,IND,6.35671
2020,TM_TAX_WMFN,Bosnia and Herzegovina,ALP,8.41333
2020,TM_TAX_WMFN,Bosnia and Herzegovina,AGR,15.70981
2020,TM_TAX_WMFN,Bosnia and Herzegovina,ARM,11.63439
2020,TM_TAX_WMFN,Bosnia and Herzegovina,TEX,9.57454
2021,TM_TAX_WMFN,Bosnia and Herzegovina,IND,5.80731
2021,TM_TAX_WMFN,Bosnia and Herzegovina,OIL,0.0
2021,TM_TAX_WMFN,Bosnia and Herzegovina,ARM,11.76048
2021,TM_TAX_WMFN,Bosnia and Herzegovina,CLO,15.0
2021,TM_TAX_WMFN,Bosnia and Herzegovina,TEX,9.68818
2021,TM_TAX_WMFN,Bosnia and Herzegovina,ALP,7.97562
2016,TM_TAX_WMFN,Georgia,CLO,0.0
2016,TM_TAX_WMFN,Georgia,IND,0.93664
2016,TM_TAX_WMFN,Georgia,ARM,0.0
2016,TM_TAX_WMFN,Georgia,OIL,0.0
2016,TM_TAX_WMFN,Georgia,AGR,7.17458
2016,TM_TAX_WMFN,Georgia,ALP,1.85691
2016,TM_TAX_WMFN,Georgia,TEX,0.44148
2017,TM_TAX_WMFN,Georgia,ARM,0.0
2017,TM_TAX_WMFN,Georgia,IND,0.82692
2017,TM_TAX_WMFN,Georgia,CLO,0.0
2017,TM_TAX_WMFN,Georgia,TEX,0.45772
2017,TM_TAX_WMFN,Georgia,AGR,7.13912
2017,TM_TAX_WMFN,Georgia,ALP,1.65731
2017,TM_TAX_WMFN,Georgia,OIL,0.0
2018,TM_TAX_WMFN,Georgia,CLO,0.0
2018,TM_TAX_WMFN,Georgia,OIL,0.0
2018,TM_TAX_WMFN,Georgia,IND,0.82692
2018,TM_TAX_WMFN,Georgia,ARM,0.0
2018,TM_TAX_WMFN,Georgia,ALP,1.65731
2018,TM_TAX_WMFN,Georgia,AGR,7.13912
2018,TM_TAX_WMFN,Georgia,TEX,0.45772
2019,TM_TAX_WMFN,Georgia,ARM,0.0
2016,TM_TAX_WMFN,Azerbaijan,OIL,0.0
2016,TM_TAX_WMFN,Azerbaijan,TEX,14.8311
2016,TM_TAX_WMFN,Azerbaijan,IND,7.57545
2016,TM_TAX_WMFN,Azerbaijan,ALP,7.344
2017,TM_TAX_WMFN,Azerbaijan,CLO,15.0
2017,TM_TAX_WMFN,Azerbaijan,AGR,9.0397
2017,TM_TAX_WMFN,Azerbaijan,ALP,8.22878
2017,TM_TAX_WMFN,Azerbaijan,OIL,0.0
2017,TM_TAX_WMFN,Azerbaijan,IND,7.67037
2017,TM_TAX_WMFN,Azerbaijan,TEX,14.0715
2018,TM_TAX_WMFN,Azerbaijan,TEX,14.0715
2019,TM_TAX_WMFN,Georgia,IND,0.98041
2019,TM_TAX_WMFN,Georgia,TEX,0.48461
2019,TM_TAX_WMFN,Georgia,OIL,0.0
2019,TM_TAX_WMFN,Georgia,ALP,1.8903
2019,TM_TAX_WMFN,Georgia,AGR,7.37784
2019,TM_TAX_WMFN,Georgia,CLO,0.0
2020,TM_TAX_WMFN,Georgia,CLO,0.0
2020,TM_TAX_WMFN,Georgia,ARM,0.0
2020,TM_TAX_WMFN,Georgia,IND,1.08109
2020,TM_TAX_WMFN,Georgia,ALP,2.03904
2020,TM_TAX_WMFN,Georgia,AGR,6.90322
2018,TM_TAX_WMFN,Azerbaijan,IND,7.67037
2018,TM_TAX_WMFN,Azerbaijan,OIL,0.0
2018,TM_TAX_WMFN,Azerbaijan,AGR,9.0397
2018,TM_TAX_WMFN,Azerbaijan,ALP,8.22878
2018,TM_TAX_WMFN,Azerbaijan,CLO,15.0
2019,TM_TAX_WMFN,Azerbaijan,AGR,11.26239
2019,TM_TAX_WMFN,Azerbaijan,ALP,9.65652
2019,TM_TAX_WMFN,Azerbaijan,OIL,0.0
2019,TM_TAX_WMFN,Azerbaijan,IND,9.31462
2019,TM_TAX_WMFN,Azerbaijan,TEX,13.81451
2019,TM_TAX_WMFN,Azerbaijan,CLO,15.0
2020,TM_TAX_WMFN,Azerbaijan,TEX,13.5779
2020,TM_TAX_WMFN,Azerbaijan,IND,7.81377
2020,TM_TAX_WMFN,Azerbaijan,OIL,0.0
2020,TM_TAX_WMFN,Azerbaijan,ALP,8.51623
2020,TM_TAX_WMFN,Azerbaijan,CLO,15.0
2020,TM_TAX_WMFN,Azerbaijan,AGR,10.23926
2021,TM_TAX_WMFN,Azerbaijan,IND,8.3572
2021,TM_TAX_WMFN,Azerbaijan,TEX,13.38242
2021,TM_TAX_WMFN,Azerbaijan,AGR,10.63957
2021,TM_TAX_WMFN,Azerbaijan,CLO,15.0
2021,TM_TAX_WMFN,Azerbaijan,ALP,9.06392
2016,TM_TAX_WMFN,Mexico,ALP,4.47558
2016,TM_TAX_WMFN,Mexico,AGR,21.35992
2016,TM_TAX_WMFN,Mexico,IND,2.92884
2016,TM_TAX_WMFN,Mexico,CLO,23.92734
2017,TM_TAX_WMFN,Mexico,ALP,4.06827
2017,TM_TAX_WMFN,Mexico,CLO,23.96275
2017,TM_TAX_WMFN,Mexico,IND,3.02356
2017,TM_TAX_WMFN,Mexico,AGR,14.39556
2017,TM_TAX_WMFN,Mexico,ARM,11.76396
2017,TM_TAX_WMFN,Mexico,OIL,0.0
2017,TM_TAX_WMFN,Mexico,TEX,8.52645
2021,TM_TAX_WMFN,Bosnia and Herzegovina,AGR,16.51239
2005,TM_TAX_WMFN,Belarus,ALP,13.52911
2005,TM_TAX_WMFN,Belarus,TEX,15.65919
2005,TM_TAX_WMFN,Belarus,OIL,10.0
2005,TM_TAX_WMFN,Belarus,IND,12.58151
2005,TM_TAX_WMFN,Belarus,AGR,29.46976
2005,TM_TAX_WMFN,Belarus,CLO,24.28363
2010,TM_TAX_WMFN,Belarus,OIL,0.84771
2010,TM_TAX_WMFN,Belarus,TEX,6.5725
2010,TM_TAX_WMFN,Belarus,AGR,13.06211
2010,TM_TAX_WMFN,Belarus,ALP,3.82237
2010,TM_TAX_WMFN,Belarus,CLO,8.26832
2010,TM_TAX_WMFN,Belarus,IND,3.548
2015,TM_TAX_WMFN,Belarus,TEX,4.70323
2015,TM_TAX_WMFN,Belarus,OIL,0.0
2015,TM_TAX_WMFN,Belarus,IND,3.46133
2015,TM_TAX_WMFN,Belarus,ALP,3.88522
2015,TM_TAX_WMFN,Belarus,AGR,6.77456
2015,TM_TAX_WMFN,Belarus,CLO,5.88078
2016,TM_TAX_WMFN,Belarus,AGR,6.64233
2016,TM_TAX_WMFN,Belarus,CLO,4.38808
2016,TM_TAX_WMFN,Belarus,ALP,2.58403
2018,TM_TAX_WMFN,Mexico,ALP,4.11825
2018,TM_TAX_WMFN,Mexico,TEX,8.50023
2018,TM_TAX_WMFN,Mexico,OIL,0.0
2018,TM_TAX_WMFN,Mexico,ARM,11.76396
2018,TM_TAX_WMFN,Mexico,AGR,14.97124
2018,TM_TAX_WMFN,Mexico,IND,3.06914
2018,TM_TAX_WMFN,Mexico,CLO,21.59621
2019,TM_TAX_WMFN,Mexico,CLO,22.49407
2019,TM_TAX_WMFN,Mexico,IND,3.42375
2019,TM_TAX_WMFN,Mexico,AGR,16.36776
2019,TM_TAX_WMFN,Mexico,ARM,13.04927
2019,TM_TAX_WMFN,Mexico,OIL,0.0
2019,TM_TAX_WMFN,Mexico,TEX,8.65145
2019,TM_TAX_WMFN,Mexico,ALP,4.48368
2020,TM_TAX_WMFN,Mexico,ALP,4.21036
2020,TM_TAX_WMFN,Mexico,TEX,8.60668
2020,TM_TAX_WMFN,Mexico,ARM,13.11825
2020,TM_TAX_WMFN,Mexico,AGR,16.74922
2020,TM_TAX_WMFN,Mexico,IND,3.06262
2020,TM_TAX_WMFN,Mexico,CLO,22.37934
2021,TM_TAX_WMFN,Mexico,CLO,22.49214
2021,TM_TAX_WMFN,Mexico,AGR,16.28376
2021,TM_TAX_WMFN,Azerbaijan,OIL,0.0
2005,TM_TAX_WMFN,Serbia,TEX,8.39713
2005,TM_TAX_WMFN,Serbia,ALP,6.29963
2005,TM_TAX_WMFN,Serbia,AGR,14.55208
2005,TM_TAX_WMFN,Serbia,ARM,23.92575
2005,TM_TAX_WMFN,Serbia,CLO,20.25551
2005,TM_TAX_WMFN,Serbia,OIL,1.0
2005,TM_TAX_WMFN,Serbia,IND,5.93715
2010,TM_TAX_WMFN,Serbia,AGR,16.57371
2010,TM_TAX_WMFN,Serbia,ALP,5.92584
2010,TM_TAX_WMFN,Serbia,CLO,20.5664
2016,TM_TAX_WMFN,Belarus,IND,2.42667
2016,TM_TAX_WMFN,Belarus,TEX,4.09001
2016,TM_TAX_WMFN,Belarus,OIL,0.0
2017,TM_TAX_WMFN,Belarus,IND,2.25368
2017,TM_TAX_WMFN,Belarus,OIL,0.0
2017,TM_TAX_WMFN,Belarus,ALP,2.48181
2017,TM_TAX_WMFN,Belarus,CLO,5.73558
2017,TM_TAX_WMFN,Belarus,AGR,6.03761
2017,TM_TAX_WMFN,Belarus,TEX,5.16695
2018,TM_TAX_WMFN,Belarus,AGR,5.84514
2018,TM_TAX_WMFN,Belarus,CLO,5.93206
2021,TM_TAX_WMFN,Mexico,ARM,9.22388
2021,TM_TAX_WMFN,Mexico,ALP,4.06817
2021,TM_TAX_WMFN,Mexico,IND,2.99083
2021,TM_TAX_WMFN,Mexico,TEX,8.58311
2005,TM_TAX_WMFN,Republic of Moldova,IND,2.13083
2005,TM_TAX_WMFN,Republic of Moldova,OIL,0.0
2005,TM_TAX_WMFN,Republic of Moldova,TEX,4.53088
2005,TM_TAX_WMFN,Republic of Moldova,ALP,4.05541
2005,TM_TAX_WMFN,Republic of Moldova,AGR,13.38119
2005,TM_TAX_WMFN,Republic of Moldova,CLO,14.1205
2010,TM_TAX_WMFN,Republic of Moldova,TEX,4.54653
2020,TM_TAX_WMFN,Georgia,OIL,0.0
2020,TM_TAX_WMFN,Georgia,TEX,0.43885
2021,TM_TAX_WMFN,Georgia,TEX,0.47848
2021,TM_TAX_WMFN,Georgia,AGR,7.03718
2021,TM_TAX_WMFN,Georgia,ALP,1.86483
2021,TM_TAX_WMFN,Georgia,IND,0.97419
2021,TM_TAX_WMFN,Georgia,CLO,0.0
2021,TM_TAX_WMFN,Georgia,ARM,0.0
2005,TM_TAX_WMFN,Iceland,ALP,2.68179
2005,TM_TAX_WMFN,Iceland,ARM,8.12067
2005,TM_TAX_WMFN,Iceland,AGR,11.55377
2018,TM_TAX_WMFN,Belarus,ALP,2.35322
2018,TM_TAX_WMFN,Belarus,OIL,0.0
2018,TM_TAX_WMFN,Belarus,TEX,5.12392
2018,TM_TAX_WMFN,Belarus,IND,2.10149
2019,TM_TAX_WMFN,Belarus,CLO,5.19174
2019,TM_TAX_WMFN,Belarus,AGR,4.6187
2019,TM_TAX_WMFN,Belarus,IND,2.29465
2019,TM_TAX_WMFN,Belarus,TEX,5.22971
2019,TM_TAX_WMFN,Belarus,OIL,0.0
2019,TM_TAX_WMFN,Belarus,ALP,2.26121
2020,TM_TAX_WMFN,Belarus,AGR,4.45346
2005,TM_TAX_WMFN,Iceland,IND,1.62138
2005,TM_TAX_WMFN,Iceland,TEX,4.8455
2005,TM_TAX_WMFN,Iceland,CLO,14.87811
2010,TM_TAX_WMFN,Iceland,ARM,7.69405
2010,TM_TAX_WMFN,Iceland,TEX,4.47678
2010,TM_TAX_WMFN,Iceland,IND,1.24938
2010,TM_TAX_WMFN,Iceland,AGR,11.64208
2010,TM_TAX_WMFN,Iceland,ALP,2.61666
2010,TM_TAX_WMFN,Iceland,CLO,14.91702
2010,TM_TAX_WMFN,Iceland,OIL,0.0
2015,TM_TAX_WMFN,Iceland,AGR,15.44263
2020,TM_TAX_WMFN,Belarus,ALP,2.47816
2020,TM_TAX_WMFN,Belarus,OIL,0.31368
2020,TM_TAX_WMFN,Belarus,TEX,4.66907
2020,TM_TAX_WMFN,Belarus,CLO,4.68695
2020,TM_TAX_WMFN,Belarus,IND,2.40219
2021,TM_TAX_WMFN,Belarus,IND,2.2916
2021,TM_TAX_WMFN,Belarus,CLO,4.93663
2021,TM_TAX_WMFN,Belarus,TEX,4.58393
2021,TM_TAX_WMFN,Belarus,ALP,2.6601
2021,TM_TAX_WMFN,Belarus,AGR,3.85982
2005,TM_TAX_WMFN,Canada,TEX,10.31859
2010,TM_TAX_WMFN,Serbia,TEX,7.9825
2010,TM_TAX_WMFN,Serbia,IND,5.02136
2010,TM_TAX_WMFN,Serbia,OIL,1.0
2010,TM_TAX_WMFN,Serbia,ARM,22.84543
2015,TM_TAX_WMFN,Serbia,TEX,7.66244
2015,TM_TAX_WMFN,Serbia,OIL,1.0
2015,TM_TAX_WMFN,Serbia,CLO,20.47957
2015,TM_TAX_WMFN,Serbia,ALP,6.66516
2015,TM_TAX_WMFN,Serbia,AGR,17.08476
2015,TM_TAX_WMFN,Serbia,ARM,23.20685
2015,TM_TAX_WMFN,Serbia,IND,5.52822
2015,TM_TAX_WMFN,Iceland,TEX,5.29357
2015,TM_TAX_WMFN,Iceland,IND,1.22849
2015,TM_TAX_WMFN,Iceland,ALP,2.85567
2015,TM_TAX_WMFN,Iceland,ARM,8.57709
2015,TM_TAX_WMFN,Iceland,CLO,14.89679
2016,TM_TAX_WMFN,Iceland,ALP,2.4619
2016,TM_TAX_WMFN,Iceland,AGR,15.74501
2016,TM_TAX_WMFN,Iceland,CLO,0.0
2016,TM_TAX_WMFN,Iceland,ARM,8.57709
2016,TM_TAX_WMFN,Iceland,IND,1.10584
2016,TM_TAX_WMFN,Iceland,TEX,4.76686
2005,TM_TAX_WMFN,Canada,IND,2.86171
2005,TM_TAX_WMFN,Canada,CLO,17.54815
2005,TM_TAX_WMFN,Canada,AGR,11.27843
2005,TM_TAX_WMFN,Canada,ALP,3.56488
2005,TM_TAX_WMFN,Canada,ARM,3.01392
2005,TM_TAX_WMFN,Canada,OIL,0.0
2010,TM_TAX_WMFN,Canada,OIL,0.0
2010,TM_TAX_WMFN,Canada,IND,2.15148
2010,TM_TAX_WMFN,Canada,ALP,2.9227
2010,TM_TAX_WMFN,Canada,ARM,3.16809
2010,TM_TAX_WMFN,Canada,CLO,17.57917
2016,TM_TAX_WMFN,Serbia,CLO,20.47556
2016,TM_TAX_WMFN,Serbia,TEX,7.59492
2016,TM_TAX_WMFN,Serbia,OIL,1.0
2016,TM_TAX_WMFN,Serbia,IND,5.52317
2016,TM_TAX_WMFN,Serbia,ARM,23.22039
2016,TM_TAX_WMFN,Serbia,AGR,17.15965
2016,TM_TAX_WMFN,Serbia,ALP,6.70396
2017,TM_TAX_WMFN,Serbia,TEX,7.67062
2017,TM_TAX_WMFN,Serbia,CLO,20.60562
2017,TM_TAX_WMFN,Serbia,ALP,6.69748
2017,TM_TAX_WMFN,Serbia,OIL,1.0
2017,TM_TAX_WMFN,Iceland,ALP,1.66857
2017,TM_TAX_WMFN,Iceland,IND,0.0076
2017,TM_TAX_WMFN,Iceland,AGR,19.24658
2017,TM_TAX_WMFN,Iceland,ARM,0.0
2017,TM_TAX_WMFN,Iceland,CLO,0.0
2017,TM_TAX_WMFN,Iceland,TEX,0.0
2018,TM_TAX_WMFN,Iceland,CLO,0.0
2018,TM_TAX_WMFN,Iceland,ARM,0.0
2018,TM_TAX_WMFN,Iceland,ALP,1.66857
2018,TM_TAX_WMFN,Iceland,AGR,19.24658
2018,TM_TAX_WMFN,Iceland,IND,0.0076
2010,TM_TAX_WMFN,Canada,AGR,8.99568
2010,TM_TAX_WMFN,Canada,TEX,8.43925
2015,TM_TAX_WMFN,Canada,AGR,12.50899
2015,TM_TAX_WMFN,Canada,ARM,3.40642
2015,TM_TAX_WMFN,Canada,ALP,3.34785
2015,TM_TAX_WMFN,Canada,IND,2.11511
2015,TM_TAX_WMFN,Canada,CLO,17.23881
2015,TM_TAX_WMFN,Canada,OIL,0.0
2015,TM_TAX_WMFN,Canada,TEX,7.28749
2016,TM_TAX_WMFN,Canada,CLO,17.24377
2016,TM_TAX_WMFN,Canada,IND,2.11842
2017,TM_TAX_WMFN,Serbia,AGR,17.52693
2017,TM_TAX_WMFN,Serbia,ARM,24.21667
2017,TM_TAX_WMFN,Serbia,IND,5.53214
2018,TM_TAX_WMFN,Serbia,ARM,24.21667
2018,TM_TAX_WMFN,Serbia,TEX,7.67062
2018,TM_TAX_WMFN,Serbia,IND,5.53018
2018,TM_TAX_WMFN,Serbia,CLO,20.60562
2018,TM_TAX_WMFN,Serbia,AGR,17.46011
2018,TM_TAX_WMFN,Serbia,ALP,6.68292
2018,TM_TAX_WMFN,Serbia,OIL,1.0
2019,TM_TAX_WMFN,Serbia,TEX,8.01331
2018,TM_TAX_WMFN,Iceland,TEX,0.0
2019,TM_TAX_WMFN,Iceland,IND,0.00807
2019,TM_TAX_WMFN,Iceland,AGR,20.99653
2019,TM_TAX_WMFN,Iceland,ALP,2.10223
2019,TM_TAX_WMFN,Iceland,ARM,0.0
2019,TM_TAX_WMFN,Iceland,OIL,0.0
2019,TM_TAX_WMFN,Iceland,CLO,0.0
2019,TM_TAX_WMFN,Iceland,TEX,0.0
2020,TM_TAX_WMFN,Iceland,IND,0.00778
2020,TM_TAX_WMFN,Iceland,ARM,0.0
2020,TM_TAX_WMFN,Iceland,CLO,0.0
2016,TM_TAX_WMFN,Canada,ALP,3.34868
2016,TM_TAX_WMFN,Canada,ARM,3.40337
2016,TM_TAX_WMFN,Canada,AGR,12.49214
2016,TM_TAX_WMFN,Canada,TEX,7.32125
2016,TM_TAX_WMFN,Canada,OIL,0.0
2017,TM_TAX_WMFN,Canada,AGR,11.24707
2017,TM_TAX_WMFN,Canada,ARM,2.13436
2017,TM_TAX_WMFN,Canada,ALP,3.33701
2017,TM_TAX_WMFN,Canada,IND,2.205
2017,TM_TAX_WMFN,Canada,CLO,17.26483
2017,TM_TAX_WMFN,Canada,OIL,0.0
2019,TM_TAX_WMFN,Serbia,ALP,6.87594
2019,TM_TAX_WMFN,Serbia,OIL,1.0
2019,TM_TAX_WMFN,Serbia,AGR,19.35286
2019,TM_TAX_WMFN,Serbia,ARM,24.37656
2019,TM_TAX_WMFN,Serbia,CLO,20.786
2019,TM_TAX_WMFN,Serbia,IND,5.54877
2020,TM_TAX_WMFN,Serbia,TEX,9.20866
2020,TM_TAX_WMFN,Serbia,IND,5.82985
2020,TM_TAX_WMFN,Serbia,CLO,20.61877
2020,TM_TAX_WMFN,Serbia,ARM,24.4312
2020,TM_TAX_WMFN,Serbia,ALP,7.38071
2020,TM_TAX_WMFN,Iceland,ALP,2.56057
2020,TM_TAX_WMFN,Iceland,AGR,21.26854
2020,TM_TAX_WMFN,Iceland,TEX,0.0
2021,TM_TAX_WMFN,Iceland,IND,0.00539
2021,TM_TAX_WMFN,Iceland,CLO,0.0
2021,TM_TAX_WMFN,Iceland,ARM,0.0
2021,TM_TAX_WMFN,Iceland,TEX,0.0
2021,TM_TAX_WMFN,Iceland,AGR,21.81159
2021,TM_TAX_WMFN,Iceland,ALP,2.20934
2005,TM_TAX_WMFN,India,IND,13.03219
2005,TM_TAX_WMFN,India,TEX,19.30485
2017,TM_TAX_WMFN,Canada,TEX,8.29911
2018,TM_TAX_WMFN,Canada,IND,2.18585
2018,TM_TAX_WMFN,Canada,ARM,2.13436
2018,TM_TAX_WMFN,Canada,ALP,3.28229
2018,TM_TAX_WMFN,Canada,CLO,17.25246
2018,TM_TAX_WMFN,Canada,AGR,11.06526
2018,TM_TAX_WMFN,Canada,TEX,7.48476
2018,TM_TAX_WMFN,Canada,OIL,0.0
2019,TM_TAX_WMFN,Canada,ARM,1.31067
2019,TM_TAX_WMFN,Canada,ALP,3.21678
2019,TM_TAX_WMFN,Canada,AGR,11.19906
2020,TM_TAX_WMFN,Serbia,OIL,1.0
2020,TM_TAX_WMFN,Serbia,AGR,19.37599
2021,TM_TAX_WMFN,Serbia,OIL,1.0
2021,TM_TAX_WMFN,Serbia,ARM,24.69434
2021,TM_TAX_WMFN,Serbia,ALP,7.01976
2021,TM_TAX_WMFN,Serbia,TEX,8.17488
2021,TM_TAX_WMFN,Serbia,AGR,19.35258
2021,TM_TAX_WMFN,Serbia,CLO,20.53773
2021,TM_TAX_WMFN,Serbia,IND,5.62092
2005,TM_TAX_WMFN,Viet Nam,ARM,0.326
2005,TM_TAX_WMFN,Viet Nam,ALP,12.41163
2005,TM_TAX_WMFN,India,ARM,15.0
2005,TM_TAX_WMFN,India,CLO,22.75453
2005,TM_TAX_WMFN,India,AGR,54.24329
2005,TM_TAX_WMFN,India,ALP,15.54229
2010,TM_TAX_WMFN,India,OIL,0.0
2010,TM_TAX_WMFN,India,AGR,44.4876
2010,TM_TAX_WMFN,India,ALP,6.86716
2010,TM_TAX_WMFN,India,ARM,10.0
2010,TM_TAX_WMFN,India,TEX,12.57108
2010,TM_TAX_WMFN,India,CLO,18.68908
2010,TM_TAX_WMFN,India,IND,7.45112
2005,TM_TAX_WMFN,Viet Nam,TEX,32.93397
2005,TM_TAX_WMFN,Viet Nam,OIL,11.66667
2005,TM_TAX_WMFN,Viet Nam,AGR,15.67174
2005,TM_TAX_WMFN,Viet Nam,CLO,49.95789
2005,TM_TAX_WMFN,Viet Nam,IND,9.70808
2010,TM_TAX_WMFN,Viet Nam,IND,5.61138
2010,TM_TAX_WMFN,Viet Nam,CLO,20.01721
2010,TM_TAX_WMFN,Viet Nam,OIL,0.0
2010,TM_TAX_WMFN,Viet Nam,AGR,8.56886
2010,TM_TAX_WMFN,Viet Nam,TEX,9.82353
2010,TM_TAX_WMFN,Viet Nam,ALP,6.21695
2019,TM_TAX_WMFN,Canada,IND,2.09426
2019,TM_TAX_WMFN,Canada,OIL,0.0
2019,TM_TAX_WMFN,Canada,TEX,7.57197
2019,TM_TAX_WMFN,Canada,CLO,17.31475
2020,TM_TAX_WMFN,Canada,IND,1.97022
2020,TM_TAX_WMFN,Canada,AGR,8.98168
2020,TM_TAX_WMFN,Canada,ARM,1.19878
2020,TM_TAX_WMFN,Canada,ALP,3.04931
2020,TM_TAX_WMFN,Canada,CLO,16.03099
2020,TM_TAX_WMFN,Canada,TEX,8.72225
2020,TM_TAX_WMFN,Canada,OIL,0.0
2015,TM_TAX_WMFN,India,TEX,13.3161
2015,TM_TAX_WMFN,India,OIL,0.0
2015,TM_TAX_WMFN,India,IND,6.8359
2015,TM_TAX_WMFN,India,CLO,18.8271
2015,TM_TAX_WMFN,India,ALP,7.43349
2015,TM_TAX_WMFN,India,ARM,10.0
2015,TM_TAX_WMFN,India,AGR,37.38146
2016,TM_TAX_WMFN,India,AGR,37.38146
2016,TM_TAX_WMFN,India,ARM,10.0
2016,TM_TAX_WMFN,India,ALP,7.43349
2016,TM_TAX_WMFN,India,CLO,18.8271
2016,TM_TAX_WMFN,India,IND,6.8359
2016,TM_TAX_WMFN,India,OIL,0.0
2016,TM_TAX_WMFN,India,TEX,13.3161
2017,TM_TAX_WMFN,India,TEX,11.50556
2017,TM_TAX_WMFN,India,OIL,0.0
2017,TM_TAX_WMFN,India,IND,6.88243
2017,TM_TAX_WMFN,India,CLO,12.51109
2017,TM_TAX_WMFN,India,ARM,9.86328
2017,TM_TAX_WMFN,India,ALP,6.76636
2017,TM_TAX_WMFN,India,AGR,24.52906
2018,TM_TAX_WMFN,India,AGR,24.03222
2015,TM_TAX_WMFN,Viet Nam,ALP,5.19673
2015,TM_TAX_WMFN,Viet Nam,TEX,9.7695
2015,TM_TAX_WMFN,Viet Nam,OIL,0.53518
2015,TM_TAX_WMFN,Viet Nam,AGR,7.23684
2015,TM_TAX_WMFN,Viet Nam,CLO,19.93303
2015,TM_TAX_WMFN,Viet Nam,IND,4.55182
2016,TM_TAX_WMFN,Viet Nam,IND,4.6527
2016,TM_TAX_WMFN,Viet Nam,CLO,19.97668
2016,TM_TAX_WMFN,Viet Nam,OIL,9.06e-06
2016,TM_TAX_WMFN,Viet Nam,TEX,10.02252
2016,TM_TAX_WMFN,Viet Nam,ALP,5.43329
2018,TM_TAX_WMFN,India,ALP,6.69808
2018,TM_TAX_WMFN,India,ARM,9.86328
2018,TM_TAX_WMFN,India,CLO,11.51123
2018,TM_TAX_WMFN,India,TEX,11.00624
2018,TM_TAX_WMFN,India,IND,6.93273
2018,TM_TAX_WMFN,India,OIL,0.0
2019,TM_TAX_WMFN,India,IND,8.68429
2019,TM_TAX_WMFN,India,CLO,20.70431
2019,TM_TAX_WMFN,India,TEX,17.23919
2019,TM_TAX_WMFN,India,ALP,9.16633
2019,TM_TAX_WMFN,India,ARM,10.0
2019,TM_TAX_WMFN,India,AGR,55.34485
2019,TM_TAX_WMFN,India,OIL,0.0
2020,TM_TAX_WMFN,India,AGR,27.03571
2020,TM_TAX_WMFN,India,ARM,10.0
2020,TM_TAX_WMFN,India,ALP,8.8588
2020,TM_TAX_WMFN,India,CLO,322.78727
2020,TM_TAX_WMFN,India,IND,8.24324
2020,TM_TAX_WMFN,India,OIL,0.11889
2020,TM_TAX_WMFN,India,TEX,22.12256
2021,TM_TAX_WMFN,India,CLO,20.89246
2021,TM_TAX_WMFN,India,TEX,18.0572
2021,TM_TAX_WMFN,Canada,ARM,1.51593
2021,TM_TAX_WMFN,Canada,AGR,9.13246
2021,TM_TAX_WMFN,Canada,IND,1.94914
2021,TM_TAX_WMFN,Canada,OIL,0.0
2021,TM_TAX_WMFN,Canada,TEX,7.89712
2021,TM_TAX_WMFN,Canada,CLO,16.95929
2021,TM_TAX_WMFN,Canada,ALP,2.95411
2005,TM_TAX_WMFN,Chile,TEX,6.0
2005,TM_TAX_WMFN,Chile,ALP,5.94319
2005,TM_TAX_WMFN,Chile,AGR,6.04635
2005,TM_TAX_WMFN,Chile,ARM,5.99872
2021,TM_TAX_WMFN,India,ALP,7.52953
2021,TM_TAX_WMFN,India,AGR,22.47
2021,TM_TAX_WMFN,India,ARM,10.0
2021,TM_TAX_WMFN,India,IND,8.11117
2021,TM_TAX_WMFN,India,OIL,0.08873
2005,TM_TAX_WMFN,Israel,TEX,5.56471
2005,TM_TAX_WMFN,Israel,IND,2.70546
2005,TM_TAX_WMFN,Israel,AGR,11.74152
2005,TM_TAX_WMFN,Israel,ALP,3.51209
2005,TM_TAX_WMFN,Israel,CLO,11.99754
2010,TM_TAX_WMFN,Israel,OIL,0.0
2005,TM_TAX_WMFN,Chile,IND,5.92193
2005,TM_TAX_WMFN,Chile,OIL,6.0
2005,TM_TAX_WMFN,Chile,CLO,6.0
2010,TM_TAX_WMFN,Chile,ALP,5.97231
2010,TM_TAX_WMFN,Chile,TEX,6.0
2010,TM_TAX_WMFN,Chile,CLO,6.0
2010,TM_TAX_WMFN,Chile,ARM,6.0
2010,TM_TAX_WMFN,Chile,IND,5.94387
2010,TM_TAX_WMFN,Chile,OIL,6.0
2010,TM_TAX_WMFN,Chile,AGR,6.2138
2015,TM_TAX_WMFN,Chile,TEX,6.0
2016,TM_TAX_WMFN,Viet Nam,AGR,8.82123
2017,TM_TAX_WMFN,Viet Nam,OIL,9.06e-06
2017,TM_TAX_WMFN,Viet Nam,CLO,19.97586
2017,TM_TAX_WMFN,Viet Nam,IND,4.72255
2017,TM_TAX_WMFN,Viet Nam,AGR,8.78909
2017,TM_TAX_WMFN,Viet Nam,ALP,5.49584
2017,TM_TAX_WMFN,Viet Nam,TEX,10.13184
2018,TM_TAX_WMFN,Viet Nam,IND,4.07534
2018,TM_TAX_WMFN,Viet Nam,CLO,19.97403
2018,TM_TAX_WMFN,Viet Nam,OIL,9.06e-06
2018,TM_TAX_WMFN,Viet Nam,TEX,9.92583
2015,TM_TAX_WMFN,Chile,AGR,6.0
2015,TM_TAX_WMFN,Chile,ALP,5.97545
2015,TM_TAX_WMFN,Chile,IND,5.96897
2015,TM_TAX_WMFN,Chile,OIL,6.0
2015,TM_TAX_WMFN,Chile,ARM,5.87512
2015,TM_TAX_WMFN,Chile,CLO,6.0
2016,TM_TAX_WMFN,Chile,TEX,6.0
2016,TM_TAX_WMFN,Chile,CLO,6.0
2016,TM_TAX_WMFN,Chile,ARM,5.87512
2016,TM_TAX_WMFN,Chile,IND,5.96897
2016,TM_TAX_WMFN,Chile,OIL,6.0
2016,TM_TAX_WMFN,Chile,ALP,5.97545
2016,TM_TAX_WMFN,Chile,AGR,6.0
2017,TM_TAX_WMFN,Chile,TEX,6.0
2017,TM_TAX_WMFN,Chile,OIL,6.0
2017,TM_TAX_WMFN,Chile,AGR,6.0
2017,TM_TAX_WMFN,Chile,ALP,5.96936
2017,TM_TAX_WMFN,Chile,IND,5.96077
2017,TM_TAX_WMFN,Chile,ARM,5.86059
2017,TM_TAX_WMFN,Chile,CLO,6.0
2018,TM_TAX_WMFN,Chile,CLO,6.0
2018,TM_TAX_WMFN,Chile,ARM,5.86059
2018,TM_TAX_WMFN,Viet Nam,ALP,4.90674
2018,TM_TAX_WMFN,Viet Nam,AGR,8.5321
2019,TM_TAX_WMFN,Viet Nam,IND,4.52443
2019,TM_TAX_WMFN,Viet Nam,AGR,11.07128
2019,TM_TAX_WMFN,Viet Nam,ARM,14.85458
2019,TM_TAX_WMFN,Viet Nam,ALP,5.35593
2019,TM_TAX_WMFN,Viet Nam,TEX,9.75371
2019,TM_TAX_WMFN,Viet Nam,OIL,0.1255
2019,TM_TAX_WMFN,Viet Nam,CLO,19.9081
2020,TM_TAX_WMFN,Viet Nam,IND,4.27875
2020,TM_TAX_WMFN,Viet Nam,OIL,0.41029
2018,TM_TAX_WMFN,Chile,IND,5.96077
2018,TM_TAX_WMFN,Chile,ALP,5.96936
2018,TM_TAX_WMFN,Chile,AGR,6.0
2018,TM_TAX_WMFN,Chile,OIL,6.0
2018,TM_TAX_WMFN,Chile,TEX,6.0
2019,TM_TAX_WMFN,Chile,OIL,6.0
2019,TM_TAX_WMFN,Chile,TEX,6.0
2019,TM_TAX_WMFN,Chile,ALP,5.9872
2019,TM_TAX_WMFN,Chile,AGR,6.0
2019,TM_TAX_WMFN,Chile,IND,5.9834
2019,TM_TAX_WMFN,Chile,ARM,6.0
2010,TM_TAX_WMFN,Republic of Moldova,IND,2.00277
2010,TM_TAX_WMFN,Republic of Moldova,AGR,11.18619
2010,TM_TAX_WMFN,Republic of Moldova,ALP,3.62086
2010,TM_TAX_WMFN,Republic of Moldova,CLO,11.91466
2015,TM_TAX_WMFN,Republic of Moldova,IND,3.27584
2015,TM_TAX_WMFN,Republic of Moldova,OIL,0.0
2015,TM_TAX_WMFN,Republic of Moldova,TEX,5.30616
2015,TM_TAX_WMFN,Republic of Moldova,CLO,11.73083
2015,TM_TAX_WMFN,Republic of Moldova,ALP,4.82083
2015,TM_TAX_WMFN,Republic of Moldova,AGR,11.86483
2016,TM_TAX_WMFN,Republic of Moldova,AGR,12.22393
2010,TM_TAX_WMFN,Israel,IND,2.7411
2010,TM_TAX_WMFN,Israel,TEX,6.4889
2010,TM_TAX_WMFN,Israel,CLO,11.98889
2010,TM_TAX_WMFN,Israel,ALP,3.32759
2010,TM_TAX_WMFN,Israel,AGR,11.95836
2015,TM_TAX_WMFN,Israel,TEX,3.65213
2015,TM_TAX_WMFN,Israel,AGR,9.13258
2015,TM_TAX_WMFN,Israel,IND,2.70055
2015,TM_TAX_WMFN,Israel,OIL,0.0
2015,TM_TAX_WMFN,Israel,ALP,3.28476
2015,TM_TAX_WMFN,Israel,CLO,5.99834
2019,TM_TAX_WMFN,Chile,CLO,6.0
2020,TM_TAX_WMFN,Chile,IND,5.97676
2020,TM_TAX_WMFN,Chile,ARM,6.0
2020,TM_TAX_WMFN,Chile,CLO,6.0
2020,TM_TAX_WMFN,Chile,AGR,6.0
2020,TM_TAX_WMFN,Chile,ALP,5.98202
2020,TM_TAX_WMFN,Chile,TEX,6.0
2020,TM_TAX_WMFN,Chile,OIL,6.0
2021,TM_TAX_WMFN,Chile,TEX,6.0
2021,TM_TAX_WMFN,Chile,AGR,6.0
2021,TM_TAX_WMFN,Chile,CLO,6.0
2020,TM_TAX_WMFN,Viet Nam,CLO,19.99421
2020,TM_TAX_WMFN,Viet Nam,TEX,9.79758
2020,TM_TAX_WMFN,Viet Nam,ARM,4.21416
2020,TM_TAX_WMFN,Viet Nam,AGR,12.79965
2020,TM_TAX_WMFN,Viet Nam,ALP,5.26467
2021,TM_TAX_WMFN,Viet Nam,AGR,11.39016
2021,TM_TAX_WMFN,Viet Nam,ALP,4.96058
2021,TM_TAX_WMFN,Viet Nam,TEX,9.71909
2021,TM_TAX_WMFN,Viet Nam,CLO,19.96466
2021,TM_TAX_WMFN,Viet Nam,OIL,0.07325
2021,TM_TAX_WMFN,Viet Nam,IND,4.03361
2016,TM_TAX_WMFN,Republic of Moldova,CLO,11.73075
2016,TM_TAX_WMFN,Republic of Moldova,ALP,4.84483
2016,TM_TAX_WMFN,Republic of Moldova,IND,3.24034
2016,TM_TAX_WMFN,Republic of Moldova,TEX,5.27332
2016,TM_TAX_WMFN,Republic of Moldova,OIL,0.0
2017,TM_TAX_WMFN,Republic of Moldova,OIL,0.0
2017,TM_TAX_WMFN,Republic of Moldova,TEX,5.40972
2017,TM_TAX_WMFN,Republic of Moldova,IND,3.48041
2017,TM_TAX_WMFN,Republic of Moldova,CLO,11.94424
2017,TM_TAX_WMFN,Republic of Moldova,AGR,14.43922
2017,TM_TAX_WMFN,Republic of Moldova,ALP,5.3776
2021,TM_TAX_WMFN,Chile,IND,5.98997
2021,TM_TAX_WMFN,Chile,ALP,5.99216
2021,TM_TAX_WMFN,Chile,ARM,5.96503
2021,TM_TAX_WMFN,Chile,OIL,6.0
2005,TM_TAX_WMFN,China,ARM,13.0
2005,TM_TAX_WMFN,China,AGR,15.59359
2005,TM_TAX_WMFN,China,TEX,8.64074
2005,TM_TAX_WMFN,China,ALP,4.38212
2005,TM_TAX_WMFN,China,IND,4.0845
2005,TM_TAX_WMFN,China,OIL,0.0
2005,TM_TAX_WMFN,China,CLO,15.40535
2016,TM_TAX_WMFN,Israel,CLO,5.99834
2016,TM_TAX_WMFN,Israel,AGR,9.33927
2016,TM_TAX_WMFN,Israel,ALP,3.28213
2016,TM_TAX_WMFN,Israel,OIL,0.0
2016,TM_TAX_WMFN,Israel,IND,2.67905
2016,TM_TAX_WMFN,Israel,TEX,3.4664
2017,TM_TAX_WMFN,Israel,AGR,10.09988
2017,TM_TAX_WMFN,Israel,OIL,0.0
2017,TM_TAX_WMFN,Israel,TEX,3.49605
2017,TM_TAX_WMFN,Israel,IND,2.86577
2017,TM_TAX_WMFN,Israel,ALP,3.58381
2018,TM_TAX_WMFN,Republic of Moldova,ALP,5.3776
2018,TM_TAX_WMFN,Republic of Moldova,AGR,14.43922
2018,TM_TAX_WMFN,Republic of Moldova,CLO,11.94424
2018,TM_TAX_WMFN,Republic of Moldova,IND,3.48041
2018,TM_TAX_WMFN,Republic of Moldova,TEX,5.40972
2018,TM_TAX_WMFN,Republic of Moldova,OIL,0.0
2019,TM_TAX_WMFN,Republic of Moldova,AGR,12.49934
2019,TM_TAX_WMFN,Republic of Moldova,CLO,11.92158
2019,TM_TAX_WMFN,Republic of Moldova,ALP,4.98632
2019,TM_TAX_WMFN,Republic of Moldova,TEX,5.3869
2019,TM_TAX_WMFN,Republic of Moldova,IND,3.45146
2021,TM_TAX_WMFN,Viet Nam,ARM,0.1314
2005,TM_TAX_WMFN,Switzerland,ALP,2.87802
2005,TM_TAX_WMFN,Switzerland,TEX,5.20982
2005,TM_TAX_WMFN,Switzerland,CLO,5.09756
2005,TM_TAX_WMFN,Switzerland,ARM,0.72294
2005,TM_TAX_WMFN,Switzerland,OIL,0.0
2005,TM_TAX_WMFN,Switzerland,AGR,29.88686
2005,TM_TAX_WMFN,Switzerland,IND,1.0005
2010,TM_TAX_WMFN,Switzerland,AGR,23.12616
2010,TM_TAX_WMFN,Switzerland,ALP,2.38623
2010,TM_TAX_WMFN,Switzerland,IND,0.86368
2017,TM_TAX_WMFN,Israel,CLO,5.99822
2018,TM_TAX_WMFN,Israel,CLO,5.99822
2018,TM_TAX_WMFN,Israel,ALP,3.58381
2018,TM_TAX_WMFN,Israel,IND,2.86577
2018,TM_TAX_WMFN,Israel,OIL,0.0
2018,TM_TAX_WMFN,Israel,TEX,3.49605
2018,TM_TAX_WMFN,Israel,AGR,10.09988
2019,TM_TAX_WMFN,Israel,CLO,5.99811
2019,TM_TAX_WMFN,Israel,IND,2.9614
2019,TM_TAX_WMFN,Israel,ALP,3.5552
2019,TM_TAX_WMFN,Israel,ARM,0.0
2010,TM_TAX_WMFN,China,IND,5.33099
2010,TM_TAX_WMFN,China,AGR,9.24832
2010,TM_TAX_WMFN,China,ALP,4.96107
2010,TM_TAX_WMFN,China,ARM,13.0
2010,TM_TAX_WMFN,China,TEX,8.25452
2010,TM_TAX_WMFN,China,CLO,16.05368
2010,TM_TAX_WMFN,China,OIL,0.0
2015,TM_TAX_WMFN,China,TEX,7.62605
2015,TM_TAX_WMFN,China,AGR,11.44937
2015,TM_TAX_WMFN,China,ALP,7.95732
2015,TM_TAX_WMFN,China,IND,8.58276
2019,TM_TAX_WMFN,Israel,AGR,11.17592
2019,TM_TAX_WMFN,Israel,OIL,0.0
2019,TM_TAX_WMFN,Israel,TEX,3.57716
2020,TM_TAX_WMFN,Israel,ALP,4.19868
2020,TM_TAX_WMFN,Israel,IND,3.18443
2020,TM_TAX_WMFN,Israel,TEX,3.86954
2020,TM_TAX_WMFN,Israel,OIL,0.0
2020,TM_TAX_WMFN,Israel,CLO,5.99841
2020,TM_TAX_WMFN,Israel,AGR,11.81074
2021,TM_TAX_WMFN,Israel,ALP,4.16572
2021,TM_TAX_WMFN,Israel,ARM,0.0
2015,TM_TAX_WMFN,China,OIL,0.0
2015,TM_TAX_WMFN,China,CLO,16.04804
2015,TM_TAX_WMFN,China,ARM,13.00884
2016,TM_TAX_WMFN,China,IND,4.74178
2016,TM_TAX_WMFN,China,AGR,11.97813
2016,TM_TAX_WMFN,China,ALP,4.9324
2016,TM_TAX_WMFN,China,TEX,7.67214
2016,TM_TAX_WMFN,China,ARM,13.00884
2016,TM_TAX_WMFN,China,CLO,16.04804
2016,TM_TAX_WMFN,China,OIL,0.0
2017,TM_TAX_WMFN,China,TEX,7.77565
2020,TM_TAX_WMFN,Republic of Moldova,AGR,12.63155
2020,TM_TAX_WMFN,Republic of Moldova,CLO,11.91162
2020,TM_TAX_WMFN,Republic of Moldova,ALP,4.93838
2020,TM_TAX_WMFN,Republic of Moldova,IND,3.22005
2020,TM_TAX_WMFN,Republic of Moldova,TEX,5.19208
2021,TM_TAX_WMFN,Republic of Moldova,TEX,5.90112
2021,TM_TAX_WMFN,Republic of Moldova,OIL,0.0
2021,TM_TAX_WMFN,Republic of Moldova,IND,2.882
2021,TM_TAX_WMFN,Republic of Moldova,ALP,4.63548
2021,TM_TAX_WMFN,Republic of Moldova,AGR,13.45514
2021,TM_TAX_WMFN,Republic of Moldova,CLO,11.90415
2017,TM_TAX_WMFN,China,ALP,4.80365
2017,TM_TAX_WMFN,China,IND,4.67757
2017,TM_TAX_WMFN,China,AGR,11.91669
2017,TM_TAX_WMFN,China,OIL,0.0
2017,TM_TAX_WMFN,China,CLO,16.05981
2017,TM_TAX_WMFN,China,ARM,13.0
2018,TM_TAX_WMFN,China,TEX,7.77561
2018,TM_TAX_WMFN,China,IND,4.59217
2018,TM_TAX_WMFN,China,ALP,4.72926
2018,TM_TAX_WMFN,China,ARM,13.0
2018,TM_TAX_WMFN,China,CLO,16.01563
2018,TM_TAX_WMFN,China,OIL,0.0
2018,TM_TAX_WMFN,China,AGR,11.83179
2019,TM_TAX_WMFN,China,IND,3.31756
2019,TM_TAX_WMFN,China,TEX,6.49309
2019,TM_TAX_WMFN,China,AGR,11.98362
2019,TM_TAX_WMFN,China,OIL,0.0
2019,TM_TAX_WMFN,China,ALP,3.56133
2019,TM_TAX_WMFN,China,ARM,13.0
2019,TM_TAX_WMFN,China,CLO,6.90803
2020,TM_TAX_WMFN,China,TEX,6.36029
2020,TM_TAX_WMFN,China,OIL,0.0
2021,TM_TAX_WMFN,Israel,AGR,11.26293
2021,TM_TAX_WMFN,Israel,OIL,0.0
2021,TM_TAX_WMFN,Israel,TEX,3.86668
2021,TM_TAX_WMFN,Israel,CLO,5.99865
2021,TM_TAX_WMFN,Israel,IND,3.22976
2005,TM_TAX_WMFN,Japan,ALP,3.00412
2005,TM_TAX_WMFN,Japan,AGR,18.45391
2005,TM_TAX_WMFN,Japan,TEX,6.1323
2005,TM_TAX_WMFN,Japan,OIL,0.38568
2005,TM_TAX_WMFN,Japan,CLO,9.30498
2005,TM_TAX_WMFN,Japan,ARM,8.13362
2010,TM_TAX_WMFN,Switzerland,OIL,0.0
2010,TM_TAX_WMFN,Switzerland,ARM,0.5881
2010,TM_TAX_WMFN,Switzerland,CLO,4.66825
2010,TM_TAX_WMFN,Switzerland,TEX,5.11703
2015,TM_TAX_WMFN,Switzerland,TEX,4.91674
2015,TM_TAX_WMFN,Switzerland,CLO,4.92254
2015,TM_TAX_WMFN,Switzerland,ARM,0.80958
2015,TM_TAX_WMFN,Switzerland,OIL,0.0
2015,TM_TAX_WMFN,Switzerland,IND,0.64953
2015,TM_TAX_WMFN,Switzerland,AGR,26.52907
2015,TM_TAX_WMFN,Switzerland,ALP,1.98025
2020,TM_TAX_WMFN,China,CLO,6.95881
2020,TM_TAX_WMFN,China,ARM,13.0
2020,TM_TAX_WMFN,China,IND,3.22128
2020,TM_TAX_WMFN,China,ALP,3.78728
2020,TM_TAX_WMFN,China,AGR,12.67652
2021,TM_TAX_WMFN,China,OIL,0.0
2021,TM_TAX_WMFN,China,TEX,6.24021
2021,TM_TAX_WMFN,China,AGR,13.71225
2021,TM_TAX_WMFN,China,ALP,3.67793
2021,TM_TAX_WMFN,China,IND,3.0128
2021,TM_TAX_WMFN,China,ARM,13.0
2005,TM_TAX_WMFN,Japan,IND,1.17898
2010,TM_TAX_WMFN,Japan,OIL,0.0
2010,TM_TAX_WMFN,Japan,TEX,5.90092
2010,TM_TAX_WMFN,Japan,AGR,14.03436
2010,TM_TAX_WMFN,Japan,ALP,2.24818
2010,TM_TAX_WMFN,Japan,ARM,8.21653
2010,TM_TAX_WMFN,Japan,CLO,9.30095
2010,TM_TAX_WMFN,Japan,IND,0.95321
2015,TM_TAX_WMFN,Japan,ALP,2.21025
2015,TM_TAX_WMFN,Japan,AGR,11.13865
2015,TM_TAX_WMFN,Japan,TEX,5.58796
2016,TM_TAX_WMFN,Switzerland,ALP,1.82761
2016,TM_TAX_WMFN,Switzerland,AGR,24.79414
2016,TM_TAX_WMFN,Switzerland,OIL,0.0
2016,TM_TAX_WMFN,Switzerland,IND,0.60458
2016,TM_TAX_WMFN,Switzerland,ARM,0.85688
2016,TM_TAX_WMFN,Switzerland,CLO,3.78495
2016,TM_TAX_WMFN,Switzerland,TEX,4.26053
2017,TM_TAX_WMFN,Switzerland,TEX,4.41067
2017,TM_TAX_WMFN,Switzerland,OIL,0.0
2017,TM_TAX_WMFN,Switzerland,CLO,3.97108
2017,TM_TAX_WMFN,Switzerland,ARM,0.96157
2021,TM_TAX_WMFN,China,CLO,6.91283
2005,TM_TAX_WMFN,Colombia,ARM,18.42634
2005,TM_TAX_WMFN,Colombia,IND,10.33583
2005,TM_TAX_WMFN,Colombia,AGR,16.40848
2005,TM_TAX_WMFN,Colombia,ALP,11.22892
2005,TM_TAX_WMFN,Colombia,TEX,16.90198
2005,TM_TAX_WMFN,Colombia,OIL,10.0
2005,TM_TAX_WMFN,Colombia,CLO,20.0
2010,TM_TAX_WMFN,Colombia,IND,10.69575
2010,TM_TAX_WMFN,Colombia,ARM,17.08757
2010,TM_TAX_WMFN,Colombia,CLO,20.0
2017,TM_TAX_WMFN,Switzerland,IND,0.64989
2017,TM_TAX_WMFN,Switzerland,ALP,1.85886
2017,TM_TAX_WMFN,Switzerland,AGR,24.6642
2018,TM_TAX_WMFN,Switzerland,AGR,23.0021
2018,TM_TAX_WMFN,Switzerland,CLO,4.03501
2018,TM_TAX_WMFN,Switzerland,ARM,1.01006
2018,TM_TAX_WMFN,Switzerland,IND,0.66031
2018,TM_TAX_WMFN,Switzerland,TEX,4.4981
2018,TM_TAX_WMFN,Switzerland,OIL,0.0
2018,TM_TAX_WMFN,Switzerland,ALP,1.79559
2019,TM_TAX_WMFN,Switzerland,TEX,4.64755
2015,TM_TAX_WMFN,Japan,OIL,0.0
2015,TM_TAX_WMFN,Japan,ARM,7.84499
2015,TM_TAX_WMFN,Japan,CLO,9.28842
2015,TM_TAX_WMFN,Japan,IND,0.99137
2016,TM_TAX_WMFN,Japan,TEX,5.58796
2016,TM_TAX_WMFN,Japan,AGR,11.13865
2016,TM_TAX_WMFN,Japan,ALP,2.21025
2016,TM_TAX_WMFN,Japan,CLO,9.28842
2016,TM_TAX_WMFN,Japan,IND,0.99137
2016,TM_TAX_WMFN,Japan,ARM,7.84499
2016,TM_TAX_WMFN,Japan,OIL,0.0
2010,TM_TAX_WMFN,Colombia,OIL,10.0
2010,TM_TAX_WMFN,Colombia,TEX,17.22489
2010,TM_TAX_WMFN,Colombia,ALP,11.364
2010,TM_TAX_WMFN,Colombia,AGR,14.05899
2015,TM_TAX_WMFN,Colombia,IND,5.43995
2015,TM_TAX_WMFN,Colombia,AGR,17.86896
2015,TM_TAX_WMFN,Colombia,ALP,6.99019
2015,TM_TAX_WMFN,Colombia,TEX,9.65933
2015,TM_TAX_WMFN,Colombia,OIL,5.0
2015,TM_TAX_WMFN,Colombia,CLO,15.0
2015,TM_TAX_WMFN,Colombia,ARM,14.52021
2019,TM_TAX_WMFN,Switzerland,OIL,0.0
2019,TM_TAX_WMFN,Switzerland,CLO,3.99293
2019,TM_TAX_WMFN,Switzerland,IND,0.65338
2019,TM_TAX_WMFN,Switzerland,ARM,0.74693
2019,TM_TAX_WMFN,Switzerland,AGR,21.28568
2019,TM_TAX_WMFN,Switzerland,ALP,1.71021
2020,TM_TAX_WMFN,Switzerland,ALP,1.65826
2020,TM_TAX_WMFN,Switzerland,CLO,3.63118
2020,TM_TAX_WMFN,Switzerland,TEX,2.98798
2020,TM_TAX_WMFN,Switzerland,OIL,0.0
2020,TM_TAX_WMFN,Switzerland,ARM,0.70452
2020,TM_TAX_WMFN,Switzerland,AGR,20.98726
2020,TM_TAX_WMFN,Switzerland,IND,0.60453
2021,TM_TAX_WMFN,Switzerland,OIL,0.0
2021,TM_TAX_WMFN,Switzerland,TEX,4.65486
2021,TM_TAX_WMFN,Switzerland,CLO,4.0151
2021,TM_TAX_WMFN,Switzerland,IND,0.65986
2021,TM_TAX_WMFN,Switzerland,ALP,1.66237
2021,TM_TAX_WMFN,Switzerland,ARM,0.91062
2021,TM_TAX_WMFN,Switzerland,AGR,19.2359
2005,TM_TAX_WMFN,Tajikistan,ARM,0.0
2005,TM_TAX_WMFN,Tajikistan,AGR,8.34136
2017,TM_TAX_WMFN,Japan,ALP,2.45823
2017,TM_TAX_WMFN,Japan,AGR,15.84717
2017,TM_TAX_WMFN,Japan,TEX,5.52508
2017,TM_TAX_WMFN,Japan,OIL,0.0
2017,TM_TAX_WMFN,Japan,ARM,7.65787
2017,TM_TAX_WMFN,Japan,IND,0.7945
2017,TM_TAX_WMFN,Japan,CLO,8.96917
2018,TM_TAX_WMFN,Japan,OIL,0.0
2018,TM_TAX_WMFN,Japan,AGR,16.25904
2018,TM_TAX_WMFN,Japan,CLO,8.27476
2018,TM_TAX_WMFN,Japan,IND,0.80311
2016,TM_TAX_WMFN,Colombia,ARM,14.52021
2016,TM_TAX_WMFN,Colombia,CLO,15.0
2016,TM_TAX_WMFN,Colombia,IND,5.43995
2016,TM_TAX_WMFN,Colombia,TEX,9.65933
2016,TM_TAX_WMFN,Colombia,OIL,5.0
2016,TM_TAX_WMFN,Colombia,ALP,6.99019
2016,TM_TAX_WMFN,Colombia,AGR,17.86896
2017,TM_TAX_WMFN,Colombia,AGR,17.07404
2017,TM_TAX_WMFN,Colombia,ALP,9.51657
2017,TM_TAX_WMFN,Colombia,OIL,5.0
2017,TM_TAX_WMFN,Colombia,TEX,10.42796
2005,TM_TAX_WMFN,Tajikistan,ALP,6.87547
2005,TM_TAX_WMFN,Tajikistan,IND,6.08253
2005,TM_TAX_WMFN,Tajikistan,CLO,10.54617
2005,TM_TAX_WMFN,Tajikistan,TEX,12.22635
2005,TM_TAX_WMFN,Tajikistan,OIL,5.0
2010,TM_TAX_WMFN,Tajikistan,TEX,11.58112
2010,TM_TAX_WMFN,Tajikistan,IND,7.02577
2010,TM_TAX_WMFN,Tajikistan,CLO,10.0
2010,TM_TAX_WMFN,Tajikistan,AGR,7.83959
2010,TM_TAX_WMFN,Tajikistan,ALP,8.06645
2010,TM_TAX_WMFN,Tajikistan,ARM,10.81035
2018,TM_TAX_WMFN,Japan,ALP,2.41912
2018,TM_TAX_WMFN,Japan,ARM,7.65787
2018,TM_TAX_WMFN,Japan,TEX,5.46006
2019,TM_TAX_WMFN,Japan,OIL,0.0
2019,TM_TAX_WMFN,Japan,TEX,5.49626
2019,TM_TAX_WMFN,Japan,AGR,17.33178
2019,TM_TAX_WMFN,Japan,ARM,8.11587
2019,TM_TAX_WMFN,Japan,ALP,2.55229
2019,TM_TAX_WMFN,Japan,IND,0.78789
2019,TM_TAX_WMFN,Japan,CLO,9.04358
2020,TM_TAX_WMFN,Japan,OIL,0.0
2017,TM_TAX_WMFN,Colombia,IND,8.21922
2017,TM_TAX_WMFN,Colombia,CLO,15.0
2017,TM_TAX_WMFN,Colombia,ARM,13.59236
2018,TM_TAX_WMFN,Colombia,ARM,13.59236
2018,TM_TAX_WMFN,Colombia,IND,6.03731
2018,TM_TAX_WMFN,Colombia,TEX,9.70029
2018,TM_TAX_WMFN,Colombia,OIL,5.0
2018,TM_TAX_WMFN,Colombia,CLO,15.0
2018,TM_TAX_WMFN,Colombia,ALP,7.56646
2018,TM_TAX_WMFN,Colombia,AGR,16.0701
2019,TM_TAX_WMFN,Colombia,AGR,16.72621
2020,TM_TAX_WMFN,Japan,CLO,9.00036
2020,TM_TAX_WMFN,Japan,IND,0.77595
2020,TM_TAX_WMFN,Japan,ALP,2.82194
2020,TM_TAX_WMFN,Japan,ARM,7.68754
2020,TM_TAX_WMFN,Japan,TEX,5.28902
2020,TM_TAX_WMFN,Japan,AGR,18.09537
2021,TM_TAX_WMFN,Japan,OIL,0.0
2021,TM_TAX_WMFN,Japan,AGR,18.06314
2021,TM_TAX_WMFN,Japan,ARM,7.74167
2021,TM_TAX_WMFN,Japan,IND,0.70744
2021,TM_TAX_WMFN,Japan,TEX,5.35282
2015,TM_TAX_WMFN,Tajikistan,CLO,10.299
2015,TM_TAX_WMFN,Tajikistan,ALP,7.44373
2015,TM_TAX_WMFN,Tajikistan,TEX,12.6269
2015,TM_TAX_WMFN,Tajikistan,IND,6.62297
2015,TM_TAX_WMFN,Tajikistan,ARM,4.24528
2015,TM_TAX_WMFN,Tajikistan,AGR,7.41095
2020,TM_TAX_WMFN,Tajikistan,OIL,9.71429
2020,TM_TAX_WMFN,Tajikistan,TEX,10.76616
2020,TM_TAX_WMFN,Tajikistan,IND,5.66162
2020,TM_TAX_WMFN,Tajikistan,CLO,19.09762
2020,TM_TAX_WMFN,Tajikistan,AGR,7.89854
2021,TM_TAX_WMFN,Japan,ALP,2.50666
2021,TM_TAX_WMFN,Japan,CLO,9.00647
2005,TM_TAX_WMFN,Kazakhstan,ALP,6.19207
2005,TM_TAX_WMFN,Kazakhstan,AGR,15.96617
2005,TM_TAX_WMFN,Kazakhstan,TEX,10.97898
2005,TM_TAX_WMFN,Kazakhstan,IND,5.35966
2005,TM_TAX_WMFN,Kazakhstan,OIL,5.0
2005,TM_TAX_WMFN,Kazakhstan,CLO,5.90949
2010,TM_TAX_WMFN,Kazakhstan,ALP,6.53956
2010,TM_TAX_WMFN,Kazakhstan,CLO,11.22635
2010,TM_TAX_WMFN,Kazakhstan,IND,6.10786
2019,TM_TAX_WMFN,Colombia,CLO,15.0
2019,TM_TAX_WMFN,Colombia,OIL,0.0
2019,TM_TAX_WMFN,Colombia,TEX,9.38291
2019,TM_TAX_WMFN,Colombia,ALP,7.36931
2019,TM_TAX_WMFN,Colombia,IND,5.72417
2019,TM_TAX_WMFN,Colombia,ARM,13.55608
2020,TM_TAX_WMFN,Colombia,ALP,7.51661
2020,TM_TAX_WMFN,Colombia,IND,5.33719
2020,TM_TAX_WMFN,Colombia,TEX,10.67776
2020,TM_TAX_WMFN,Colombia,OIL,0.0
2020,TM_TAX_WMFN,Colombia,CLO,15.0
2010,TM_TAX_WMFN,Montenegro,AGR,18.7742
2010,TM_TAX_WMFN,Montenegro,IND,4.01854
2010,TM_TAX_WMFN,Montenegro,TEX,7.95106
2010,TM_TAX_WMFN,Montenegro,OIL,1.0
2010,TM_TAX_WMFN,Montenegro,ARM,18.21911
2010,TM_TAX_WMFN,Montenegro,CLO,10.0
2010,TM_TAX_WMFN,Montenegro,ALP,7.86741
2015,TM_TAX_WMFN,Montenegro,IND,2.70793
2015,TM_TAX_WMFN,Montenegro,ALP,7.41341
2015,TM_TAX_WMFN,Montenegro,AGR,20.5557
2015,TM_TAX_WMFN,Montenegro,CLO,10.0
2020,TM_TAX_WMFN,Colombia,AGR,17.37401
2020,TM_TAX_WMFN,Colombia,ARM,13.88429
2021,TM_TAX_WMFN,Colombia,AGR,15.68848
2021,TM_TAX_WMFN,Colombia,CLO,19.71504
2021,TM_TAX_WMFN,Colombia,TEX,8.91299
2021,TM_TAX_WMFN,Colombia,OIL,0.0
2021,TM_TAX_WMFN,Colombia,IND,5.32021
2021,TM_TAX_WMFN,Colombia,ALP,7.03975
2021,TM_TAX_WMFN,Colombia,ARM,12.15532
2005,TM_TAX_WMFN,Uzbekistan,ALP,16.48098
2005,TM_TAX_WMFN,Uzbekistan,AGR,24.95385
2015,TM_TAX_WMFN,Montenegro,ARM,17.5
2015,TM_TAX_WMFN,Montenegro,TEX,7.02086
2016,TM_TAX_WMFN,Montenegro,TEX,6.99853
2016,TM_TAX_WMFN,Montenegro,OIL,0.0
2016,TM_TAX_WMFN,Montenegro,ARM,15.0
2016,TM_TAX_WMFN,Montenegro,IND,2.52089
2016,TM_TAX_WMFN,Montenegro,ALP,6.68272
2016,TM_TAX_WMFN,Montenegro,CLO,10.0
2016,TM_TAX_WMFN,Montenegro,AGR,18.13864
2017,TM_TAX_WMFN,Montenegro,AGR,15.47474
2017,TM_TAX_WMFN,Montenegro,CLO,10.0
2005,TM_TAX_WMFN,Uzbekistan,ARM,16.47059
2005,TM_TAX_WMFN,Uzbekistan,OIL,20.0
2005,TM_TAX_WMFN,Uzbekistan,TEX,30.29298
2005,TM_TAX_WMFN,Uzbekistan,CLO,34.46508
2005,TM_TAX_WMFN,Uzbekistan,IND,14.94839
2010,TM_TAX_WMFN,Uzbekistan,TEX,27.14036
2010,TM_TAX_WMFN,Uzbekistan,ARM,5.42282
2010,TM_TAX_WMFN,Uzbekistan,ALP,16.88729
2010,TM_TAX_WMFN,Uzbekistan,IND,15.97558
2010,TM_TAX_WMFN,Uzbekistan,CLO,30.95247
2010,TM_TAX_WMFN,Uzbekistan,AGR,19.71077
2020,TM_TAX_WMFN,Tajikistan,ARM,12.14936
2020,TM_TAX_WMFN,Tajikistan,ALP,6.41859
2021,TM_TAX_WMFN,Tajikistan,IND,5.66231
2021,TM_TAX_WMFN,Tajikistan,OIL,9.71429
2021,TM_TAX_WMFN,Tajikistan,TEX,10.04895
2021,TM_TAX_WMFN,Tajikistan,ALP,6.39575
2021,TM_TAX_WMFN,Tajikistan,ARM,11.04211
2021,TM_TAX_WMFN,Tajikistan,AGR,7.90114
2021,TM_TAX_WMFN,Tajikistan,CLO,19.15045
2005,TM_TAX_WMFN,United Arab Emirates,TEX,4.97988
2005,TM_TAX_WMFN,United Arab Emirates,OIL,5.0
2010,TM_TAX_WMFN,Uzbekistan,OIL,20.0
2015,TM_TAX_WMFN,Uzbekistan,ALP,15.33675
2015,TM_TAX_WMFN,Uzbekistan,ARM,5.04797
2015,TM_TAX_WMFN,Uzbekistan,OIL,20.0
2015,TM_TAX_WMFN,Uzbekistan,IND,14.45613
2015,TM_TAX_WMFN,Uzbekistan,TEX,25.73322
2015,TM_TAX_WMFN,Uzbekistan,AGR,17.66188
2015,TM_TAX_WMFN,Uzbekistan,CLO,31.48607
2019,TM_TAX_WMFN,Uzbekistan,ALP,14.8091
2019,TM_TAX_WMFN,Uzbekistan,CLO,30.85255
2019,TM_TAX_WMFN,Uzbekistan,IND,13.89081
2017,TM_TAX_WMFN,Montenegro,IND,2.36823
2017,TM_TAX_WMFN,Montenegro,ALP,5.59128
2017,TM_TAX_WMFN,Montenegro,ARM,14.99275
2017,TM_TAX_WMFN,Montenegro,TEX,7.22749
2018,TM_TAX_WMFN,Montenegro,TEX,7.22749
2018,TM_TAX_WMFN,Montenegro,ARM,14.99275
2018,TM_TAX_WMFN,Montenegro,ALP,5.5964
2018,TM_TAX_WMFN,Montenegro,IND,2.35162
2018,TM_TAX_WMFN,Montenegro,CLO,10.0
2018,TM_TAX_WMFN,Montenegro,AGR,15.6768
2019,TM_TAX_WMFN,Montenegro,ALP,5.38531
2005,TM_TAX_WMFN,United Arab Emirates,IND,4.33955
2005,TM_TAX_WMFN,United Arab Emirates,CLO,5.0
2005,TM_TAX_WMFN,United Arab Emirates,ARM,5.0
2005,TM_TAX_WMFN,United Arab Emirates,AGR,13.82409
2005,TM_TAX_WMFN,United Arab Emirates,ALP,5.17799
2010,TM_TAX_WMFN,United Arab Emirates,ARM,5.0
2010,TM_TAX_WMFN,United Arab Emirates,CLO,5.0
2010,TM_TAX_WMFN,United Arab Emirates,OIL,5.0
2010,TM_TAX_WMFN,United Arab Emirates,TEX,4.98425
2010,TM_TAX_WMFN,United Arab Emirates,ALP,4.09383
2010,TM_TAX_WMFN,United Arab Emirates,AGR,6.07182
2010,TM_TAX_WMFN,Kazakhstan,OIL,0.0
2010,TM_TAX_WMFN,Kazakhstan,TEX,10.93254
2010,TM_TAX_WMFN,Kazakhstan,AGR,13.36855
2015,TM_TAX_WMFN,Kazakhstan,ALP,6.54329
2015,TM_TAX_WMFN,Kazakhstan,AGR,13.62501
2015,TM_TAX_WMFN,Kazakhstan,TEX,10.0667
2015,TM_TAX_WMFN,Kazakhstan,IND,5.54958
2015,TM_TAX_WMFN,Kazakhstan,CLO,10.32199
2015,TM_TAX_WMFN,Kazakhstan,OIL,1.25
2016,TM_TAX_WMFN,Kazakhstan,OIL,0.00029
2016,TM_TAX_WMFN,Kazakhstan,IND,2.75454
2019,TM_TAX_WMFN,Uzbekistan,AGR,20.79136
2019,TM_TAX_WMFN,Uzbekistan,TEX,24.82065
2019,TM_TAX_WMFN,Uzbekistan,OIL,20.0
2020,TM_TAX_WMFN,Uzbekistan,ALP,6.83048
2020,TM_TAX_WMFN,Uzbekistan,ARM,0.0
2020,TM_TAX_WMFN,Uzbekistan,AGR,13.31541
2020,TM_TAX_WMFN,Uzbekistan,OIL,0.0
2020,TM_TAX_WMFN,Uzbekistan,TEX,9.26586
2020,TM_TAX_WMFN,Uzbekistan,IND,5.92489
2020,TM_TAX_WMFN,Uzbekistan,CLO,22.01092
2021,TM_TAX_WMFN,Uzbekistan,ARM,0.0
2010,TM_TAX_WMFN,United Arab Emirates,IND,3.90307
2015,TM_TAX_WMFN,United Arab Emirates,TEX,4.98171
2015,TM_TAX_WMFN,United Arab Emirates,OIL,5.0
2015,TM_TAX_WMFN,United Arab Emirates,CLO,5.0
2015,TM_TAX_WMFN,United Arab Emirates,IND,3.08108
2015,TM_TAX_WMFN,United Arab Emirates,ARM,5.0
2015,TM_TAX_WMFN,United Arab Emirates,AGR,14.05275
2015,TM_TAX_WMFN,United Arab Emirates,ALP,3.93935
2016,TM_TAX_WMFN,United Arab Emirates,IND,3.22351
2016,TM_TAX_WMFN,United Arab Emirates,CLO,5.0
2016,TM_TAX_WMFN,United Arab Emirates,OIL,5.0
2016,TM_TAX_WMFN,Kazakhstan,CLO,7.48103
2016,TM_TAX_WMFN,Kazakhstan,TEX,5.82002
2016,TM_TAX_WMFN,Kazakhstan,AGR,7.21874
2016,TM_TAX_WMFN,Kazakhstan,ALP,3.38843
2017,TM_TAX_WMFN,Kazakhstan,TEX,5.19507
2017,TM_TAX_WMFN,Kazakhstan,IND,2.67887
2017,TM_TAX_WMFN,Kazakhstan,OIL,0.0
2017,TM_TAX_WMFN,Kazakhstan,CLO,6.81555
2017,TM_TAX_WMFN,Kazakhstan,ALP,3.12397
2017,TM_TAX_WMFN,Kazakhstan,AGR,5.61463
2018,TM_TAX_WMFN,Kazakhstan,CLO,6.49669
2019,TM_TAX_WMFN,Montenegro,ARM,10.12249
2019,TM_TAX_WMFN,Montenegro,TEX,7.40278
2019,TM_TAX_WMFN,Montenegro,OIL,0.0
2019,TM_TAX_WMFN,Montenegro,AGR,15.83241
2019,TM_TAX_WMFN,Montenegro,CLO,10.0
2019,TM_TAX_WMFN,Montenegro,IND,2.28702
2020,TM_TAX_WMFN,Montenegro,TEX,7.58392
2020,TM_TAX_WMFN,Montenegro,ARM,8.29803
2020,TM_TAX_WMFN,Montenegro,ALP,5.65709
2020,TM_TAX_WMFN,Montenegro,IND,2.37836
2020,TM_TAX_WMFN,Montenegro,CLO,10.0
2018,TM_TAX_WMFN,Kazakhstan,OIL,0.0
2018,TM_TAX_WMFN,Kazakhstan,IND,2.60676
2018,TM_TAX_WMFN,Kazakhstan,TEX,5.20675
2018,TM_TAX_WMFN,Kazakhstan,ALP,3.07316
2018,TM_TAX_WMFN,Kazakhstan,AGR,5.7364
2019,TM_TAX_WMFN,Kazakhstan,CLO,6.10297
2019,TM_TAX_WMFN,Kazakhstan,ALP,2.86787
2019,TM_TAX_WMFN,Kazakhstan,AGR,5.39389
2019,TM_TAX_WMFN,Kazakhstan,TEX,5.76583
2019,TM_TAX_WMFN,Kazakhstan,ARM,15.01366
2019,TM_TAX_WMFN,Kazakhstan,IND,2.29455
2019,TM_TAX_WMFN,Kazakhstan,OIL,0.0
2020,TM_TAX_WMFN,Kazakhstan,ALP,2.75552
2020,TM_TAX_WMFN,Kazakhstan,CLO,6.06304
2020,TM_TAX_WMFN,Kazakhstan,OIL,0.10407
2020,TM_TAX_WMFN,Kazakhstan,IND,2.3715
2020,TM_TAX_WMFN,Kazakhstan,TEX,5.63666
2020,TM_TAX_WMFN,Kazakhstan,AGR,4.74215
2021,TM_TAX_WMFN,Kazakhstan,AGR,4.26504
2021,TM_TAX_WMFN,Kazakhstan,OIL,0.0
2021,TM_TAX_WMFN,Kazakhstan,TEX,5.50199
2021,TM_TAX_WMFN,Kazakhstan,IND,1.91824
2020,TM_TAX_WMFN,Montenegro,AGR,15.55804
2021,TM_TAX_WMFN,Montenegro,TEX,7.8286
2021,TM_TAX_WMFN,Montenegro,AGR,15.50966
2021,TM_TAX_WMFN,Montenegro,CLO,10.0
2021,TM_TAX_WMFN,Montenegro,IND,2.17148
2021,TM_TAX_WMFN,Montenegro,ALP,5.66419
2021,TM_TAX_WMFN,Montenegro,ARM,15.0
2005,TM_TAX_WMFN,New Zealand,ARM,0.57845
2005,TM_TAX_WMFN,New Zealand,CLO,13.23939
2005,TM_TAX_WMFN,New Zealand,IND,2.7633
2005,TM_TAX_WMFN,New Zealand,OIL,0.0
2016,TM_TAX_WMFN,United Arab Emirates,TEX,4.98256
2016,TM_TAX_WMFN,United Arab Emirates,AGR,7.82713
2016,TM_TAX_WMFN,United Arab Emirates,ALP,3.68791
2016,TM_TAX_WMFN,United Arab Emirates,ARM,5.0
2017,TM_TAX_WMFN,United Arab Emirates,TEX,4.98056
2017,TM_TAX_WMFN,United Arab Emirates,OIL,5.0
2017,TM_TAX_WMFN,United Arab Emirates,CLO,5.0
2017,TM_TAX_WMFN,United Arab Emirates,IND,2.94514
2017,TM_TAX_WMFN,United Arab Emirates,ALP,3.76744
2017,TM_TAX_WMFN,United Arab Emirates,ARM,5.0
2017,TM_TAX_WMFN,United Arab Emirates,AGR,12.4036
2021,TM_TAX_WMFN,Kazakhstan,CLO,7.56145
2021,TM_TAX_WMFN,Kazakhstan,ALP,2.38639
2005,TM_TAX_WMFN,Republic of Korea,TEX,8.51779
2005,TM_TAX_WMFN,Republic of Korea,OIL,5.0
2005,TM_TAX_WMFN,Republic of Korea,ARM,0.09439
2005,TM_TAX_WMFN,Republic of Korea,AGR,86.02978
2005,TM_TAX_WMFN,Republic of Korea,CLO,12.85399
2005,TM_TAX_WMFN,Republic of Korea,IND,4.02337
2005,TM_TAX_WMFN,Republic of Korea,ALP,7.90108
2010,TM_TAX_WMFN,Republic of Korea,TEX,8.07893
2010,TM_TAX_WMFN,Republic of Korea,ARM,0.09028
2018,TM_TAX_WMFN,United Arab Emirates,ALP,4.276
2018,TM_TAX_WMFN,United Arab Emirates,IND,2.94583
2018,TM_TAX_WMFN,United Arab Emirates,CLO,5.0
2018,TM_TAX_WMFN,United Arab Emirates,OIL,5.0
2018,TM_TAX_WMFN,United Arab Emirates,AGR,18.81441
2018,TM_TAX_WMFN,United Arab Emirates,ARM,5.0
2018,TM_TAX_WMFN,United Arab Emirates,TEX,4.98056
2019,TM_TAX_WMFN,United Arab Emirates,OIL,5.0
2019,TM_TAX_WMFN,United Arab Emirates,CLO,5.0
2019,TM_TAX_WMFN,United Arab Emirates,ALP,4.34162
2019,TM_TAX_WMFN,United Arab Emirates,ARM,5.0
2019,TM_TAX_WMFN,United Arab Emirates,IND,3.13092
2019,TM_TAX_WMFN,United Arab Emirates,TEX,4.9639
2019,TM_TAX_WMFN,United Arab Emirates,AGR,19.76487
2020,TM_TAX_WMFN,United Arab Emirates,ALP,4.22286
2020,TM_TAX_WMFN,United Arab Emirates,CLO,5.0
2020,TM_TAX_WMFN,United Arab Emirates,IND,2.75282
2020,TM_TAX_WMFN,United Arab Emirates,OIL,5.0
2020,TM_TAX_WMFN,United Arab Emirates,AGR,21.32968
2020,TM_TAX_WMFN,United Arab Emirates,TEX,4.9576
2020,TM_TAX_WMFN,United Arab Emirates,ARM,5.0
2021,TM_TAX_WMFN,United Arab Emirates,IND,2.60298
2010,TM_TAX_WMFN,Republic of Korea,IND,3.7523
2010,TM_TAX_WMFN,Republic of Korea,CLO,12.79836
2010,TM_TAX_WMFN,Republic of Korea,AGR,81.91336
2010,TM_TAX_WMFN,Republic of Korea,ALP,7.19631
2010,TM_TAX_WMFN,Republic of Korea,OIL,3.0
2015,TM_TAX_WMFN,Republic of Korea,TEX,8.23326
2015,TM_TAX_WMFN,Republic of Korea,OIL,3.0
2015,TM_TAX_WMFN,Republic of Korea,ALP,8.70996
2015,TM_TAX_WMFN,Republic of Korea,AGR,81.15524
2015,TM_TAX_WMFN,Republic of Korea,CLO,12.84372
2015,TM_TAX_WMFN,Republic of Korea,IND,4.21863
2005,TM_TAX_WMFN,New Zealand,TEX,6.16314
2005,TM_TAX_WMFN,New Zealand,AGR,3.0092
2005,TM_TAX_WMFN,New Zealand,ALP,2.93271
2010,TM_TAX_WMFN,New Zealand,CLO,12.37759
2010,TM_TAX_WMFN,New Zealand,ARM,0.53385
2010,TM_TAX_WMFN,New Zealand,ALP,2.04957
2010,TM_TAX_WMFN,New Zealand,AGR,2.53861
2010,TM_TAX_WMFN,New Zealand,TEX,4.3817
2010,TM_TAX_WMFN,New Zealand,OIL,0.0
2010,TM_TAX_WMFN,New Zealand,IND,1.75855
2015,TM_TAX_WMFN,New Zealand,ARM,0.93629
2021,TM_TAX_WMFN,United Arab Emirates,OIL,5.0
2021,TM_TAX_WMFN,United Arab Emirates,CLO,5.0
2021,TM_TAX_WMFN,United Arab Emirates,ALP,3.6262
2021,TM_TAX_WMFN,United Arab Emirates,ARM,5.0
2021,TM_TAX_WMFN,United Arab Emirates,TEX,4.95958
2021,TM_TAX_WMFN,United Arab Emirates,AGR,16.8053
2005,TM_TAX_WMFN,Trkiye,ALP,4.16034
2005,TM_TAX_WMFN,Trkiye,IND,3.59827
2005,TM_TAX_WMFN,Trkiye,CLO,11.5328
2005,TM_TAX_WMFN,Trkiye,TEX,5.87419
2005,TM_TAX_WMFN,Trkiye,OIL,0.0
2015,TM_TAX_WMFN,Republic of Korea,ARM,0.23439
2016,TM_TAX_WMFN,Republic of Korea,ARM,0.23565
2016,TM_TAX_WMFN,Republic of Korea,ALP,8.62162
2016,TM_TAX_WMFN,Republic of Korea,IND,4.20765
2016,TM_TAX_WMFN,Republic of Korea,CLO,12.8436
2016,TM_TAX_WMFN,Republic of Korea,AGR,79.73488
2016,TM_TAX_WMFN,Republic of Korea,OIL,3.0
2016,TM_TAX_WMFN,Republic of Korea,TEX,8.23354
2017,TM_TAX_WMFN,Republic of Korea,OIL,3.0
2017,TM_TAX_WMFN,Republic of Korea,AGR,71.62357
2017,TM_TAX_WMFN,Republic of Korea,CLO,12.83204
2005,TM_TAX_WMFN,Trkiye,AGR,25.78206
2005,TM_TAX_WMFN,Trkiye,ARM,2.7921
2010,TM_TAX_WMFN,Trkiye,IND,3.52852
2010,TM_TAX_WMFN,Trkiye,ALP,5.23177
2010,TM_TAX_WMFN,Trkiye,ARM,2.78815
2010,TM_TAX_WMFN,Trkiye,CLO,11.56101
2010,TM_TAX_WMFN,Trkiye,AGR,33.24441
2010,TM_TAX_WMFN,Trkiye,OIL,0.0
2010,TM_TAX_WMFN,Trkiye,TEX,5.48817
2015,TM_TAX_WMFN,Trkiye,IND,3.68797
2015,TM_TAX_WMFN,Trkiye,TEX,5.34302
2017,TM_TAX_WMFN,Republic of Korea,IND,4.92469
2017,TM_TAX_WMFN,Republic of Korea,TEX,8.2485
2017,TM_TAX_WMFN,Republic of Korea,ALP,8.57895
2017,TM_TAX_WMFN,Republic of Korea,ARM,0.26451
2018,TM_TAX_WMFN,Republic of Korea,ARM,0.26451
2018,TM_TAX_WMFN,Republic of Korea,ALP,8.57895
2018,TM_TAX_WMFN,Republic of Korea,IND,4.92469
2018,TM_TAX_WMFN,Republic of Korea,CLO,12.83204
2018,TM_TAX_WMFN,Republic of Korea,TEX,8.2485
2018,TM_TAX_WMFN,Republic of Korea,AGR,71.62357
2018,TM_TAX_WMFN,Republic of Korea,OIL,3.0
2015,TM_TAX_WMFN,Trkiye,AGR,34.40528
2015,TM_TAX_WMFN,Trkiye,CLO,11.66253
2015,TM_TAX_WMFN,Trkiye,ARM,2.75912
2015,TM_TAX_WMFN,Trkiye,ALP,5.92451
2016,TM_TAX_WMFN,Trkiye,IND,3.65453
2016,TM_TAX_WMFN,Trkiye,ALP,5.90159
2016,TM_TAX_WMFN,Trkiye,AGR,34.50635
2016,TM_TAX_WMFN,Trkiye,ARM,2.75912
2016,TM_TAX_WMFN,Trkiye,CLO,11.66252
2016,TM_TAX_WMFN,Trkiye,TEX,5.34337
2017,TM_TAX_WMFN,Trkiye,TEX,5.1464
2015,TM_TAX_WMFN,New Zealand,TEX,4.40344
2015,TM_TAX_WMFN,New Zealand,ALP,2.07794
2015,TM_TAX_WMFN,New Zealand,CLO,9.92899
2015,TM_TAX_WMFN,New Zealand,IND,1.79742
2015,TM_TAX_WMFN,New Zealand,OIL,0.0
2015,TM_TAX_WMFN,New Zealand,AGR,2.48794
2016,TM_TAX_WMFN,New Zealand,ALP,2.07785
2016,TM_TAX_WMFN,New Zealand,ARM,0.93629
2016,TM_TAX_WMFN,New Zealand,AGR,2.48728
2016,TM_TAX_WMFN,New Zealand,TEX,4.40344
2016,TM_TAX_WMFN,New Zealand,OIL,0.0
2017,TM_TAX_WMFN,Trkiye,CLO,11.64265
2017,TM_TAX_WMFN,Trkiye,ALP,5.19493
2017,TM_TAX_WMFN,Trkiye,ARM,2.75776
2017,TM_TAX_WMFN,Trkiye,AGR,32.40906
2017,TM_TAX_WMFN,Trkiye,IND,3.09563
2018,TM_TAX_WMFN,Trkiye,ARM,2.75776
2018,TM_TAX_WMFN,Trkiye,ALP,4.66158
2018,TM_TAX_WMFN,Trkiye,CLO,11.64265
2018,TM_TAX_WMFN,Trkiye,TEX,5.14628
2018,TM_TAX_WMFN,Trkiye,IND,3.40635
2018,TM_TAX_WMFN,Trkiye,AGR,18.47965
2016,TM_TAX_WMFN,New Zealand,IND,1.79741
2016,TM_TAX_WMFN,New Zealand,CLO,9.92899
2017,TM_TAX_WMFN,New Zealand,ARM,0.77964
2017,TM_TAX_WMFN,New Zealand,ALP,2.14482
2017,TM_TAX_WMFN,New Zealand,TEX,4.51271
2017,TM_TAX_WMFN,New Zealand,CLO,9.91142
2017,TM_TAX_WMFN,New Zealand,IND,1.88769
2017,TM_TAX_WMFN,New Zealand,OIL,0.0
2017,TM_TAX_WMFN,New Zealand,AGR,2.55865
2018,TM_TAX_WMFN,New Zealand,ARM,0.77964
2018,TM_TAX_WMFN,New Zealand,AGR,2.55865
2019,TM_TAX_WMFN,Trkiye,TEX,5.08767
2019,TM_TAX_WMFN,Trkiye,CLO,11.73282
2019,TM_TAX_WMFN,Trkiye,ARM,2.77621
2019,TM_TAX_WMFN,Trkiye,ALP,4.48664
2019,TM_TAX_WMFN,Trkiye,AGR,20.26008
2019,TM_TAX_WMFN,Trkiye,IND,2.94566
2020,TM_TAX_WMFN,Trkiye,TEX,5.14829
2020,TM_TAX_WMFN,Trkiye,CLO,11.72151
2020,TM_TAX_WMFN,Trkiye,AGR,22.90707
2020,TM_TAX_WMFN,Trkiye,IND,3.06989
2020,TM_TAX_WMFN,Trkiye,ALP,4.79788
2019,TM_TAX_WMFN,Republic of Korea,AGR,79.48457
2019,TM_TAX_WMFN,Republic of Korea,CLO,12.84854
2019,TM_TAX_WMFN,Republic of Korea,OIL,3.0
2019,TM_TAX_WMFN,Republic of Korea,TEX,8.28812
2019,TM_TAX_WMFN,Republic of Korea,ALP,9.03436
2019,TM_TAX_WMFN,Republic of Korea,ARM,4.85201
2019,TM_TAX_WMFN,Republic of Korea,IND,4.79384
2020,TM_TAX_WMFN,Republic of Korea,ALP,9.57365
2020,TM_TAX_WMFN,Republic of Korea,ARM,0.06106
2020,TM_TAX_WMFN,Republic of Korea,TEX,8.35534
2020,TM_TAX_WMFN,Republic of Korea,CLO,12.8321
2020,TM_TAX_WMFN,Trkiye,ARM,2.8302
2021,TM_TAX_WMFN,Trkiye,TEX,5.11286
2021,TM_TAX_WMFN,Trkiye,IND,3.5104
2021,TM_TAX_WMFN,Trkiye,ALP,5.08339
2021,TM_TAX_WMFN,Trkiye,CLO,11.73593
2021,TM_TAX_WMFN,Trkiye,AGR,21.25134
2021,TM_TAX_WMFN,Trkiye,ARM,2.86563
2005,TM_TAX_WMFN,Ukraine,TEX,5.84174
2005,TM_TAX_WMFN,Ukraine,OIL,0.0
2005,TM_TAX_WMFN,Ukraine,AGR,21.04744
2005,TM_TAX_WMFN,Ukraine,ALP,4.98468
2005,TM_TAX_WMFN,Ukraine,IND,4.24223
2005,TM_TAX_WMFN,Ukraine,CLO,12.32764
2010,TM_TAX_WMFN,Ukraine,OIL,0.0
2010,TM_TAX_WMFN,Ukraine,TEX,6.20755
2010,TM_TAX_WMFN,Ukraine,CLO,11.73813
2010,TM_TAX_WMFN,Ukraine,IND,2.45936
2010,TM_TAX_WMFN,Ukraine,ALP,2.93622
2010,TM_TAX_WMFN,Ukraine,AGR,7.77576
2015,TM_TAX_WMFN,Ukraine,AGR,6.06841
2015,TM_TAX_WMFN,Ukraine,CLO,11.59571
2015,TM_TAX_WMFN,Ukraine,ALP,2.86599
2020,TM_TAX_WMFN,Republic of Korea,AGR,73.63328
2020,TM_TAX_WMFN,Republic of Korea,IND,5.25476
2020,TM_TAX_WMFN,Republic of Korea,OIL,3.0
2021,TM_TAX_WMFN,Republic of Korea,AGR,89.08777
2021,TM_TAX_WMFN,Republic of Korea,CLO,12.84128
2021,TM_TAX_WMFN,Republic of Korea,TEX,7.77291
2021,TM_TAX_WMFN,Republic of Korea,ARM,0.37009
2021,TM_TAX_WMFN,Republic of Korea,ALP,8.56438
2021,TM_TAX_WMFN,Republic of Korea,OIL,3.0
2021,TM_TAX_WMFN,Republic of Korea,IND,3.32573
2005,TM_TAX_WMFN,Kyrgyzstan,TEX,8.15473
2015,TM_TAX_WMFN,Ukraine,TEX,4.49232
2015,TM_TAX_WMFN,Ukraine,OIL,0.0
2015,TM_TAX_WMFN,Ukraine,IND,2.34657
2016,TM_TAX_WMFN,Ukraine,TEX,4.05367
2016,TM_TAX_WMFN,Ukraine,OIL,0.0
2016,TM_TAX_WMFN,Ukraine,ALP,2.66308
2016,TM_TAX_WMFN,Ukraine,CLO,11.56544
2016,TM_TAX_WMFN,Ukraine,AGR,5.83661
2016,TM_TAX_WMFN,Ukraine,IND,2.2163
2017,TM_TAX_WMFN,Ukraine,AGR,6.17988
2017,TM_TAX_WMFN,Ukraine,CLO,11.59708
2005,TM_TAX_WMFN,Kyrgyzstan,IND,7.20565
2005,TM_TAX_WMFN,Kyrgyzstan,OIL,10.0
2005,TM_TAX_WMFN,Kyrgyzstan,CLO,12.04747
2005,TM_TAX_WMFN,Kyrgyzstan,AGR,19.05737
2005,TM_TAX_WMFN,Kyrgyzstan,ALP,9.36501
2010,TM_TAX_WMFN,Kyrgyzstan,CLO,11.69231
2010,TM_TAX_WMFN,Kyrgyzstan,ALP,9.29377
2010,TM_TAX_WMFN,Kyrgyzstan,AGR,18.31843
2010,TM_TAX_WMFN,Kyrgyzstan,OIL,5.0
2010,TM_TAX_WMFN,Kyrgyzstan,IND,7.16532
2010,TM_TAX_WMFN,Kyrgyzstan,TEX,10.03391
2018,TM_TAX_WMFN,New Zealand,OIL,0.0
2018,TM_TAX_WMFN,New Zealand,IND,1.88769
2018,TM_TAX_WMFN,New Zealand,CLO,9.91142
2018,TM_TAX_WMFN,New Zealand,TEX,4.51271
2018,TM_TAX_WMFN,New Zealand,ALP,2.14482
2019,TM_TAX_WMFN,New Zealand,ALP,2.30172
2019,TM_TAX_WMFN,New Zealand,TEX,4.56408
2019,TM_TAX_WMFN,New Zealand,CLO,9.90667
2019,TM_TAX_WMFN,New Zealand,OIL,0.0
2019,TM_TAX_WMFN,New Zealand,IND,2.13982
2019,TM_TAX_WMFN,New Zealand,AGR,2.41468
2015,TM_TAX_WMFN,Kyrgyzstan,TEX,10.07755
2015,TM_TAX_WMFN,Kyrgyzstan,IND,3.98281
2015,TM_TAX_WMFN,Kyrgyzstan,AGR,13.54774
2015,TM_TAX_WMFN,Kyrgyzstan,CLO,39.65925
2015,TM_TAX_WMFN,Kyrgyzstan,ALP,7.00597
2016,TM_TAX_WMFN,Kyrgyzstan,IND,2.71252
2016,TM_TAX_WMFN,Kyrgyzstan,TEX,8.34025
2016,TM_TAX_WMFN,Kyrgyzstan,OIL,0.0
2016,TM_TAX_WMFN,Kyrgyzstan,ALP,4.34747
2016,TM_TAX_WMFN,Kyrgyzstan,CLO,8.70497
2016,TM_TAX_WMFN,Kyrgyzstan,AGR,10.42076
2016,TM_TAX_WMFN,Kyrgyzstan,ARM,0.07424
2017,TM_TAX_WMFN,Kyrgyzstan,OIL,0.0
2017,TM_TAX_WMFN,Kyrgyzstan,TEX,7.03623
2017,TM_TAX_WMFN,Kyrgyzstan,IND,2.60567
2017,TM_TAX_WMFN,Kyrgyzstan,AGR,2.32078
2017,TM_TAX_WMFN,Kyrgyzstan,CLO,9.51824
2017,TM_TAX_WMFN,Kyrgyzstan,ALP,3.42317
2018,TM_TAX_WMFN,Kyrgyzstan,ALP,3.90676
2018,TM_TAX_WMFN,Kyrgyzstan,CLO,19.52073
2018,TM_TAX_WMFN,Kyrgyzstan,AGR,2.59266
2018,TM_TAX_WMFN,Kyrgyzstan,OIL,0.0
2019,TM_TAX_WMFN,New Zealand,ARM,0.66848
2020,TM_TAX_WMFN,New Zealand,AGR,2.54587
2020,TM_TAX_WMFN,New Zealand,ARM,2.08751
2020,TM_TAX_WMFN,New Zealand,IND,1.85781
2020,TM_TAX_WMFN,New Zealand,OIL,0.0
2020,TM_TAX_WMFN,New Zealand,CLO,9.90428
2020,TM_TAX_WMFN,New Zealand,TEX,4.63941
2020,TM_TAX_WMFN,New Zealand,ALP,2.16995
2021,TM_TAX_WMFN,New Zealand,ALP,2.286
2021,TM_TAX_WMFN,New Zealand,TEX,4.66833
2021,TM_TAX_WMFN,New Zealand,CLO,9.90492
2018,TM_TAX_WMFN,Kyrgyzstan,IND,2.40551
2018,TM_TAX_WMFN,Kyrgyzstan,TEX,7.16388
2019,TM_TAX_WMFN,Kyrgyzstan,OIL,4.33267
2019,TM_TAX_WMFN,Kyrgyzstan,TEX,7.25969
2019,TM_TAX_WMFN,Kyrgyzstan,IND,2.18685
2019,TM_TAX_WMFN,Kyrgyzstan,CLO,17.38958
2019,TM_TAX_WMFN,Kyrgyzstan,AGR,5.1159
2019,TM_TAX_WMFN,Kyrgyzstan,ALP,3.61648
2020,TM_TAX_WMFN,Kyrgyzstan,ALP,3.3141
2020,TM_TAX_WMFN,Kyrgyzstan,AGR,5.09314
2020,TM_TAX_WMFN,Kyrgyzstan,CLO,16.43315
2021,TM_TAX_WMFN,New Zealand,OIL,0.0
2021,TM_TAX_WMFN,New Zealand,IND,2.02878
2021,TM_TAX_WMFN,New Zealand,ARM,0.63683
2021,TM_TAX_WMFN,New Zealand,AGR,2.53609
2005,TM_TAX_WMFN,Norway,CLO,10.39961
2005,TM_TAX_WMFN,Norway,ARM,0.0
2005,TM_TAX_WMFN,Norway,ALP,1.93149
2005,TM_TAX_WMFN,Norway,TEX,1.81736
2005,TM_TAX_WMFN,Norway,OIL,0.0
2005,TM_TAX_WMFN,Norway,AGR,23.08633
2005,TM_TAX_WMFN,Norway,IND,0.17365
2010,TM_TAX_WMFN,Norway,CLO,9.8253
2010,TM_TAX_WMFN,Norway,AGR,48.68589
2010,TM_TAX_WMFN,Norway,OIL,0.0
2010,TM_TAX_WMFN,Norway,IND,0.20689
2010,TM_TAX_WMFN,Norway,TEX,1.75823
2010,TM_TAX_WMFN,Norway,ALP,4.07356
2010,TM_TAX_WMFN,Norway,ARM,0.0
2015,TM_TAX_WMFN,Norway,ALP,3.5648
2015,TM_TAX_WMFN,Norway,TEX,1.38862
2015,TM_TAX_WMFN,Norway,OIL,0.0
2015,TM_TAX_WMFN,Norway,AGR,34.83929
2015,TM_TAX_WMFN,Norway,ARM,0.0
2015,TM_TAX_WMFN,Norway,IND,0.18744
2015,TM_TAX_WMFN,Norway,CLO,9.55029
2016,TM_TAX_WMFN,Norway,CLO,9.55029
2016,TM_TAX_WMFN,Norway,ARM,0.0
2016,TM_TAX_WMFN,Norway,IND,0.12191
2016,TM_TAX_WMFN,Norway,AGR,30.05998
2016,TM_TAX_WMFN,Norway,OIL,0.0
2016,TM_TAX_WMFN,Norway,TEX,1.38862
2016,TM_TAX_WMFN,Norway,ALP,3.08346
2017,TM_TAX_WMFN,Norway,ALP,2.83249
2017,TM_TAX_WMFN,Norway,TEX,1.30991
2017,TM_TAX_WMFN,Norway,OIL,0.0
2017,TM_TAX_WMFN,Norway,AGR,28.2235
2017,TM_TAX_WMFN,Norway,IND,0.08527
2017,TM_TAX_WMFN,Norway,CLO,9.61424
2017,TM_TAX_WMFN,Norway,ARM,0.0
2018,TM_TAX_WMFN,Norway,OIL,0.0
2018,TM_TAX_WMFN,Norway,IND,0.0922
2018,TM_TAX_WMFN,Norway,AGR,36.40224
2018,TM_TAX_WMFN,Norway,TEX,1.30991
2018,TM_TAX_WMFN,Norway,ALP,3.53757
2018,TM_TAX_WMFN,Norway,CLO,9.61424
2018,TM_TAX_WMFN,Norway,ARM,0.0
2019,TM_TAX_WMFN,Norway,CLO,9.6261
2019,TM_TAX_WMFN,Norway,ALP,2.27274
2019,TM_TAX_WMFN,Norway,AGR,25.59705
2019,TM_TAX_WMFN,Norway,TEX,1.26001
2019,TM_TAX_WMFN,Norway,IND,0.10844
2019,TM_TAX_WMFN,Norway,OIL,0.0
2019,TM_TAX_WMFN,Norway,ARM,0.0
2020,TM_TAX_WMFN,Norway,IND,0.12256
2020,TM_TAX_WMFN,Norway,OIL,0.0
2020,TM_TAX_WMFN,Norway,TEX,1.11324
2020,TM_TAX_WMFN,Norway,AGR,21.82512
2020,TM_TAX_WMFN,Norway,ALP,2.30102
2020,TM_TAX_WMFN,Norway,ARM,0.0
2020,TM_TAX_WMFN,Norway,CLO,9.67756
2021,TM_TAX_WMFN,Norway,ALP,2.71629
2021,TM_TAX_WMFN,Norway,AGR,26.20219
2021,TM_TAX_WMFN,Norway,OIL,0.0
2021,TM_TAX_WMFN,Norway,TEX,1.16746
2021,TM_TAX_WMFN,Norway,IND,0.11486
2021,TM_TAX_WMFN,Norway,CLO,9.64217
2017,TM_TAX_WMFN,Ukraine,ALP,2.94192
2017,TM_TAX_WMFN,Ukraine,TEX,4.47793
2017,TM_TAX_WMFN,Ukraine,OIL,0.0
2017,TM_TAX_WMFN,Ukraine,IND,2.55651
2018,TM_TAX_WMFN,Ukraine,ALP,2.93488
2018,TM_TAX_WMFN,Ukraine,AGR,6.14864
2018,TM_TAX_WMFN,Ukraine,IND,2.55129
2018,TM_TAX_WMFN,Ukraine,TEX,4.47793
2018,TM_TAX_WMFN,Ukraine,OIL,0.0
2018,TM_TAX_WMFN,Ukraine,CLO,11.59708
2019,TM_TAX_WMFN,Ukraine,AGR,3.36497
2019,TM_TAX_WMFN,Ukraine,TEX,4.86223
2019,TM_TAX_WMFN,Ukraine,ALP,2.3565
2019,TM_TAX_WMFN,Ukraine,CLO,11.70594
2019,TM_TAX_WMFN,Ukraine,OIL,0.0
2019,TM_TAX_WMFN,Ukraine,IND,2.10372
2020,TM_TAX_WMFN,Ukraine,OIL,0.0
2020,TM_TAX_WMFN,Ukraine,IND,3.23961
2020,TM_TAX_WMFN,Ukraine,CLO,11.71432
2020,TM_TAX_WMFN,Ukraine,ALP,3.86612
2020,TM_TAX_WMFN,Ukraine,TEX,5.17102
2020,TM_TAX_WMFN,Ukraine,AGR,7.69893
2021,TM_TAX_WMFN,Ukraine,ALP,3.56223
2021,TM_TAX_WMFN,Ukraine,AGR,6.81755
2021,TM_TAX_WMFN,Ukraine,CLO,11.72099
2021,TM_TAX_WMFN,Ukraine,IND,3.09726
2021,TM_TAX_WMFN,Ukraine,OIL,0.0
2021,TM_TAX_WMFN,Ukraine,TEX,5.29273
2005,TM_TAX_WMFN,North Macedonia,ALP,7.62411
2005,TM_TAX_WMFN,North Macedonia,IND,6.06065
2005,TM_TAX_WMFN,North Macedonia,ARM,25.0
2005,TM_TAX_WMFN,North Macedonia,CLO,29.0
2005,TM_TAX_WMFN,North Macedonia,OIL,0.0
2005,TM_TAX_WMFN,North Macedonia,TEX,9.5824
2005,TM_TAX_WMFN,North Macedonia,AGR,19.03754
2010,TM_TAX_WMFN,North Macedonia,TEX,8.77636
2010,TM_TAX_WMFN,North Macedonia,OIL,6.54886
2010,TM_TAX_WMFN,North Macedonia,CLO,17.5
2010,TM_TAX_WMFN,North Macedonia,IND,5.1585
2010,TM_TAX_WMFN,North Macedonia,ALP,7.17154
2010,TM_TAX_WMFN,North Macedonia,AGR,16.95609
2015,TM_TAX_WMFN,North Macedonia,ALP,7.12634
2015,TM_TAX_WMFN,North Macedonia,AGR,18.35687
2015,TM_TAX_WMFN,North Macedonia,IND,5.21968
2015,TM_TAX_WMFN,North Macedonia,CLO,17.5
2015,TM_TAX_WMFN,North Macedonia,TEX,8.49414
2016,TM_TAX_WMFN,North Macedonia,TEX,8.44009
2016,TM_TAX_WMFN,North Macedonia,CLO,17.5
2016,TM_TAX_WMFN,North Macedonia,AGR,17.97657
2016,TM_TAX_WMFN,North Macedonia,ALP,5.96311
2016,TM_TAX_WMFN,North Macedonia,IND,3.8322
2017,TM_TAX_WMFN,North Macedonia,ALP,5.87052
2017,TM_TAX_WMFN,North Macedonia,AGR,18.62396
2017,TM_TAX_WMFN,North Macedonia,CLO,17.5
2017,TM_TAX_WMFN,North Macedonia,TEX,8.02228
2017,TM_TAX_WMFN,North Macedonia,IND,3.85479
2018,TM_TAX_WMFN,North Macedonia,TEX,8.35506
2018,TM_TAX_WMFN,North Macedonia,CLO,17.5
2018,TM_TAX_WMFN,North Macedonia,AGR,19.78198
2018,TM_TAX_WMFN,North Macedonia,ALP,6.00221
2018,TM_TAX_WMFN,North Macedonia,IND,3.85697
2019,TM_TAX_WMFN,North Macedonia,AGR,20.35934
2019,TM_TAX_WMFN,North Macedonia,ALP,6.6896
2019,TM_TAX_WMFN,North Macedonia,CLO,17.5
2019,TM_TAX_WMFN,North Macedonia,TEX,8.01885
2019,TM_TAX_WMFN,North Macedonia,OIL,6.66667
2019,TM_TAX_WMFN,North Macedonia,IND,4.91095
2020,TM_TAX_WMFN,North Macedonia,ALP,6.08759
2020,TM_TAX_WMFN,North Macedonia,IND,4.05433
2020,TM_TAX_WMFN,North Macedonia,TEX,7.67921
2020,TM_TAX_WMFN,North Macedonia,CLO,17.5
2020,TM_TAX_WMFN,North Macedonia,AGR,20.31891
2021,TM_TAX_WMFN,North Macedonia,AGR,20.30897
2021,TM_TAX_WMFN,North Macedonia,CLO,17.5
2021,TM_TAX_WMFN,North Macedonia,ALP,5.5335
2021,TM_TAX_WMFN,North Macedonia,IND,3.67274
2021,TM_TAX_WMFN,North Macedonia,TEX,7.44556
2021,TM_TAX_WMFN,Uzbekistan,CLO,21.38132
2021,TM_TAX_WMFN,Uzbekistan,IND,6.4496
2021,TM_TAX_WMFN,Uzbekistan,AGR,12.74295
2021,TM_TAX_WMFN,Uzbekistan,OIL,0.0
2021,TM_TAX_WMFN,Uzbekistan,TEX,8.56527
2021,TM_TAX_WMFN,Uzbekistan,ALP,7.30471
2020,TM_TAX_WMFN,Kyrgyzstan,TEX,6.86548
2020,TM_TAX_WMFN,Kyrgyzstan,IND,2.27549
2020,TM_TAX_WMFN,Kyrgyzstan,OIL,0.0
2021,TM_TAX_WMFN,Kyrgyzstan,TEX,5.72383
2021,TM_TAX_WMFN,Kyrgyzstan,AGR,5.37244
2021,TM_TAX_WMFN,Kyrgyzstan,ALP,3.92431
2021,TM_TAX_WMFN,Kyrgyzstan,OIL,0.0
2021,TM_TAX_WMFN,Kyrgyzstan,IND,2.32058
2021,TM_TAX_WMFN,Kyrgyzstan,CLO,16.07052
2021,TM_TAX_WMFN,Norway,ARM,0.0
2021,TM_TAX_WMFN,United Kingdom of Great Britain and Northern Ireland,OIL,0.0
2021,TM_TAX_WMFN,United Kingdom of Great Britain and Northern Ireland,IND,2.04145
2021,TM_TAX_WMFN,United Kingdom of Great Britain and Northern Ireland,CLO,11.73834
2021,TM_TAX_WMFN,United Kingdom of Great Britain and Northern Ireland,ARM,1.9729
2021,TM_TAX_WMFN,United Kingdom of Great Britain and Northern Ireland,AGR,12.10324
2021,TM_TAX_WMFN,United Kingdom of Great Britain and Northern Ireland,ALP,3.40835
2021,TM_TAX_WMFN,United Kingdom of Great Britain and Northern Ireland,TEX,5.95157
2021,TM_TAX_WMFN,United Kingdom of Great Britain and Northern Ireland,TEX,5.95157
